register_id,name,institution_id,institution_name,created,modified,addresses_roadtype_id,addresses_roadtype_name,addresses_road_id,addresses_road_name,addresses_start_street_number,addresses_end_street_number,addresses_neighborhood_id,addresses_neighborhood_name,addresses_district_id,addresses_district_name,addresses_zip_code,addresses_town,addresses_main_address,addresses_type,values_id,values_attribute_id,values_category,values_attribute_name,values_value,values_outstanding,values_description,geo_epgs_25831_x,geo_epgs_25831_y,geo_epgs_4326_lat,geo_epgs_4326_lon,timetable
﻿99400780928,Refugi climàtic,92086015378,Seu del Districte de Sant Martí,2026-05-07T14:04:41.345884+02:00,2026-05-07T14:06:42.207320+02:00,,,350603,Plaça de Valentí Almirall,1,,65,el Clot,10,Sant Martí,08018,Barcelona,True,,732368,100003,Informació d'interès,Web,http://ajuntament.barcelona.cat/santmarti,True,,432466.9569089691,4584469.3650011495,41.40893542278706,2.191994563654206,"<table class=""timetable-table""><tr class=""timetable-header""><th class=""weekdays"">Dies</th><th class=""hours"">Hores</th></tr><tr><td class=""timetable-day"" rowspan=1><div>De dilluns a divendres</div></td><td class=""timetable-hour"" rowspan=1><div>de 08.30&nbsp;h a 14.30&nbsp;h</div></td></tr></table>"
﻿99400780972,Espai amb Jocs d'Aigua,99400605788,Parc Antoni Santiburcio,2026-05-08T11:15:35.909036+02:00,2026-07-20T07:49:48.625134+02:00,,,296202,C Gran de Sant Andreu,484,,60,Sant Andreu,09,Sant Andreu,08030,BARCELONA,True,,732470,100097,Variables,Text per a la web de Refugis Climàtics - detalls,<p>Durant episodis d'altes temperatures els espais exteriors poden no oferir el confort tèrmic necessari</p>,False,,432223.3754814502,4588411.572535434,41.444421063133845,2.188638562006768,"<table class=""timetable-table""><tr class=""timetable-header""><th class=""period"">Període</th><th class=""weekdays"">Dies</th><th class=""hours"">Hores</th><th class=""description"">Observacions</th></tr><tr><td class=""timetable-period current"" rowspan=1><div><p style=""margin:0"">De juny a setembre</p></div></td><td class=""timetable-day"" rowspan=1><div>Tots els dies</div></td><td class=""timetable-hour"" rowspan=1><div>de 10.00&nbsp;h a 20.00&nbsp;h</div></td><td class=""timetable-description"" rowspan=1><div><p style=""margin:0"">Quan s’activa el polsador, la instal·lació fa una seqüencia</p><p style=""margin:0"">de funcionament que dura un temps inferior als 5 minuts</p></div></td></tr></table>"
﻿92086011955,Parc de les Aigües,,,1985-04-01T00:00:00+02:00,2026-02-20T08:04:22.215812+01:00,,,008807,Pl Alfons el Savi,3,,33,el Baix Guinardó,07,Horta-Guinardó,08024,BARCELONA,True,,73870,100003,Informació d'interès,Web,https://link.bcn.cat/cEpdlA,True,,430255.9022747529,4585005.688323276,41.41357708464317,2.1654810232921857,"<table class=""timetable-table""><tr class=""timetable-header""><th class=""period"">Període</th><th class=""weekdays"">Dies</th><th class=""hours"">Hores</th><th class=""description"">Observacions</th></tr><tr><td class=""timetable-period"" rowspan=1><div><p style=""margin:0"">Horari d'hivern</p><p style=""margin:0"">de l'1 de novembre al 31 de març</p></div></td><td class=""timetable-day"" rowspan=2><div>Cada dia</div></td><td class=""timetable-hour"" rowspan=1><div>de 08.30&nbsp;h a 19.00&nbsp;h</div></td><td class=""timetable-description"" rowspan=2><div>Hora de tancament<br>aproximada,en funció de<br> l'horari solar (tanquen<br> quan es fa fosc, al capvespre)</div></td></tr><tr><td class=""timetable-period"" rowspan=1><div><p style=""margin:0"">Horari d'estiu</p><p style=""margin:0"">de l'1 d'abril al 31 d'octubre</p></div></td><td class=""timetable-hour"" rowspan=1><div>de 08.30&nbsp;h a 21.00&nbsp;h</div></td></tr></table>"
﻿92086011957,Parc de la Guineueta,,,1985-04-16T00:00:00+02:00,2026-02-20T08:04:22.133339+01:00,,,186601,Plaça de la República,9,,48,la Guineueta,08,Nou Barris,08016,Barcelona,True,,73866,100003,Informació d'interès,Web,https://link.bcn.cat/cPdlG,True,,431035.69212384324,4587826.426994833,41.43904973751512,2.1744888744706907,"<table class=""timetable-table""><tr class=""timetable-header""><th class=""weekdays"">Dies</th><th class=""hours"">Hores</th></tr><tr><td class=""timetable-day"" rowspan=1><div>Cada dia</div></td><td class=""timetable-hour"" rowspan=1><div>de 10:00 h a 23:00 h</div></td></tr></table>"
﻿92086017160,Parc del Clot,,,1986-11-10T00:00:00+01:00,2026-02-20T08:04:44.325722+01:00,,,113506,Escultors Claperós,55,,65,el Clot,10,Sant Martí,08018,BARCELONA,True,,74305,100003,Informació d'interès,Web,https://link.bcn.cat/cPdC2,True,,432301.05353049666,4584419.492454296,41.40847228003916,2.1900153665666733,
﻿92150113813,Casal de Gent Gran Josep Tarradellas,,,1992-05-29T00:00:00+02:00,2026-07-29T08:51:32.626510+02:00,,,700779,Plaça de les Caramelles,3,,01,el Raval,01,Ciutat Vella,08001,Barcelona,True,,43037,100002,Informació d'interès,E-mail,tarradellas@esport3.org,True,,430362.8289626414,4581495.605584512,41.38197223223625,2.167164016816572,"<table class=""timetable-table""><tr class=""timetable-header""><th class=""weekdays"">Dies</th><th class=""hours"">Hores</th></tr><tr><td class=""timetable-day"" rowspan=1><div>Cada dia</div></td><td class=""timetable-hour"" rowspan=1><div>de 10.00&nbsp;h a 12.30&nbsp;h i <br>de 15.00&nbsp;h a 19.00&nbsp;h</div></td></tr></table>"
﻿99400656486,Espai amb Jocs d'Aigua de Canyelles,,,2020-08-11T17:03:59+02:00,2026-06-01T10:26:03.311923+02:00,,,700815,Carrer de Miguel Hernández,7,7,49,Canyelles,08,Nou Barris,08042,Barcelona,True,,666355,100097,Variables,Text per a la web de Refugis Climàtics - detalls,<p>Durant episodis d'altes temperatures els espais exteriors poden no oferir el confort tèrmic necessari</p>,False,,430053.38129179954,4588194.657663531,41.44228126819664,2.1626890607704716,"<table class=""timetable-table""><tr class=""timetable-header""><th class=""period"">Període</th><th class=""weekdays"">Dies</th><th class=""hours"">Hores</th><th class=""description"">Observacions</th></tr><tr><td class=""timetable-period current"" rowspan=1><div>Del 29 maig al 30 setembre</div></td><td class=""timetable-day"" rowspan=1><div>Tots els dies</div></td><td class=""timetable-hour"" rowspan=1><div>de 10.00&nbsp;h a 20.00&nbsp;h</div></td><td class=""timetable-description"" rowspan=1><div><p style=""margin:0"">Quan s’activa el polsador, la instal·lació fa una seqüencia</p><p style=""margin:0"">de funcionament que dura un temps inferior als 5 minuts</p></div></td></tr></table>"
﻿92086009777,Mercat Vall d'Hebron -Taxonera,,,1985-01-17T00:00:00+01:00,2026-03-30T11:43:49.433372+02:00,,,352507,Pg Vall d'Hebron,130,,38,la Teixonera,07,Horta-Guinardó,08035,BARCELONA,True,,73368,100003,Informació d'interès,Web,http://www.barcelona.cat/mercats,True,,428342.80660247395,4586188.534393698,41.42406217314218,2.142452280248374,"<table class=""timetable-table""><tr class=""timetable-header""><th class=""period"">Període</th><th class=""weekdays"">Dies</th><th class=""hours"">Hores</th></tr><tr><td class=""timetable-period"" rowspan=2><div>De l'1 setembre al 31 juliol</div></td><td class=""timetable-day"" rowspan=1><div>Dilluns, dimarts, dimecres, dijous i dissabte</div></td><td class=""timetable-hour"" rowspan=1><div>de 07.30&nbsp;h a 14.00&nbsp;h</div></td></tr><tr><td class=""timetable-day"" rowspan=1><div>Divendres</div></td><td class=""timetable-hour"" rowspan=1><div>de 08.00&nbsp;h a 20.00&nbsp;h</div></td></tr><tr><td class=""timetable-period"" rowspan=1><div>De l'1 agost al 31 agost</div></td><td class=""timetable-day"" rowspan=1><div>De dilluns a dissabte</div></td><td class=""timetable-hour"" rowspan=1><div>de 07.30&nbsp;h a 14.00&nbsp;h</div></td></tr></table>"
﻿94042144909,Centre de Cultura Contemporània de Barcelona,,,1994-02-11T00:00:00+01:00,2026-09-16T13:02:10.975375+02:00,,,216906,Carrer de Montalegre,5,,01,el Raval,01,Ciutat Vella,08001,Barcelona,True,,44351,100002,Informació d'interès,E-mail,info@cccb.org,True,,430335.5441832022,4581711.515471728,41.38391450226559,2.1668129104163323,"<table class=""timetable-table""><tr class=""timetable-header""><th class=""period"">Període</th><th class=""weekdays"">Dies</th><th class=""hours"">Hores</th><th class=""description"">Observacions</th></tr><tr><td class=""timetable-period"" rowspan=1><div>De l'1 juny al 31 juliol</div></td><td class=""timetable-day"" rowspan=1><div><p style=""margin:0"">De dimarts a diumenge</p></div></td><td class=""timetable-hour"" rowspan=1><div>d'11.00&nbsp;h a 20.00&nbsp;h</div></td><td class=""timetable-description"" rowspan=4><div><p style=""margin:0"">Horaris d'obertura com a refugi climàtic.</p></div></td></tr><tr><td class=""timetable-period"" rowspan=2><div>De l'1 agost al 31 agost</div></td><td class=""timetable-day"" rowspan=1><div>Dimarts, dimecres, dijous i divendres</div></td><td class=""timetable-hour"" rowspan=1><div>d'11.00&nbsp;h a 20.00&nbsp;h</div></td></tr><tr><td class=""timetable-day"" rowspan=1><div>Dissabte i diumenge</div></td><td class=""timetable-hour"" rowspan=1><div>de 09.00&nbsp;h a 21.00&nbsp;h</div></td></tr><tr><td class=""timetable-period"" rowspan=1><div>De l'1 setembre al 30 setembre</div></td><td class=""timetable-day"" rowspan=1><div>Dimarts, dimecres, dijous, divendres, dissabte i diumenge</div></td><td class=""timetable-hour"" rowspan=1><div>de 09.00&nbsp;h a 21.00&nbsp;h</div></td></tr></table>"
﻿92086009784,Mercat Bon Pastor,,,1985-01-17T00:00:00+01:00,2026-07-13T12:28:51.146372+02:00,,,295709,Carrer de Sant Adrià,154,156,59,el Bon Pastor,09,Sant Andreu,08030,Barcelona,True,,73536,100003,Informació d'interès,Web,https://mercatbonpastor.barcelona,True,,433678.051,4587461.15,41.43598240347777,2.20615534901313,"<table class=""timetable-table""><tr class=""timetable-header""><th class=""period"">Període</th><th class=""weekdays"">Dies</th><th class=""hours"">Hores</th></tr><tr><td class=""timetable-period current"" rowspan=3><div>De l'1 setembre al 30 juny</div></td><td class=""timetable-day"" rowspan=1><div>Dilluns, dimarts i dimecres</div></td><td class=""timetable-hour"" rowspan=1><div>de 08.30&nbsp;h a 14.00&nbsp;h</div></td></tr><tr><td class=""timetable-day"" rowspan=1><div>Dijous i divendres</div></td><td class=""timetable-hour"" rowspan=1><div>de 08.30&nbsp;h a 14.00&nbsp;h i <br>de 17.00&nbsp;h a 20.00&nbsp;h</div></td></tr><tr><td class=""timetable-day"" rowspan=1><div>Dissabte</div></td><td class=""timetable-hour"" rowspan=1><div>de 08.30&nbsp;h a 15.00&nbsp;h</div></td></tr><tr><td class=""timetable-period"" rowspan=2><div>De l'1 juliol al 31 agost</div></td><td class=""timetable-day"" rowspan=1><div>De dilluns a divendres</div></td><td class=""timetable-hour"" rowspan=1><div>de 08.30&nbsp;h a 14.00&nbsp;h</div></td></tr><tr><td class=""timetable-day"" rowspan=1><div>Dissabte</div></td><td class=""timetable-hour"" rowspan=1><div>de 08.30&nbsp;h a 15.00&nbsp;h</div></td></tr></table>"
﻿92086009464,Mercat Lesseps,,,1984-12-28T00:00:00+01:00,2026-06-17T09:04:21.623986+02:00,,,356803,Carrer de Verdi,200,,30,la Salut,06,Gràcia,08024,Barcelona,True,,73535,100003,Informació d'interès,Web,http://www.mercatdelesseps.cat,True,,429129.2763178683,4584523.136793965,41.40913237323212,2.1520583716061497,"<table class=""timetable-table""><tr class=""timetable-header""><th class=""period"">Període</th><th class=""weekdays"">Dies</th><th class=""hours"">Hores</th><th class=""description"">Observacions</th></tr><tr><td class=""timetable-period current"" rowspan=4><div>De l'1 setembre al 31 juliol</div></td><td class=""timetable-day"" rowspan=1><div>Dilluns, dimecres i dijous</div></td><td class=""timetable-hour"" rowspan=1><div>de 08.00&nbsp;h a 14.00&nbsp;h</div></td><td class=""timetable-description"" rowspan=5><div>Servei a domicili a les pròpies parades a<br>www.mercatdelesseps.cat</div></td></tr><tr><td class=""timetable-day"" rowspan=1><div>Dimarts</div></td><td class=""timetable-hour"" rowspan=1><div>de 08.00&nbsp;h a 14.00&nbsp;h i <br>de 17.00&nbsp;h a 20.00&nbsp;h</div></td></tr><tr><td class=""timetable-day"" rowspan=1><div>Divendres</div></td><td class=""timetable-hour"" rowspan=1><div>de 08.00&nbsp;h a 20.00&nbsp;h</div></td></tr><tr><td class=""timetable-day"" rowspan=1><div>Dissabte</div></td><td class=""timetable-hour"" rowspan=1><div>de 07.30&nbsp;h a 15.00&nbsp;h</div></td></tr><tr><td class=""timetable-period"" rowspan=1><div>De l'1 agost al 31 agost</div></td><td class=""timetable-day"" rowspan=1><div>De dilluns a dissabte</div></td><td class=""timetable-hour"" rowspan=1><div>de 08.00&nbsp;h a 14.00&nbsp;h</div></td></tr></table>"
﻿99400753482,Espai de Gent Gran Germanetes,,,2025-03-06T07:35:29.351474+01:00,2026-09-01T10:50:59.902231+02:00,,,361406,Carrer de Viladomat,142,142,09,la Nova Esquerra de l'Eixample,02,Eixample,08015,Barcelona,True,,690887,100002,Informació d'interès,E-mail,germanetes@gentgraneixample.cat,False,,429315.759,4581490.995,41.381839397718295,2.154643265529368,"<table class=""timetable-table""><tr class=""timetable-header""><th class=""period"">Període</th><th class=""weekdays"">Dies</th><th class=""hours"">Hores</th></tr><tr><td class=""timetable-period"" rowspan=1><div><p style=""margin:0"">De setembre a juliol</p></div></td><td class=""timetable-day"" rowspan=1><div>De dilluns a divendres</div></td><td class=""timetable-hour"" rowspan=1><div>de 09.15&nbsp;h a 13.15&nbsp;h i <br>de 16.30&nbsp;h a 19.30&nbsp;h</div></td></tr><tr><td class=""timetable-period"" rowspan=1><div><p style=""margin:0"">Agost</p></div></td><td class=""timetable-day"" rowspan=1><div><p style=""margin:0"">Tots el dies</p></div></td><td class=""timetable-hour"" rowspan=1><div><p style=""margin:0"">Tancat</p></div></td></tr></table>"
﻿99400780974,Espai amb Jocs d'Aigua,99400214912,Parc de Joan Reventós,2026-05-08T11:21:31.644001+02:00,2026-08-03T11:36:06.829969+02:00,,,273852,Carrer de Ràfols,10,10,23,Sarrià,05,Sarrià-Sant Gervasi,08034,Barcelona,True,,732480,100097,Variables,Text per a la web de Refugis Climàtics - detalls,<p>Previsió de posada en marxa durant la segona quinzena de juny de 2026</p><p>Durant episodis d'altes temperatures els espais exteriors poden no oferir el confort tèrmic necessari</p>,False,,426161.665,4583723.898,41.401666873802185,2.116653487838351,"<table class=""timetable-table""><tr class=""timetable-header""><th class=""period"">Període</th><th class=""weekdays"">Dies</th><th class=""hours"">Hores</th><th class=""description"">Observacions</th></tr><tr><td class=""timetable-period current"" rowspan=1><div><p style=""margin:0"">De juny a setembre</p></div></td><td class=""timetable-day"" rowspan=1><div>Cada dia</div></td><td class=""timetable-hour"" rowspan=1><div>de 10.00&nbsp;h a 20.00&nbsp;h</div></td><td class=""timetable-description"" rowspan=1><div><p style=""margin:0"">Quan s’activa el polsador, la instal·lació fa una seqüencia</p><p style=""margin:0"">de funcionament que dura un temps inferior als 5 minuts</p></div></td></tr></table>"
﻿92086007784,Centre Cultural La Casa Elizalde,,,1984-06-26T00:00:00+02:00,2026-09-01T07:54:06.248317+02:00,,,350308,Carrer de València,302,,07,la Dreta de l'Eixample,02,Eixample,08009,Barcelona,True,,40458,100002,Informació d'interès,E-mail,casaelizalde@casaelizalde.com,True,,430270.6195702426,4582889.5419638995,41.394518975814755,2.165900883899018,"<table class=""timetable-table""><tr class=""timetable-header""><th class=""period"">Període</th><th class=""weekdays"">Dies</th><th class=""hours"">Hores</th></tr><tr><td class=""timetable-period current"" rowspan=3><div><p style=""margin:0"">De setembre a juliol</p></div></td><td class=""timetable-day"" rowspan=1><div><p style=""margin:0"">De dilluns a divendres </p><p style=""margin:0"">excepte divendres 31 de juliol</p></div></td><td class=""timetable-hour"" rowspan=1><div>de 09.00&nbsp;h a 22.00&nbsp;h</div></td></tr><tr><td class=""timetable-day"" rowspan=1><div><p style=""margin:0"">Divendres 31 de juliol</p></div></td><td class=""timetable-hour"" rowspan=1><div>de 09.00&nbsp;h a 14.00&nbsp;h</div></td></tr><tr><td class=""timetable-day"" rowspan=1><div>Dissabte</div></td><td class=""timetable-hour"" rowspan=1><div>de 09.00&nbsp;h a 14.00&nbsp;h</div></td></tr><tr><td class=""timetable-period"" rowspan=1><div><p style=""margin:0"">Estiu 2026</p><p style=""margin:0"">De l'1 agost al 31 agost</p></div></td><td class=""timetable-day"" rowspan=1><div>Tots els dies</div></td><td class=""timetable-hour"" rowspan=1><div>Tancat</div></td></tr></table>"
﻿99400605048,Centre d'Innovació Urbana Ca l'Alier,,,2018-08-01T14:34:42+02:00,2026-05-28T12:30:23.839066+02:00,,,249304,Carrer de Pere IV,362,362,71,Provençals del Poblenou,10,Sant Martí,08019,Barcelona,True,,668154,100002,Informació d'interès,E-mail,info@bithabitat.barcelona,False,,433428.669,4584565.154,41.40987839330922,2.203489445496658,"<table class=""timetable-table""><tr class=""timetable-header""><th class=""period"">Període</th><th class=""weekdays"">Dies</th><th class=""hours"">Hores</th><th class=""description"">Observacions</th></tr><tr><td class=""timetable-period"" rowspan=1><div><p style=""margin:0"">Agost</p></div></td><td class=""timetable-day"" rowspan=1><div>Cada dia</div></td><td class=""timetable-hour"" rowspan=1><div>de 10.00&nbsp;h a 18.00&nbsp;h</div></td><td class=""timetable-description"" rowspan=1><div><p style=""margin:0"">L'horari correspon al Refugi Climàtic</p></div></td></tr></table>"
﻿99400737907,Refugi Climàtic Pati d'Escola Bressol,92086007099,Escola Bressol Municipal L'Esquirol,2024-06-12T15:21:31.766086+02:00,2026-05-21T11:22:55.809478+02:00,,,228600,Carrer de la Noguera Pallaresa,32,,16,la Bordeta,03,Sants-Montjuïc,08014,Barcelona,True,,610435,100002,Informació d'interès,E-mail,ebmlesquirol@bcn.cat,True,,428027.1248994957,4580426.444531724,41.372137142800845,2.139359752043456,"<table class=""timetable-table""><tr class=""timetable-header""><th class=""period"">Període</th><th class=""weekdays"">Dies</th><th class=""hours"">Hores</th><th class=""prices"">Preus</th></tr><tr><td class=""timetable-period"" rowspan=1><div>De l'1 juny al 12 setembre</div></td><td class=""timetable-day"" rowspan=1><div>Dissabte</div></td><td class=""timetable-hour"" rowspan=1><div>de 10.30&nbsp;h a 13.00&nbsp;h</div></td><td class=""timetable-price"" rowspan=1><div>Entrada Gratuïta</div></td></tr></table>"
﻿99400738061,Refugi Climàtic,92086002924,Parròquia de Santa Agnès,2024-06-17T13:17:09.202787+02:00,2026-01-15T10:36:57.253497+01:00,,,299506,Carrer de Sant Elies,23,,26,Sant Gervasi - Galvany,05,Sarrià-Sant Gervasi,08006,Barcelona,True,,610732,100002,Informació d'interès,E-mail,parroquia@santaagnes.com,True,,428476.08385186526,4583631.688349864,41.40104559920798,2.144349344252954,"<table class=""timetable-table""><tr class=""timetable-header""><th class=""weekdays"">Dies</th><th class=""hours"">Hores</th></tr><tr><td class=""timetable-day"" rowspan=1><div>Cada dia</div></td><td class=""timetable-hour"" rowspan=1><div>de 08.30&nbsp;h a 21.00&nbsp;h</div></td></tr></table>"
﻿99400738073,Refugi Climàtic *Plaça de la Farga,,,2024-06-17T14:37:01.396858+02:00,2025-10-14T10:47:22.189415+02:00,,,119900,Plaça de la Farga,,,16,la Bordeta,03,Sants-Montjuïc,08014,Barcelona,False,,612246,100097,Variables,Text per a la web de Refugis Climàtics - detalls,<p>Durant episodis d'altes temperatures els espais exteriors poden no oferir el confort tèrmic necessari</p>,False,,427970.62499999994,4580465.135416031,41.372480562958756,2.1386796115745117,
﻿92086003372,Piscina Descoberta,92086003375,Centre Esportiu Municipal Can Toda,1987-10-06T00:00:00+01:00,2026-05-29T11:59:53.806071+02:00,,,274200,Carrer d'Ana María Matute Ausejo,25,,30,la Salut,06,Gràcia,08024,Barcelona,True,,39607,100002,Informació d'interès,E-mail,cnc@cncatalunya.cat,True,,429646.9791453448,4585212.054185329,41.415382668167865,2.1581717417338337,"<table class=""timetable-table""><tr class=""timetable-header""><th class=""period"">Període</th><th class=""weekdays"">Dies</th><th class=""hours"">Hores</th><th class=""prices"">Preus</th></tr><tr><td class=""timetable-period current"" rowspan=2><div><p style=""margin:0"">Estiu 2026:</p><p style=""margin:0"">Del 16 maig al 15 octubre</p></div></td><td class=""timetable-day"" rowspan=1><div>De dilluns a dissabte</div></td><td class=""timetable-hour"" rowspan=1><div>de 08.00&nbsp;h a 21.00&nbsp;h</div></td><td class=""timetable-price"" rowspan=2><div><p style=""margin:0"">Preu adult: 15.10 €</p><p style=""margin:0"">Preu infant, gent gran o monoparental: 9.60 €</p><p style=""margin:0""><br></p><p style=""margin:0"">Descomptes per la compra de 2 o més entrades</p><p style=""margin:0"">o venint acompanya d'un soci:</p><p style=""margin:0"">Preu adult: 11.75 €</p><p style=""margin:0"">Preu infant, gent gran o monoparental: 6.75 €</p><p style=""margin:0""><br></p><p style=""margin:0""><br></p><p style=""margin:0""><br></p></div></td></tr><tr><td class=""timetable-day"" rowspan=1><div>Diumenge i festius</div></td><td class=""timetable-hour"" rowspan=1><div>de 08.00&nbsp;h a 15.30&nbsp;h</div></td></tr></table>"
﻿92086003375,Centre Esportiu Municipal Can Toda,,,1989-10-09T00:00:00+01:00,2026-07-29T08:52:53.100465+02:00,,,274200,Carrer d'Ana María Matute Ausejo,25,,30,la Salut,06,Gràcia,08024,Barcelona,True,,39947,100002,Informació d'interès,E-mail,cnc@cncatalunya.cat,True,,429646.9791453448,4585212.054185329,41.415382668167865,2.1581717417338337,"<table class=""timetable-table""><tr class=""timetable-header""><th class=""period"">Període</th><th class=""weekdays"">Dies</th><th class=""hours"">Hores</th></tr><tr><td class=""timetable-period"" rowspan=3><div>de l'1 d'octubre<br>al 31 de maig</div></td><td class=""timetable-day"" rowspan=1><div>De dilluns a divendres</div></td><td class=""timetable-hour"" rowspan=1><div>de 07:00 h a 23:00 h</div></td></tr><tr><td class=""timetable-day"" rowspan=1><div>dissabtes</div></td><td class=""timetable-hour"" rowspan=1><div>de 07.15&nbsp;h a 21.30&nbsp;h</div></td></tr><tr><td class=""timetable-day"" rowspan=1><div>diumenges i festius</div></td><td class=""timetable-hour"" rowspan=1><div>de 07.15&nbsp;h a 15.00&nbsp;h</div></td></tr><tr><td class=""timetable-period"" rowspan=3><div>de l'1 de juny<br>al 30 de setembre</div></td><td class=""timetable-day"" rowspan=1><div>De dilluns a divendres</div></td><td class=""timetable-hour"" rowspan=1><div>de 07:00 h a 23:00 h</div></td></tr><tr><td class=""timetable-day"" rowspan=1><div>dissabtes</div></td><td class=""timetable-hour"" rowspan=1><div>de 07.15&nbsp;h a 21.30&nbsp;h</div></td></tr><tr><td class=""timetable-day"" rowspan=1><div>Diumenge i  festius</div></td><td class=""timetable-hour"" rowspan=1><div>de 07.15&nbsp;h a 16.00&nbsp;h</div></td></tr></table>"
﻿75990229793,Farmàcia Gómez Sancho,,,1996-09-18T00:00:00+02:00,2026-09-28T13:04:14.287624+02:00,,,044709,Passeig de la Bonanova,105,,24,les Tres Torres,05,Sarrià-Sant Gervasi,08017,Barcelona,True,,639782,100003,Informació d'interès,Web,https://www.farmaguia.net/desktop/,False,,426774.644374015,4583671.262599753,41.401248871318465,2.123992254513389,"<table class=""timetable-table""><tr class=""timetable-header""><th class=""weekdays"">Dies</th><th class=""hours"">Hores</th></tr><tr><td class=""timetable-day"" rowspan=1><div>De dilluns a divendres</div></td><td class=""timetable-hour"" rowspan=1><div>de 08.30&nbsp;h a 21.00&nbsp;h</div></td></tr><tr><td class=""timetable-day"" rowspan=1><div>Dissabte</div></td><td class=""timetable-hour"" rowspan=1><div>de 09:00 h a 14:00 h</div></td></tr></table>"
﻿92086029624,Centre Informació,92086029622,Consorci del Parc Natural de la Serra de Collserola,1990-11-22T00:00:00+01:00,2026-03-12T14:08:37.216202+01:00,,,160007,Carretera de l'Església,92,,22,"Vallvidrera, el Tibidabo i les Planes",05,Sarrià-Sant Gervasi,08017,Barcelona,True,,41857,100002,Informació d'interès,E-mail,ci@parccollserola.net,True,,424757.44847770885,4585883.362589489,41.42098586112135,2.0995879296735516,"<table class=""timetable-table""><tr class=""timetable-header""><th class=""weekdays"">Dies</th><th class=""hours"">Hores</th></tr><tr><td class=""timetable-day"" rowspan=1><div><p style=""margin:0"">Tots els dies</p><p style=""margin:0"">Tancat </p><p style=""margin:0"">25 i 26 de desembre </p><p style=""margin:0"">1 i 6 de gener</p><p style=""margin:0"">24 de juny</p></div></td><td class=""timetable-hour"" rowspan=1><div>de 09.30&nbsp;h a 14.30&nbsp;h</div></td></tr></table>"
﻿99400111303,Supermercat Consum *Comte d'Urgell,,,2005-05-23T13:06:55+02:00,2026-06-19T12:34:07.495008+02:00,,,349706,Carrer del Comte d'Urgell,87,87,09,la Nova Esquerra de l'Eixample,02,Eixample,08011,Barcelona,True,,85068,100003,Informació d'interès,Web,http://www.consum.es,True,,429474.552,4581671.698,41.38348086326701,2.156521140095728,
﻿99400111309,Supermercat Consum *Av. Madrid 160,,,2005-05-23T13:28:06+02:00,2026-06-19T12:31:47.635498+02:00,,,187207,Avinguda de Madrid,160,166,18,Sants,03,Sants-Montjuïc,08028,Barcelona,True,,85067,100003,Informació d'interès,Web,http://www.consum.es,True,,427351.45,4581333.881,41.38024936413257,2.1311722659953203,
﻿92346132704,Centre Esportiu Municipal Maresme,,,1992-12-11T00:00:00+01:00,2026-09-01T08:14:19.710919+02:00,,,242906,Carrer de Pallars,484,,70,el Besòs i el Maresme,10,Sant Martí,08019,Barcelona,True,,44043,100002,Informació d'interès,E-mail,info@cemmaresme.com,True,,434352.2805135771,4584891.286258406,41.41289174995191,2.214503855206219,"<table class=""timetable-table""><tr class=""timetable-header""><th class=""weekdays"">Dies</th><th class=""hours"">Hores</th></tr><tr><td class=""timetable-day"" rowspan=1><div>De dilluns a divendres excepte 24 desembre i 31 desembre</div></td><td class=""timetable-hour"" rowspan=1><div>de 07.00&nbsp;h a 23.00&nbsp;h</div></td></tr><tr><td class=""timetable-day"" rowspan=1><div>24 desembre i <br>31 desembre</div></td><td class=""timetable-hour"" rowspan=1><div>de 07.00&nbsp;h a 15.00&nbsp;h</div></td></tr><tr><td class=""timetable-day"" rowspan=1><div>Dissabte</div></td><td class=""timetable-hour"" rowspan=1><div>de 09.00&nbsp;h a 20.00&nbsp;h</div></td></tr><tr><td class=""timetable-day"" rowspan=1><div>Diumenge i  festius excepte 25 desembre i 1 gener</div></td><td class=""timetable-hour"" rowspan=1><div>de 09.00&nbsp;h a 15.00&nbsp;h</div></td></tr></table>"
﻿99400786955,Botiga La Montcadenya,,,2026-08-28T09:57:31.121904+02:00,2026-08-28T09:59:56.260295+02:00,,,194406,Passeig de Maragall,178,180,62,el Congrés i els Indians,09,Sant Andreu,08027,Barcelona,True,,754173,100003,Informació d'interès,Web,https://lamontcadenya.com/,False,,431187.74199999997,4586302.666,41.42533883364209,2.1764822237437027,"<table class=""timetable-table""><tr class=""timetable-header""><th class=""weekdays"">Dies</th><th class=""hours"">Hores</th><th class=""description"">Observacions</th></tr><tr><td class=""timetable-day"" rowspan=1><div>De dilluns a divendres</div></td><td class=""timetable-hour"" rowspan=1><div>de 09.30&nbsp;h a 13.30&nbsp;h i <br>de 17.00&nbsp;h a 20.00&nbsp;h</div></td><td class=""timetable-description"" rowspan=2><div><p style=""margin:0"">Agost tancat</p></div></td></tr><tr><td class=""timetable-day"" rowspan=1><div>Dissabte</div></td><td class=""timetable-hour"" rowspan=1><div>de 09.30&nbsp;h a 13.30&nbsp;h</div></td></tr></table>"
﻿92086004700,Centre Cívic Torre Llobeta,,,1984-05-30T00:00:00+02:00,2026-07-29T08:52:50.286805+02:00,,,315704,Carrer de Santa Fe,2,,44,Vilapicina i la Torre Llobeta,08,Nou Barris,08031,Barcelona,True,,39635,100002,Informació d'interès,E-mail,informacio@cctorrellobeta.cat,True,,430979.19494772446,4586481.486086898,41.42693150965028,2.173966250593847,"<table class=""timetable-table""><tr class=""timetable-header""><th class=""period"">Període</th><th class=""weekdays"">Dies</th><th class=""hours"">Hores</th></tr><tr><td class=""timetable-period"" rowspan=2><div>De l'1 setembre al 31 juliol</div></td><td class=""timetable-day"" rowspan=1><div>De dilluns a divendres</div></td><td class=""timetable-hour"" rowspan=1><div>de 09.30&nbsp;h a 14.30&nbsp;h i <br>de 16.00&nbsp;h a 21.30&nbsp;h</div></td></tr><tr><td class=""timetable-day"" rowspan=1><div><p style=""margin:0"">Dissabte </p><p style=""margin:0"">Tancat 4 d'abril</p></div></td><td class=""timetable-hour"" rowspan=1><div>de 10.00&nbsp;h a 14.00&nbsp;h i <br>de 16.00&nbsp;h a 21.30&nbsp;h</div></td></tr><tr><td class=""timetable-period"" rowspan=1><div>de l'1 d'agost<br>al 31 d'agost</div></td><td class=""timetable-day"" rowspan=1><div>De dilluns a divendres</div></td><td class=""timetable-hour"" rowspan=1><div>de 17.00&nbsp;h a 21.30&nbsp;h</div></td></tr></table>"
﻿99400758810,Equipament Municipal de Plaça Sarrià *Refugi Climàtic,,,2025-06-03T13:10:33.182738+02:00,2025-06-13T08:17:54.188363+02:00,,,106103,Plaça de Sarrià,1,4,23,Sarrià,05,Sarrià-Sant Gervasi,08017,Barcelona,True,,670775,100003,Informació d'interès,Web,http://ajuntament.barcelona.cat/sarria-santgervasi,True,,426616.819,4583535.428,41.400011080793654,2.122120839557872,"<table class=""timetable-table""><tr class=""timetable-header""><th class=""period"">Període</th><th class=""weekdays"">Dies</th><th class=""hours"">Hores</th></tr><tr><td class=""timetable-period"" rowspan=1><div>De l'1 agost al 31 agost</div></td><td class=""timetable-day"" rowspan=1><div>De dilluns a divendres</div></td><td class=""timetable-hour"" rowspan=1><div>de 07.00&nbsp;h a 19.00&nbsp;h</div></td></tr></table>"
﻿92086029922,Parc de Sant Martí,,,1989-04-12T00:00:00+02:00,2026-02-20T08:04:43.779889+01:00,,,208205,C Menorca,64,,72,Sant Martí de Provençals,10,Sant Martí,08020,BARCELONA,True,,75015,100003,Informació d'interès,Web,https://link.bcn.cat/cPdSM,True,,432984.48964060727,4585681.547286327,41.41989650584673,2.198051769477209,
﻿75990225326,Farmàcia Molina,,,1996-09-18T00:00:00+02:00,2026-06-23T11:39:10.550631+02:00,,,295709,Carrer de Sant Adrià,131,,59,el Bon Pastor,09,Sant Andreu,08030,Barcelona,True,,639788,100003,Informació d'interès,Web,https://www.farmaguia.net/desktop/,False,,433628.5390273753,4587505.74363716,41.43637995373981,2.2055578693398603,
﻿75990291699,Farmàcia Miravitlles Gultresa,,,1996-09-18T00:00:00+02:00,2026-09-01T10:29:45.864054+02:00,,,266802,Carrer de Julián Besteiro,3,,72,Sant Martí de Provençals,10,Sant Martí,08020,Barcelona,True,,640192,100003,Informació d'interès,Web,https://www.farmaguia.net/desktop/,False,,433011.1004860244,4585159.877376902,41.41520020031697,2.19842795495577,"<table class=""timetable-table""><tr class=""timetable-header""><th class=""weekdays"">Dies</th><th class=""hours"">Hores</th></tr><tr><td class=""timetable-day"" rowspan=1><div>De dilluns a dissabte</div></td><td class=""timetable-hour"" rowspan=1><div>de 09.00&nbsp;h a 21.00&nbsp;h</div></td></tr></table>"
﻿99400784288,Reclau Projecte i Obra SL,,,2026-07-06T12:52:51.625240+02:00,2026-09-01T10:58:32.695292+02:00,,,282252,Riera Blanca,105,107,17,Sants - Badal,03,Sants-Montjuïc,08028,Barcelona,True,,741800,100002,Informació d'interès,E-mail,info@reclau.com,False,,426968.121,4580441.395,41.37217639737637,2.126695950995689,"<table class=""timetable-table""><tr class=""timetable-header""><th class=""weekdays"">Dies</th><th class=""hours"">Hores</th></tr><tr><td class=""timetable-day"" rowspan=1><div>De dilluns a divendres</div></td><td class=""timetable-hour"" rowspan=1><div>de 10.00&nbsp;h a 14.00&nbsp;h</div></td></tr></table>"
﻿312160804,Federació d'Associacions de Comerciants i Veïns Sant Antoni Comerç,,,2000-11-07T00:00:00+01:00,2026-09-22T08:55:43.775460+02:00,,,192502,Carrer de Manso,36,36,10,Sant Antoni,02,Eixample,08015,Barcelona,True,,33665,100002,Informació d'interès,E-mail,sac@santantonibcn.com,True,,429815.7782291,4580907.451459111,41.37662738396111,2.160690266095823,"<table class=""timetable-table""><tr class=""timetable-header""><th class=""period"">Període</th><th class=""weekdays"">Dies</th><th class=""hours"">Hores</th></tr><tr><td class=""timetable-period current"" rowspan=1><div>De l'1 setembre al 30 juny</div></td><td class=""timetable-day"" rowspan=2><div>De dilluns a divendres</div></td><td class=""timetable-hour"" rowspan=1><div>de 09.00&nbsp;h a 15.00&nbsp;h i <br>de 16.00&nbsp;h a 19.00&nbsp;h</div></td></tr><tr><td class=""timetable-period"" rowspan=1><div>De l'1 juliol al 31 agost</div></td><td class=""timetable-hour"" rowspan=1><div>de 09.00&nbsp;h a 16.00&nbsp;h</div></td></tr></table>"
﻿99400695979,Espai amb Jocs d'Aigua,99400323039,Parc de les Rieres d'Horta,2022-08-03T09:01:40.434071+02:00,2026-09-17T13:00:05.491554+02:00,,,700651,Avinguda de l'Estatut de Catalunya,2,14,43,Horta,07,Horta-Guinardó,08032,Barcelona,True,,666354,100097,Variables,Text per a la web de Refugis Climàtics - detalls,<p>Durant episodis d'altes temperatures els espais exteriors poden no oferir el confort tèrmic necessari</p>,False,,429431.73492431664,4586948.019924789,41.43099893516216,2.155393862299644,"<table class=""timetable-table""><tr class=""timetable-header""><th class=""period"">Període</th><th class=""weekdays"">Dies</th><th class=""hours"">Hores</th><th class=""description"">Observacions</th></tr><tr><td class=""timetable-period current"" rowspan=1><div>Del 29 maig al 30 setembre</div></td><td class=""timetable-day"" rowspan=1><div>Tots els dies</div></td><td class=""timetable-hour"" rowspan=1><div>de 10.00&nbsp;h a 20.00&nbsp;h</div></td><td class=""timetable-description"" rowspan=1><div><p style=""margin:0"">Quan s’activa el polsador, la instal·lació fa una seqüencia</p><p style=""margin:0"">de funcionament que dura un temps inferior als 5 minuts</p></div></td></tr></table>"
﻿99400783482,Supermercat Consum *Av. Madrid 46,,,2026-06-19T12:09:44.456249+02:00,2026-06-19T12:30:14.749808+02:00,,,187207,Avinguda de Madrid,46,48,17,Sants - Badal,03,Sants-Montjuïc,08028,Barcelona,True,,739317,100003,Informació d'interès,Web,https://www.consum.es/va/,False,,426887.869,4581007.722,41.37726979206078,2.1256681126354016,
﻿99400783487,Supermercat Consum *av. Meridiana,,,2026-06-19T12:22:47.984864+02:00,2026-06-19T12:23:38.405017+02:00,,,209900,Avinguda Meridiana,260,260,63,Navas,09,Sant Andreu,08027,Barcelona,True,,739322,100003,Informació d'interès,Web,https://www.consum.es/va/,False,,432079.63300000003,4585630.668,41.41936227332991,2.1872304587707325,
﻿92086011931,Jardins de Vil·la Amèlia,,,1985-04-01T00:00:00+02:00,2026-08-28T10:02:04.547977+02:00,,,107300,Carrer d'Eduardo Conde,22,,23,Sarrià,05,Sarrià-Sant Gervasi,08034,Barcelona,True,,74056,100003,Informació d'interès,Web,https://link.bcn.cat/cJdlVA,True,,426531.9039098267,4582858.46247544,41.39390619967619,2.1211872573336934,"<table class=""timetable-table""><tr class=""timetable-header""><th class=""weekdays"">Dies</th><th class=""hours"">Hores</th></tr><tr><td class=""timetable-day"" rowspan=1><div>Cada dia</div></td><td class=""timetable-hour"" rowspan=1><div><p style=""margin:0"">De 8.00 hores fins al capvespre</p></div></td></tr></table>"
﻿92086014771,Torre Jussana - Centre de Serveis a les Associacions,,,1987-09-28T00:00:00+01:00,2026-09-23T14:17:40.710693+02:00,,,700827,Avinguda del Cardenal Vidal i Barraquer,30,,42,la Clota,07,Horta-Guinardó,08035,Barcelona,True,,41187,100002,Informació d'interès,E-mail,tjussana@bcn.cat,True,,429089.4952233808,4586806.246531563,41.42969190027591,2.15131477992075,"<table class=""timetable-table""><tr class=""timetable-header""><th class=""period"">Període</th><th class=""weekdays"">Dies</th><th class=""hours"">Hores</th><th class=""description"">Observacions</th></tr><tr><td class=""timetable-period"" rowspan=2><div>De l'1 setembre al 31 juliol</div></td><td class=""timetable-day"" rowspan=1><div>De dilluns a dijous</div></td><td class=""timetable-hour"" rowspan=1><div>de 10.00&nbsp;h a 14.00&nbsp;h i <br>de 16.00&nbsp;h a 20.00&nbsp;h</div></td><td class=""timetable-description"" rowspan=3><div><p style=""margin:0""><span style=""color: rgb(73, 65, 63);"">&nbsp;Els assessoraments i serveis es realitzaran amb cita prèvia</span></p></div></td></tr><tr><td class=""timetable-day"" rowspan=1><div>Divendres</div></td><td class=""timetable-hour"" rowspan=1><div>de 10.00&nbsp;h a 18.00&nbsp;h</div></td></tr><tr><td class=""timetable-period"" rowspan=1><div>De l'1 agost al 31 agost</div></td><td class=""timetable-day"" rowspan=1><div>Tots els dies tancat</div></td><td class=""timetable-hour"" rowspan=1><div><p style=""margin:0"">Tancat</p></div></td></tr></table>"
﻿99400715967,Jardí del Passeig Santa Madrona,,,2023-06-26T12:22:59.235222+02:00,2026-02-20T08:04:45.844647+01:00,,,316809,Passeig de Santa Madrona,2,2,11,el Poble-sec,03,Sants-Montjuïc,08038,Barcelona,True,,669304,100097,Variables,Text per a la web de Refugis Climàtics - detalls,<p> Durant episodis d'altes temperatures els espais exteriors poden no oferir el confort tèrmic necessari</p>,False,,429620.39781186567,4579899.504672268,41.36753206409717,2.158471027260515,
﻿92086019686,Biblioteca,92086019684,Escola d'Enginyeria de Barcelona Est - UPC,1990-01-24T00:00:00+01:00,2026-09-01T09:06:31.682934+02:00,,,701559,Av Eduard Maristany,16,,70,el Besòs i el Maresme,10,Sant Martí,08019,BARCELONA,True,,41624,100002,Informació d'interès,E-mail,biblioteca.eebe@upc.edu,True,,434982.80739594856,4584858.970695247,41.412651947747435,2.2220511148010376,"<table class=""timetable-table""><tr class=""timetable-header""><th class=""period"">Període</th><th class=""weekdays"">Dies</th><th class=""hours"">Hores</th></tr><tr><td class=""timetable-period current"" rowspan=1><div><p style=""margin:0"">Horari al llarg de l'any</p></div></td><td class=""timetable-day"" rowspan=1><div>De dilluns a divendres</div></td><td class=""timetable-hour"" rowspan=1><div>de 08.30&nbsp;h a 20.30&nbsp;h</div></td></tr><tr><td class=""timetable-period"" rowspan=1><div><p style=""margin:0"">Estiu 2026</p><p style=""margin:0"">Del 26 juny al 31 juliol</p></div></td><td class=""timetable-day"" rowspan=1><div>De dilluns a divendres excepte 31 juliol</div></td><td class=""timetable-hour"" rowspan=1><div>de 08.30&nbsp;h a 14.00&nbsp;h</div></td></tr><tr><td class=""timetable-period"" rowspan=1><div>De l'1 agost al 31 agost</div></td><td class=""timetable-day"" rowspan=1><div>Tots els dies tancat</div></td><td class=""timetable-hour"" rowspan=1><div><p style=""margin:0"">Tancada</p></div></td></tr><tr><td class=""timetable-period"" rowspan=1><div>De l'1 setembre al 4 setembre</div></td><td class=""timetable-day"" rowspan=1><div>De dilluns a divendres</div></td><td class=""timetable-hour"" rowspan=1><div>de 08.30&nbsp;h a 14.00&nbsp;h</div></td></tr></table>"
﻿99400442237,Escola Kids & Us *Sant Andreu,,,2016-04-13T11:21:25+02:00,2026-08-31T12:12:29.394153+02:00,,,235605,C Ignasi Iglésias,85,,60,Sant Andreu,09,Sant Andreu,08030,BARCELONA,True,,58473,100002,Informació d'interès,E-mail,santandreu@kidsandus.cat,True,,432023.17866158567,4587233.036975291,41.43378949137462,2.1863748048154035,"<table class=""timetable-table""><tr class=""timetable-header""><th class=""weekdays"">Dies</th><th class=""hours"">Hores</th></tr><tr><td class=""timetable-day"" rowspan=1><div>De dilluns a dijous</div></td><td class=""timetable-hour"" rowspan=1><div>de 10.00&nbsp;h a 14.00&nbsp;h i <br>de 16.00&nbsp;h a 20.00&nbsp;h</div></td></tr><tr><td class=""timetable-day"" rowspan=1><div>Divendres</div></td><td class=""timetable-hour"" rowspan=1><div>de 10.00&nbsp;h a 14.00&nbsp;h i <br>de 16.00&nbsp;h a 19.00&nbsp;h</div></td></tr></table>"
﻿94125141220,Piscina Esportiva Coberta,92168175397,Centre Esportiu Municipal Piscines Bernat Picornell,1994-05-05T00:00:00+02:00,2026-07-27T12:14:15.537497+02:00,,,116402,Avinguda de l'Estadi,30,38,11,el Poble-sec,03,Sants-Montjuïc,08038,Barcelona,True,,77857,100003,Informació d'interès,Web,https://picornell.forus.es/ca/,True,,428962.879,4579768.026,41.36629012228984,2.1506253005136693,"<table class=""timetable-table""><tr class=""timetable-header""><th class=""period"">Període</th><th class=""weekdays"">Dies</th><th class=""hours"">Hores</th></tr><tr><td class=""timetable-period"" rowspan=3><div>De l'1 octubre al 30 juny</div></td><td class=""timetable-day"" rowspan=1><div>De dilluns a divendres</div></td><td class=""timetable-hour"" rowspan=1><div>de 06.45&nbsp;h a 00.00&nbsp;h</div></td></tr><tr><td class=""timetable-day"" rowspan=1><div>Dissabte</div></td><td class=""timetable-hour"" rowspan=1><div>de 08.00&nbsp;h a 21.00&nbsp;h</div></td></tr><tr><td class=""timetable-day"" rowspan=1><div>Diumenge i festius</div></td><td class=""timetable-hour"" rowspan=1><div>de 07.30&nbsp;h a 16.00&nbsp;h</div></td></tr><tr><td class=""timetable-period"" rowspan=3><div>De l'1 juliol al 30 setembre</div></td><td class=""timetable-day"" rowspan=1><div>De dilluns a divendres</div></td><td class=""timetable-hour"" rowspan=1><div>de 06.45&nbsp;h a 00.00&nbsp;h</div></td></tr><tr><td class=""timetable-day"" rowspan=1><div>Dissabte</div></td><td class=""timetable-hour"" rowspan=1><div>de 08.00&nbsp;h a 21.00&nbsp;h</div></td></tr><tr><td class=""timetable-day"" rowspan=1><div>Diumenge i festius</div></td><td class=""timetable-hour"" rowspan=1><div>de 07.30&nbsp;h a 19.30&nbsp;h</div></td></tr></table>"
﻿99400456205,Ecos Grup Cooperatiu *Tancat per obres,,,2016-08-01T12:16:07+02:00,2026-05-11T15:01:13.118696+02:00,,,071600,Carrer de Casp,43,43,07,la Dreta de l'Eixample,02,Eixample,08010,Barcelona,True,,606811,100002,Informació d'interès,E-mail,gestio@grupecos.coop,False,,430949.445,4582604.521,41.39201045387201,2.1740526407985583,"<table class=""timetable-table""><tr class=""timetable-header""><th class=""period"">Període</th><th class=""weekdays"">Dies</th><th class=""hours"">Hores</th></tr><tr><td class=""timetable-period"" rowspan=1><div>De l'1 setembre al 31 juliol</div></td><td class=""timetable-day"" rowspan=2><div>De dilluns a divendres</div></td><td class=""timetable-hour"" rowspan=1><div>de 08.00&nbsp;h a 20.00&nbsp;h</div></td></tr><tr><td class=""timetable-period"" rowspan=1><div>De l'1 agost al 31 agost</div></td><td class=""timetable-hour"" rowspan=1><div>de 09.00&nbsp;h a 15.00&nbsp;h</div></td></tr></table>"
﻿99400659129,Llibreria Cafè Byron,,,2020-10-21T09:15:18+02:00,2026-09-17T11:53:28.045029+02:00,,,070607,Carrer de Casanova,32,,10,Sant Antoni,02,Eixample,08011,Barcelona,True,,63530,100002,Informació d'interès,E-mail,info@llibreriabyron.com,True,,429899.4134329655,4581664.050844794,41.383449119887274,2.1616028109073935,"<table class=""timetable-table""><tr class=""timetable-header""><th class=""weekdays"">Dies</th><th class=""hours"">Hores</th></tr><tr><td class=""timetable-day"" rowspan=1><div><p style=""margin:0"">De dimarts a dissabte</p></div></td><td class=""timetable-hour"" rowspan=1><div>de 10.00&nbsp;h a 14.00&nbsp;h i <br>de 16.30&nbsp;h a 20.30&nbsp;h</div></td></tr></table>"
﻿99400780967,Espai  amb Jocs d'Aigua a la Plaça de Joan Pelegrí,,,2026-05-08T11:06:47.041830+02:00,2026-07-06T08:51:06.792790+02:00,,,701704,Plaça de Joan Pelegrí,1,1,15,Hostafrancs,03,Sants-Montjuïc,08014,Barcelona,True,,732464,100097,Variables,Text per a la web de Refugis Climàtics - detalls,<p>Previsió de posada en marxa durant la segona quinzena de juny de 2026</p><p>Durant episodis d'altes temperatures els espais exteriors poden no oferir el confort tèrmic necessari</p>,False,,428303.265,4580860.169,41.37606819016447,2.1426101393082546,"<table class=""timetable-table""><tr class=""timetable-header""><th class=""period"">Període</th><th class=""weekdays"">Dies</th><th class=""hours"">Hores</th><th class=""description"">Observacions</th></tr><tr><td class=""timetable-period current"" rowspan=1><div><p style=""margin:0"">De juny a setembre</p></div></td><td class=""timetable-day"" rowspan=1><div>Tots els dies</div></td><td class=""timetable-hour"" rowspan=1><div>de 10.00&nbsp;h a 20.00&nbsp;h</div></td><td class=""timetable-description"" rowspan=1><div><p style=""margin:0"">Quan s’activa el polsador, la instal·lació fa una seqüencia</p><p style=""margin:0"">de funcionament que dura un temps inferior als 5 minuts</p></div></td></tr></table>"
﻿99400780968,Espai amb Jocs d'Aigua a l'Avinguda Mistral,,,2026-05-08T11:09:18.246554+02:00,2026-07-10T11:45:39.592667+02:00,,,213908,Avinguda de Mistral,41,43,10,Sant Antoni,02,Eixample,08015,Barcelona,True,,732465,100097,Variables,Text per a la web de Refugis Climàtics - detalls,<p>Previsió de posada en marxa durant la segona quinzena de juny de 2026</p><p>Durant episodis d'altes temperatures els espais exteriors poden no oferir el confort tèrmic necessari</p>,False,,429464.25800000003,4580891.839,41.37645603241722,2.156488805529893,"<table class=""timetable-table""><tr class=""timetable-header""><th class=""period"">Període</th><th class=""weekdays"">Dies</th><th class=""hours"">Hores</th><th class=""description"">Observacions</th></tr><tr><td class=""timetable-period current"" rowspan=1><div><p style=""margin:0"">De juny a setembre</p></div></td><td class=""timetable-day"" rowspan=1><div>Tots els dies</div></td><td class=""timetable-hour"" rowspan=1><div>de 10.00&nbsp;h a 20.00&nbsp;h</div></td><td class=""timetable-description"" rowspan=1><div><p style=""margin:0"">Quan s’activa el polsador, la instal·lació fa una seqüencia</p><p style=""margin:0"">de funcionament que dura un temps inferior als 5 minuts</p></div></td></tr></table>"
﻿99400757466,Espai amb Jocs d'Aigua,99099132610,Jardins Sant Joan de Déu,2025-05-08T12:04:16.863511+02:00,2026-06-01T10:30:49.472383+02:00,,,089605,Carrer de Constança,18,18,19,les Corts,04,Les Corts,08029,Barcelona,True,,666068,100097,Variables,Text per a la web de Refugis Climàtics - detalls,<p>Durant episodis d'altes temperatures els espais exteriors poden no oferir el confort tèrmic necessari</p>,False,,427808.83587661874,4582376.475966564,41.38968077805853,2.1365174682159362,"<table class=""timetable-table""><tr class=""timetable-header""><th class=""period"">Període</th><th class=""weekdays"">Dies</th><th class=""hours"">Hores</th><th class=""description"">Observacions</th></tr><tr><td class=""timetable-period current"" rowspan=1><div>Del 29 maig al 30 setembre</div></td><td class=""timetable-day"" rowspan=1><div>Tots els dies</div></td><td class=""timetable-hour"" rowspan=1><div>de 10.00&nbsp;h a 20.00&nbsp;h</div></td><td class=""timetable-description"" rowspan=1><div><p style=""margin:0"">Quan s’activa el polsador, la instal·lació fa una seqüencia</p><p style=""margin:0"">de funcionament que dura un temps inferior als 5 minuts</p></div></td></tr></table>"
﻿99400110350,Centre Esportiu Municipal Artesania,,,2005-05-09T14:44:26+02:00,2026-06-16T12:43:17.081143+02:00,,,026605,Carrer de l'Artesania,63,,49,Canyelles,08,Nou Barris,08042,Barcelona,True,,50275,100002,Informació d'interès,E-mail,atencioclients.artesania@eurofitness.com,True,,430773.74155271717,4588375.927589197,41.44397632951782,2.1712906441052957,"<table class=""timetable-table""><tr class=""timetable-header""><th class=""weekdays"">Dies</th><th class=""hours"">Hores</th><th class=""description"">Observacions</th></tr><tr><td class=""timetable-day"" rowspan=1><div>De dilluns a divendres</div></td><td class=""timetable-hour"" rowspan=1><div>de 07:00 h a 22:00 h</div></td><td class=""timetable-description"" rowspan=2><div><p style=""margin:0"">Festius tancat</p></div></td></tr><tr><td class=""timetable-day"" rowspan=1><div>Dissabte i diumenge</div></td><td class=""timetable-hour"" rowspan=1><div>de 09:00 h a 13:30 h</div></td></tr></table>"
﻿99400110352,Piscines Cobertes,99400110350,Centre Esportiu Municipal Artesania,2005-05-09T14:54:00+02:00,2026-07-27T12:13:03.943540+02:00,,,026605,C Artesania,63,,49,Canyelles,08,Nou Barris,08042,BARCELONA,True,,212187,20001,Telèfons,Tel.,933500172,True,,430773.74155271717,4588375.927589197,41.44397632951782,2.1712906441052957,"<table class=""timetable-table""><tr class=""timetable-header""><th class=""weekdays"">Dies</th><th class=""hours"">Hores</th></tr><tr><td class=""timetable-day"" rowspan=1><div>de dilluns a divendres</div></td><td class=""timetable-hour"" rowspan=1><div>de 07.00&nbsp;h a 22.00&nbsp;h</div></td></tr><tr><td class=""timetable-day"" rowspan=1><div>Dissabte i diumenge</div></td><td class=""timetable-hour"" rowspan=1><div>de 09.00&nbsp;h a 13.30&nbsp;h</div></td></tr></table>"
﻿99400090807,Fundació Privada Festa Major de Gràcia,,,2004-06-18T13:43:05+02:00,2026-04-24T08:47:07.119118+02:00,,,109600,Carrer de l'Alzina,7,9,31,la Vila de Gràcia,06,Gràcia,08024,Barcelona,True,,49850,100002,Informació d'interès,E-mail,info@festamajordegracia.cat,True,,429511.096,4584181.296,41.40608711698794,2.1566660407066065,"<table class=""timetable-table""><tr class=""timetable-header""><th class=""period"">Període</th><th class=""weekdays"">Dies</th><th class=""hours"">Hores</th><th class=""description"">Observacions</th></tr><tr><td class=""timetable-period"" rowspan=1><div>De l'1 juny al 31 juliol</div></td><td class=""timetable-day"" rowspan=1><div>De dilluns a divendres</div></td><td class=""timetable-hour"" rowspan=1><div>de 16.30&nbsp;h a 20.30&nbsp;h</div></td><td class=""timetable-description"" rowspan=2><div><p style=""margin:0"">Els horaris corresponen als</p><p style=""margin:0"">d'obertura com a refugi climàtic</p></div></td></tr><tr><td class=""timetable-period"" rowspan=1><div>De l'1 agost al 22 agost</div></td><td class=""timetable-day"" rowspan=1><div>Cada dia</div></td><td class=""timetable-hour"" rowspan=1><div>de 10.00&nbsp;h a 21.00&nbsp;h</div></td></tr></table>"
﻿99400737876,Refugi Climàtic Pati d'Escola Bressol,92168165855,Escola Bressol Municipal Pau,2024-06-12T10:39:10.309919+02:00,2026-08-31T09:24:21.638794+02:00,,,223504,C Muntadas,1,,18,Sants,03,Sants-Montjuïc,08014,BARCELONA,True,,610351,100002,Informació d'interès,E-mail,ebmpau@bcn.cat,True,,428149.1015865408,4581019.594767327,41.377490329618915,2.1407478666950324,"<table class=""timetable-table""><tr class=""timetable-header""><th class=""period"">Període</th><th class=""weekdays"">Dies</th><th class=""hours"">Hores</th><th class=""prices"">Preus</th></tr><tr><td class=""timetable-period"" rowspan=1><div>De l'1 juny al 31 juliol</div></td><td class=""timetable-day"" rowspan=2><div>Dissabte</div></td><td class=""timetable-hour"" rowspan=2><div>de 10.30&nbsp;h a 13.00&nbsp;h</div></td><td class=""timetable-price"" rowspan=2><div>Entrada Gratuïta</div></td></tr><tr><td class=""timetable-period"" rowspan=1><div>De l'1 setembre al 12 setembre</div></td></tr></table>"
﻿99400737886,Refugi Climàtic Pati d'Escola Bressol,92086007107,Escola Bressol Municipal Ralet,2024-06-12T11:17:47.868286+02:00,2026-05-11T14:59:10.507654+02:00,,,168304,Carrer de Joaquim Valls,10,,52,la Prosperitat,08,Nou Barris,08016,Barcelona,True,,610376,100002,Informació d'interès,E-mail,ebmralet@bcn.cat,True,,431744.82716527424,4588208.894413243,41.442555073166815,2.1829332651530327,"<table class=""timetable-table""><tr class=""timetable-header""><th class=""period"">Període</th><th class=""weekdays"">Dies</th><th class=""hours"">Hores</th><th class=""prices"">Preus</th></tr><tr><td class=""timetable-period"" rowspan=1><div><p style=""margin:0"">De juny fins al 12 de setembre</p></div></td><td class=""timetable-day"" rowspan=1><div>Dissabte</div></td><td class=""timetable-hour"" rowspan=1><div>de 10.30&nbsp;h a 13.00&nbsp;h</div></td><td class=""timetable-price"" rowspan=1><div>Entrada Gratuïta</div></td></tr></table>"
﻿99400267330,Centre Comercial Arenas de Barcelona,,,2011-03-25T11:12:32+01:00,2026-07-02T13:14:18.704119+02:00,,,169409,G.V. Corts Catalanes,373,,09,la Nova Esquerra de l'Eixample,02,Eixample,08015,BARCELONA,True,,55066,100002,Informació d'interès,E-mail,arenas.informacion@arenasdebarcelona.com,True,,428919.128134815,4580850.788577912,41.376038338441205,2.1499752959539173,"<table class=""timetable-table""><tr class=""timetable-header""><th class=""period"">Període</th><th class=""weekdays"">Dies</th><th class=""hours"">Hores</th></tr><tr><td class=""timetable-period"" rowspan=1><div>de l'1 d'octubre<br>al 31 de maig</div></td><td class=""timetable-day"" rowspan=2><div>Cada dia</div></td><td class=""timetable-hour"" rowspan=1><div>de 09:00 h a 21:00 h</div></td></tr><tr><td class=""timetable-period"" rowspan=1><div>de l'1 de juny<br>al 30 de setembre</div></td><td class=""timetable-hour"" rowspan=1><div>de 10:00 h a 22:00 h</div></td></tr></table>"
﻿99400740126,Espai  amb Jocs d'Aigua a la Plaça de la Lluita per les Llibertats,,,2024-07-23T12:12:31.690237+02:00,2026-06-01T10:27:25.371575+02:00,,,701957,Plaça de la Lluita per les Llibertats,1,1,59,el Bon Pastor,09,Sant Andreu,08030,Barcelona,True,,666352,100097,Variables,Text per a la web de Refugis Climàtics - detalls,<p>Durant episodis d'altes temperatures els espais exteriors poden no oferir el confort tèrmic necessari</p>,False,,433766.9583333334,4587674.04166921,41.43790719041893,2.2071960988021035,"<table class=""timetable-table""><tr class=""timetable-header""><th class=""period"">Període</th><th class=""weekdays"">Dies</th><th class=""hours"">Hores</th><th class=""description"">Observacions</th></tr><tr><td class=""timetable-period current"" rowspan=1><div>Del 29 maig al 30 setembre</div></td><td class=""timetable-day"" rowspan=1><div>Tots els dies</div></td><td class=""timetable-hour"" rowspan=1><div>de 10.00&nbsp;h a 20.00&nbsp;h</div></td><td class=""timetable-description"" rowspan=1><div><p style=""margin:0"">Quan s’activa el polsador, la instal·lació fa una seqüencia</p><p style=""margin:0"">de funcionament que dura un temps inferior als 5 minuts</p></div></td></tr></table>"
﻿99400748805,Farmàcia Plaja Baño,,,2024-12-04T10:31:02.025417+01:00,2026-05-08T14:27:47.419805+02:00,,,153205,Rambla de Guipúscoa,174,176,73,la Verneda i la Pau,10,Sant Martí,08020,Barcelona,True,,642381,100003,Informació d'interès,Web,https://www.farmaguia.net/desktop/,False,,433860.784,4586198.003,41.42462068542681,2.2084805878890306,
﻿99400738971,Refugi climàtic,99400720604,Seu del Districte de L'Eixample,2024-07-04T15:56:03.068593+02:00,2026-07-21T14:35:55.494718+02:00,,,018505,Carrer d'Aragó,311,311,07,la Dreta de l'Eixample,02,Eixample,08009,Barcelona,True,,613324,100003,Informació d'interès,Web,https://ajuntament.barcelona.cat/eixample/ca,True,,430497.994,4582968.887,41.39525329288888,2.168611342930838,"<table class=""timetable-table""><tr class=""timetable-header""><th class=""weekdays"">Dies</th><th class=""hours"">Hores</th></tr><tr><td class=""timetable-day"" rowspan=1><div>De dilluns a divendres</div></td><td class=""timetable-hour"" rowspan=1><div>de 07.30&nbsp;h a 20.00&nbsp;h</div></td></tr></table>"
﻿99400757464,Espai amb Jocs d'Aigua,99400625003,Parc de les Glòries,2025-05-08T11:59:05.870980+02:00,2026-06-01T10:34:12.923996+02:00,,,146902,Plaça de les Glòries Catalanes,1,1,05,el Fort Pienc,02,Eixample,08013,Barcelona,True,,666065,100097,Variables,Text per a la web de Refugis Climàtics - detalls,<p>Durant episodis d'altes temperatures els espais exteriors poden no oferir el confort tèrmic necessari</p>,False,,432099.00759464473,4583935.2927161865,41.404094198873196,2.1876525423826076,"<table class=""timetable-table""><tr class=""timetable-header""><th class=""period"">Període</th><th class=""weekdays"">Dies</th><th class=""hours"">Hores</th><th class=""description"">Observacions</th></tr><tr><td class=""timetable-period current"" rowspan=1><div>Del 29 maig al 30 setembre</div></td><td class=""timetable-day"" rowspan=1><div>Tots els dies</div></td><td class=""timetable-hour"" rowspan=1><div>de 10.00&nbsp;h a 20.00&nbsp;h</div></td><td class=""timetable-description"" rowspan=1><div><p style=""margin:0"">Quan s’activa el polsador, la instal·lació fa una seqüencia</p><p style=""margin:0"">de funcionament que dura un temps inferior als 5 minuts</p></div></td></tr></table>"
﻿92086004979,Centre Cívic Baró de Viver,,,1988-03-04T00:00:00+01:00,2026-07-29T08:52:47.335628+02:00,,,273003,Carrer de Quito,8,10,58,Baró de Viver,09,Sant Andreu,08030,Barcelona,True,,39634,100002,Informació d'interès,E-mail,ccbaroviver@bcn.cat,True,,433198.615,4588610.205,41.4462918208594,2.200290194498161,"<table class=""timetable-table""><tr class=""timetable-header""><th class=""weekdays"">Dies</th><th class=""hours"">Hores</th></tr><tr><td class=""timetable-day"" rowspan=1><div>De dilluns a divendres</div></td><td class=""timetable-hour"" rowspan=1><div>de 10.00&nbsp;h a 14.30&nbsp;h i <br>de 16.00&nbsp;h a 21.30&nbsp;h</div></td></tr><tr><td class=""timetable-day"" rowspan=1><div>Dissabte</div></td><td class=""timetable-hour"" rowspan=1><div>de 10.00&nbsp;h a 14.00&nbsp;h i <br>de 16.00&nbsp;h a 20.00&nbsp;h</div></td></tr></table>"
﻿92127125234,Centre Cívic El Coll - La Bruguera,,,1992-05-06T00:00:00+02:00,2026-09-01T09:18:11.340702+02:00,,,007804,Carrer de l'Aldea,15,,29,el Coll,06,Gràcia,08023,Barcelona,True,,43063,100002,Informació d'interès,E-mail,ccelcoll@ccelcoll.org,True,,428960.4827350506,4585576.701487252,41.41860650477411,2.149915320833742,"<table class=""timetable-table""><tr class=""timetable-header""><th class=""period"">Període</th><th class=""weekdays"">Dies</th><th class=""hours"">Hores</th></tr><tr><td class=""timetable-period current"" rowspan=3><div>De l'1 setembre al 31 juliol</div></td><td class=""timetable-day"" rowspan=1><div>De dilluns a divendres</div></td><td class=""timetable-hour"" rowspan=1><div>de 10:00 h a 14:00 h i<BR>de 16:00 h a 21:00 h</div></td></tr><tr><td class=""timetable-day"" rowspan=1><div>Dissabte</div></td><td class=""timetable-hour"" rowspan=1><div>de 10.00&nbsp;h a 14.00&nbsp;h i <br>de 17.00&nbsp;h a 21.00&nbsp;h</div></td></tr><tr><td class=""timetable-day"" rowspan=1><div>Diumenge</div></td><td class=""timetable-hour"" rowspan=1><div>de 17.00&nbsp;h a 21.00&nbsp;h</div></td></tr><tr><td class=""timetable-period"" rowspan=1><div><p style=""margin:0"">Estiu 2026:</p><p style=""margin:0"">De l'1 agost al 31 agost</p></div></td><td class=""timetable-day"" rowspan=1><div>Tots els dies</div></td><td class=""timetable-hour"" rowspan=1><div>Tancat</div></td></tr></table>"
﻿92184122533,Espai de Gent Gran Maria Aurèlia Capmany,,,1992-07-02T00:00:00+02:00,2026-09-01T08:17:37.094864+02:00,,,110304,Carrer d'Enric Granados,47,47,08,l'Antiga Esquerra de l'Eixample,02,Eixample,08008,Barcelona,True,,43950,100002,Informació d'interès,E-mail,mac@gentgraneixample.cat,True,,429681.366,4582424.607,41.390280161381845,2.158906971228832,"<table class=""timetable-table""><tr class=""timetable-header""><th class=""period"">Període</th><th class=""weekdays"">Dies</th><th class=""hours"">Hores</th></tr><tr><td class=""timetable-period"" rowspan=2><div><p style=""margin:0"">De setembre a juliol</p></div></td><td class=""timetable-day"" rowspan=1><div><p style=""margin:0"">De dilluns a divendres</p><p style=""margin:0"">excepte divendres 31 de juliol</p></div></td><td class=""timetable-hour"" rowspan=1><div>de 09.15&nbsp;h a 13.30&nbsp;h i <br>de 16.30&nbsp;h a 19.30&nbsp;h</div></td></tr><tr><td class=""timetable-day"" rowspan=1><div><p style=""margin:0"">Divendres 31 de juliol</p></div></td><td class=""timetable-hour"" rowspan=1><div>de 09.15&nbsp;h a 13.30&nbsp;h</div></td></tr><tr><td class=""timetable-period"" rowspan=1><div><p style=""margin:0"">Agost</p></div></td><td class=""timetable-day"" rowspan=1><div>Tots els dies tancat</div></td><td class=""timetable-hour"" rowspan=1><div><p style=""margin:0"">Tancat</p></div></td></tr></table>"
﻿99400766080,Botiga Abans Morta que Senzilla,,,2025-10-27T10:48:14.455686+01:00,2026-08-31T10:28:37.822591+02:00,,,296202,Carrer Gran de Sant Andreu,259,259,60,Sant Andreu,09,Sant Andreu,08030,Barcelona,True,,693594,100008,Informació d'interès,Instagram,https://www.instagram.com/abansmortaksenzillabotiga/?igsh=MW9mcmN4ODJ3eXJndw%3D%3D#,False,,432295.967,4587420.813,41.43550376837996,2.1896185009565423,"<table class=""timetable-table""><tr class=""timetable-header""><th class=""weekdays"">Dies</th><th class=""hours"">Hores</th></tr><tr><td class=""timetable-day"" rowspan=1><div>De dilluns a dissabte</div></td><td class=""timetable-hour"" rowspan=1><div>de 10.00&nbsp;h a 14.00&nbsp;h i <br>de 17.00&nbsp;h a 20.30&nbsp;h</div></td></tr></table>"
﻿99400766082,Merceria Perelló,,,2025-10-27T10:53:54.126754+01:00,2026-08-31T10:29:14.752700+02:00,,,296202,Carrer Gran de Sant Andreu,261,261,60,Sant Andreu,09,Sant Andreu,08030,Barcelona,True,,693597,100003,Informació d'interès,Web,https://www.merceriaperello.com/,False,,432295.958,4587425.812,41.43554879187805,2.1896178331947835,"<table class=""timetable-table""><tr class=""timetable-header""><th class=""weekdays"">Dies</th><th class=""hours"">Hores</th></tr><tr><td class=""timetable-day"" rowspan=1><div>De dilluns a divendres</div></td><td class=""timetable-hour"" rowspan=1><div>de 09.15&nbsp;h a 13.15&nbsp;h i <br>de 17.00&nbsp;h a 20.00&nbsp;h</div></td></tr><tr><td class=""timetable-day"" rowspan=1><div>Dissabte</div></td><td class=""timetable-hour"" rowspan=1><div>de 10.00&nbsp;h a 13.00&nbsp;h</div></td></tr></table>"
﻿92168152807,Centre Esportiu Municipal Claror,,,1988-03-25T00:00:00+01:00,2026-07-29T08:51:31.401533+02:00,,,076807,C Sardenya,333,,32,el Camp d'en Grassot i Gràcia Nova,06,Gràcia,08025,BARCELONA,True,,43420,100002,Informació d'interès,E-mail,esportiuclaror@claror.cat,True,,430751.8846627029,4584010.071133216,41.404652795196284,2.1715290067400095,"<table class=""timetable-table""><tr class=""timetable-header""><th class=""period"">Període</th><th class=""weekdays"">Dies</th><th class=""hours"">Hores</th></tr><tr><td class=""timetable-period"" rowspan=3><div>De l'1 setembre al 30 juny</div></td><td class=""timetable-day"" rowspan=1><div>De dilluns a divendres</div></td><td class=""timetable-hour"" rowspan=1><div>de 07.00&nbsp;h a 23.00&nbsp;h</div></td></tr><tr><td class=""timetable-day"" rowspan=1><div>Dissabte</div></td><td class=""timetable-hour"" rowspan=1><div>de 08.30&nbsp;h a 20.30&nbsp;h</div></td></tr><tr><td class=""timetable-day"" rowspan=1><div>Diumenge i  festius</div></td><td class=""timetable-hour"" rowspan=1><div>de 09.00&nbsp;h a 15.30&nbsp;h</div></td></tr><tr><td class=""timetable-period"" rowspan=3><div>De l'1 juliol al 31 juliol</div></td><td class=""timetable-day"" rowspan=1><div>De dilluns a divendres</div></td><td class=""timetable-hour"" rowspan=1><div>de 07.00&nbsp;h a 23.00&nbsp;h</div></td></tr><tr><td class=""timetable-day"" rowspan=1><div>Dissabte</div></td><td class=""timetable-hour"" rowspan=1><div>de 08.30&nbsp;h a 15.00&nbsp;h i <br>de 17.00&nbsp;h a 20.30&nbsp;h</div></td></tr><tr><td class=""timetable-day"" rowspan=1><div>Diumenge</div></td><td class=""timetable-hour"" rowspan=1><div>de 09.00&nbsp;h a 15.30&nbsp;h</div></td></tr><tr><td class=""timetable-period"" rowspan=2><div>De l'1 agost al 31 agost</div></td><td class=""timetable-day"" rowspan=1><div>De dilluns a divendres</div></td><td class=""timetable-hour"" rowspan=1><div>de 07.00&nbsp;h a 23.00&nbsp;h</div></td></tr><tr><td class=""timetable-day"" rowspan=1><div>Dissabte</div></td><td class=""timetable-hour"" rowspan=1><div>de 09.00&nbsp;h a 15.00&nbsp;h</div></td></tr></table>"
﻿99400766063,Cafè - Llibreria Ulises,,,2025-10-27T10:07:06.397756+01:00,2026-09-10T12:11:56.073126+02:00,,,238308,Carrer del Pacífic,34,34,61,la Sagrera,09,Sant Andreu,08027,Barcelona,True,,693558,100002,Informació d'interès,E-mail,cafebreriaulises@gmail.com,False,,432232.069,4586377.573,41.4261022722314,2.188970707626296,"<table class=""timetable-table""><tr class=""timetable-header""><th class=""weekdays"">Dies</th><th class=""hours"">Hores</th></tr><tr><td class=""timetable-day"" rowspan=1><div>De dilluns a dissabte</div></td><td class=""timetable-hour"" rowspan=1><div>de 10.00&nbsp;h a 14.00&nbsp;h i <br>de 16.00&nbsp;h a 20.00&nbsp;h</div></td></tr></table>"
﻿99400664990,Clínica Dental Sant Jordi,,,2021-03-09T12:02:37.963549+01:00,2026-09-09T14:10:23.131250+02:00,,,161407,Carrer de la Indústria,298,300,64,el Camp de l'Arpa del Clot,10,Sant Martí,08026,Barcelona,True,,395602,100003,Informació d'interès,Web,https://dental-santjordi.com/,False,,431583.47655194,4585131.302220181,41.41482256070048,2.18135025979764,
﻿99400771109,Llibreria Nausicaä Còmics,,,2026-01-08T09:55:13.372549+01:00,2026-09-17T11:54:12.104066+02:00,,,068900,Carrer de Cartagena,312,312,06,la Sagrada Família,02,Eixample,08025,Barcelona,True,,706022,100008,Informació d'interès,Instagram,https://www.instagram.com/nausicaacomics/,False,,431074.213,4584664.301,41.410572924225434,2.175310384052964,"<table class=""timetable-table""><tr class=""timetable-header""><th class=""period"">Període</th><th class=""weekdays"">Dies</th><th class=""hours"">Hores</th></tr><tr><td class=""timetable-period current"" rowspan=2><div><p style=""margin:0"">De setembre a juliol</p></div></td><td class=""timetable-day"" rowspan=1><div>Dilluns</div></td><td class=""timetable-hour"" rowspan=1><div>de 16.30&nbsp;h a 20.30&nbsp;h</div></td></tr><tr><td class=""timetable-day"" rowspan=1><div><p style=""margin:0"">De dimarts a dissabte</p></div></td><td class=""timetable-hour"" rowspan=1><div>de 10.30&nbsp;h a 13.30&nbsp;h i <br>de 16.30&nbsp;h a 20.30&nbsp;h</div></td></tr><tr><td class=""timetable-period"" rowspan=1><div><p style=""margin:0"">Agost</p></div></td><td class=""timetable-day"" rowspan=1><div><p style=""margin:0"">Tots els dies</p></div></td><td class=""timetable-hour"" rowspan=1><div><p style=""margin:0"">Tancada</p></div></td></tr></table>"
﻿99400737609,Refugi climàtic,99400673213,Centre d'Atenció Integral (CAI) de la Marina,2024-06-07T11:40:49.339073+02:00,2026-08-28T10:07:13.009776+02:00,,,135203,Carrer del Foc,97,97,13,la Marina de Port,03,Sants-Montjuïc,08038,Barcelona,True,,754175,100002,Informació d'interès,E-mail,cailamarina@bcn.cat,False,,428341.915,4578848.826,41.35795616248951,2.143309958342342,"<table class=""timetable-table""><tr class=""timetable-header""><th class=""period"">Període</th><th class=""weekdays"">Dies</th><th class=""hours"">Hores</th></tr><tr><td class=""timetable-period"" rowspan=3><div>De l'1 juny al 31 juliol</div></td><td class=""timetable-day"" rowspan=1><div>Dilluns, dimecres i divendres</div></td><td class=""timetable-hour"" rowspan=1><div>de 08.30&nbsp;h a 19.30&nbsp;h</div></td></tr><tr><td class=""timetable-day"" rowspan=1><div>Dimarts i dijous</div></td><td class=""timetable-hour"" rowspan=1><div>de 08.30&nbsp;h a 13.30&nbsp;h i <br>de 15.00&nbsp;h a 19.30&nbsp;h</div></td></tr><tr><td class=""timetable-day"" rowspan=1><div>Dissabte</div></td><td class=""timetable-hour"" rowspan=1><div>de 09.00&nbsp;h a 13.30&nbsp;h</div></td></tr><tr><td class=""timetable-period"" rowspan=1><div>De l'1 agost al 31 agost</div></td><td class=""timetable-day"" rowspan=1><div>De dilluns a divendres</div></td><td class=""timetable-hour"" rowspan=1><div>de 08.30&nbsp;h a 14.30&nbsp;h</div></td></tr><tr><td class=""timetable-period"" rowspan=3><div>De l'1 setembre al 30 setembre</div></td><td class=""timetable-day"" rowspan=1><div>Dilluns, Dimecres i Divendres</div></td><td class=""timetable-hour"" rowspan=1><div>de 08.30&nbsp;h a 19.30&nbsp;h</div></td></tr><tr><td class=""timetable-day"" rowspan=1><div>Dimarts i dijous</div></td><td class=""timetable-hour"" rowspan=1><div>de 08.30&nbsp;h a 13.30&nbsp;h i <br>de 15.00&nbsp;h a 19.30&nbsp;h</div></td></tr><tr><td class=""timetable-day"" rowspan=1><div>Dissabte</div></td><td class=""timetable-hour"" rowspan=1><div>de 09.30&nbsp;h a 13.30&nbsp;h</div></td></tr></table>"
﻿92086011148,Casal de Gent Gran Casa Nostra,,,1985-02-21T00:00:00+01:00,2026-07-27T13:32:50.852542+02:00,,,190100,Carrer de la Maladeta,38,40,45,Porta,08,Nou Barris,08016,Barcelona,True,,40931,100002,Informació d'interès,E-mail,infocasanostra@esport3.org,True,,431167.26,4587125.888,41.432751537134976,2.1761433938558596,"<table class=""timetable-table""><tr class=""timetable-header""><th class=""period"">Període</th><th class=""weekdays"">Dies</th><th class=""hours"">Hores</th></tr><tr><td class=""timetable-period"" rowspan=1><div><p style=""margin:0"">De setembre a juliol</p></div></td><td class=""timetable-day"" rowspan=1><div>De dilluns a divendres</div></td><td class=""timetable-hour"" rowspan=1><div>de 09.30&nbsp;h a 14.00&nbsp;h i <br>de 16.00&nbsp;h a 20.00&nbsp;h</div></td></tr><tr><td class=""timetable-period"" rowspan=1><div><p style=""margin:0"">Agost</p></div></td><td class=""timetable-day"" rowspan=1><div>De dilluns a divendres</div></td><td class=""timetable-hour"" rowspan=1><div>de 16.00&nbsp;h a 19.30&nbsp;h</div></td></tr></table>"
﻿99400649393,Casa Cupra Raval,,,2020-03-02T17:04:26+01:00,2026-09-08T13:43:03.029269+02:00,,,148307,Passeig de Gràcia,109,111,31,la Vila de Gràcia,06,Gràcia,08008,Barcelona,True,,119962,100003,Informació d'interès,Web,http://casa.seat,True,,429672.034,4583143.897,41.3967577377418,2.1587118322314436,"<table class=""timetable-table""><tr class=""timetable-header""><th class=""weekdays"">Dies</th><th class=""hours"">Hores</th></tr><tr><td class=""timetable-day"" rowspan=1><div>De dilluns a dissabte</div></td><td class=""timetable-hour"" rowspan=1><div>de 09.00&nbsp;h a 20.30&nbsp;h</div></td></tr></table>"
﻿99400787907,Botiga Can Lecomte Formatges i vins,,,2026-09-22T09:11:18.220583+02:00,2026-09-22T09:13:33.902161+02:00,,,192502,Carrer de Manso,60,60,10,Sant Antoni,02,Eixample,08015,Barcelona,True,,,,,,,,,429918.954,4581006.858,41.37753169909872,2.161912490341216,"<table class=""timetable-table""><tr class=""timetable-header""><th class=""weekdays"">Dies</th><th class=""hours"">Hores</th></tr><tr><td class=""timetable-day"" rowspan=1><div>De dilluns a divendres</div></td><td class=""timetable-hour"" rowspan=1><div>de 10.00&nbsp;h a 14.00&nbsp;h i <br>de 17.30&nbsp;h a 20.30&nbsp;h</div></td></tr><tr><td class=""timetable-day"" rowspan=1><div>Dissabte</div></td><td class=""timetable-hour"" rowspan=1><div>de 10.00&nbsp;h a 20.30&nbsp;h</div></td></tr></table>"
﻿99400781000,Refugi Climàtic Pati d'Escola Bressol,99400024812,Escola Bressol Municipal Gràcia,2026-05-08T13:45:19.966844+02:00,2026-08-31T09:29:10.834025+02:00,,,189905,C Maignon,2,,28,Vallcarca i els Penitents,06,Gràcia,08023,BARCELONA,True,,732533,100002,Informació d'interès,E-mail,ebmgracia@bcn.cat,True,,428950.58707440563,4584424.125721917,41.40822484478245,2.1499322720519034,"<table class=""timetable-table""><tr class=""timetable-header""><th class=""period"">Període</th><th class=""weekdays"">Dies</th><th class=""hours"">Hores</th></tr><tr><td class=""timetable-period"" rowspan=1><div>De l'1 juny al 31 juliol</div></td><td class=""timetable-day"" rowspan=1><div>Dissabte</div></td><td class=""timetable-hour"" rowspan=1><div>de 10.30&nbsp;h a 13.00&nbsp;h</div></td></tr><tr><td class=""timetable-period"" rowspan=1><div>De l'1 agost al 31 agost</div></td><td class=""timetable-day"" rowspan=1><div><p style=""margin:0"">Tots els dies</p></div></td><td class=""timetable-hour"" rowspan=1><div><p style=""margin:0"">Tancat</p></div></td></tr><tr><td class=""timetable-period"" rowspan=1><div>De l'1 setembre al 12 setembre</div></td><td class=""timetable-day"" rowspan=1><div>Dissabte</div></td><td class=""timetable-hour"" rowspan=1><div>de 10.30&nbsp;h a 13.00&nbsp;h</div></td></tr></table>"
﻿99400766164,Quiromassatge Pardos,,,2025-10-27T17:19:06.162529+01:00,2026-08-31T12:10:46.271129+02:00,,,091403,Carrer de Coroleu,6,6,60,Sant Andreu,09,Sant Andreu,08030,Barcelona,True,,693769,100003,Informació d'interès,Web,https://www.quiromassatgepardos.es/,False,,432205.627,4587122.409,41.43280852575008,2.1885707559482332,"<table class=""timetable-table""><tr class=""timetable-header""><th class=""weekdays"">Dies</th><th class=""hours"">Hores</th></tr><tr><td class=""timetable-day"" rowspan=1><div>De dilluns a dijous</div></td><td class=""timetable-hour"" rowspan=1><div>de 10.00&nbsp;h a 20.30&nbsp;h</div></td></tr><tr><td class=""timetable-day"" rowspan=1><div>Divendres</div></td><td class=""timetable-hour"" rowspan=1><div>de 10.00&nbsp;h a 19.00&nbsp;h</div></td></tr></table>"
﻿92086026114,Casal Cívic i Comunitari Barcelona - Guineueta,,,1988-03-15T00:00:00+01:00,2026-09-01T09:57:49.769419+02:00,,,153001,Carrer de la Guineueta,19,,48,la Guineueta,08,Nou Barris,08042,Barcelona,True,,567768,100002,Informació d'interès,E-mail,barcelonaguineueta.casal@gencat.cat,False,,430373.88651455427,4587976.7083954895,41.44034614709153,2.1665504640758444,"<table class=""timetable-table""><tr class=""timetable-header""><th class=""period"">Període</th><th class=""weekdays"">Dies</th><th class=""hours"">Hores</th></tr><tr><td class=""timetable-period"" rowspan=2><div>De l'1 setembre al 31 juliol</div></td><td class=""timetable-day"" rowspan=1><div>De dilluns a divendres</div></td><td class=""timetable-hour"" rowspan=1><div>de 09.00&nbsp;h a 14.00&nbsp;h i <br>de 15.00&nbsp;h a 21.00&nbsp;h</div></td></tr><tr><td class=""timetable-day"" rowspan=1><div>Diumenge</div></td><td class=""timetable-hour"" rowspan=1><div>de 10.00&nbsp;h a 13.30&nbsp;h i <br>de 15.30&nbsp;h a 21.00&nbsp;h</div></td></tr><tr><td class=""timetable-period"" rowspan=1><div>De l'1 agost al 31 agost</div></td><td class=""timetable-day"" rowspan=1><div>Tots els dies tancat</div></td><td class=""timetable-hour"" rowspan=1><div><p style=""margin:0"">Tancat</p></div></td></tr></table>"
﻿99400644388,Piscina Coberta,92086022707,Centre Esportiu Municipal Turó de la Peira,2019-12-18T00:00:00+01:00,2026-07-27T12:54:20.361964+02:00,,,295403,Carrer de Sant Iscle,50,,46,el Turó de la Peira,08,Nou Barris,08031,Barcelona,True,,62779,100002,Informació d'interès,E-mail,cemturo@igebcn.cat,True,,430838.0121821679,4587144.003602575,41.43288641160291,2.172200959455586,"<table class=""timetable-table""><tr class=""timetable-header""><th class=""weekdays"">Dies</th><th class=""hours"">Hores</th></tr><tr><td class=""timetable-day"" rowspan=1><div>De dilluns a divendres</div></td><td class=""timetable-hour"" rowspan=1><div>de 07.00&nbsp;h a 22.30&nbsp;h</div></td></tr><tr><td class=""timetable-day"" rowspan=1><div>Dissabte</div></td><td class=""timetable-hour"" rowspan=1><div>de 09.00&nbsp;h a 21.00&nbsp;h</div></td></tr><tr><td class=""timetable-day"" rowspan=1><div>Diumenge</div></td><td class=""timetable-hour"" rowspan=1><div>de 09.00&nbsp;h a 14.30&nbsp;h</div></td></tr></table>"
﻿99400691864,Centre de Vida Comunitària de Trinitat Vella,,,2022-05-09T12:05:03.992077+02:00,2026-07-31T13:44:09.674060+02:00,,,281409,Carretera de Ribes,59,59,57,la Trinitat Vella,09,Sant Andreu,08033,Barcelona,False,,675378,100002,Informació d'interès,E-mail,cvidacomunitariatv@bcn.cat,False,,432305.969,4588779.631,41.44774300050207,2.1895859529779504,"<table class=""timetable-table""><tr class=""timetable-header""><th class=""period"">Període</th><th class=""weekdays"">Dies</th><th class=""hours"">Hores</th></tr><tr><td class=""timetable-period current"" rowspan=2><div><p style=""margin:0"">De setembre a juliol</p></div></td><td class=""timetable-day"" rowspan=1><div>De dilluns a divendres</div></td><td class=""timetable-hour"" rowspan=1><div>de 08.00&nbsp;h a 20.30&nbsp;h</div></td></tr><tr><td class=""timetable-day"" rowspan=1><div>Dissabte</div></td><td class=""timetable-hour"" rowspan=1><div>de 09.00&nbsp;h a 14.00&nbsp;h i <br>de 16.30&nbsp;h a 21.00&nbsp;h</div></td></tr><tr><td class=""timetable-period"" rowspan=1><div><p style=""margin:0"">Agost</p></div></td><td class=""timetable-day"" rowspan=1><div>Dies no dprefinits</div></td><td class=""timetable-hour"" rowspan=1><div>de 16.00&nbsp;h a 20.00&nbsp;h</div></td></tr></table>"
﻿99400708893,Bloc4BCN - Espai Cooperatiu,,,2023-03-27T11:58:46.674978+02:00,2026-08-31T09:57:47.212449+02:00,,,089707,Carrer de la Constitució,19,19,16,la Bordeta,03,Sants-Montjuïc,08014,Barcelona,False,,510467,100002,Informació d'interès,E-mail,info@bloc4.coop,False,,427864.216,4580146.558,41.36960172249939,2.1374452244473736,"<table class=""timetable-table""><tr class=""timetable-header""><th class=""weekdays"">Dies</th><th class=""hours"">Hores</th></tr><tr><td class=""timetable-day"" rowspan=1><div>De dilluns a divendres</div></td><td class=""timetable-hour"" rowspan=1><div>de 09.00&nbsp;h a 18.00&nbsp;h</div></td></tr></table>"
﻿75990063997,Llibreria Jaimes,,,1996-09-18T00:00:00+02:00,2026-08-31T09:49:56.376935+02:00,,,350308,Carrer de València,318,318,07,la Dreta de l'Eixample,02,Eixample,08009,Barcelona,True,,35470,100002,Informació d'interès,E-mail,atencioalclient@jaimes.cat,True,,430364.025,4582979.869,41.395340614590445,2.1670076943305774,"<table class=""timetable-table""><tr class=""timetable-header""><th class=""weekdays"">Dies</th><th class=""hours"">Hores</th></tr><tr><td class=""timetable-day"" rowspan=1><div>De dilluns a dissabte</div></td><td class=""timetable-hour"" rowspan=1><div>de 10.00&nbsp;h a 14.00&nbsp;h i <br>de 16.00&nbsp;h a 20.00&nbsp;h</div></td></tr></table>"
﻿93316140842,Centre Cívic del Besòs i el Maresme,,,1993-11-12T00:00:00+01:00,2026-07-29T08:52:36.145249+02:00,,,266405,Rambla de Prim,87,89,70,el Besòs i el Maresme,10,Sant Martí,08019,Barcelona,True,,44261,100002,Informació d'interès,E-mail,info@ccbesos.org,True,,434130.949,4585292.399,41.416486356252896,2.211812118761215,"<table class=""timetable-table""><tr class=""timetable-header""><th class=""period"">Període</th><th class=""weekdays"">Dies</th><th class=""hours"">Hores</th></tr><tr><td class=""timetable-period"" rowspan=2><div>De l'1 setembre al 31 juliol</div></td><td class=""timetable-day"" rowspan=1><div>De dilluns a divendres</div></td><td class=""timetable-hour"" rowspan=1><div>de 09.00&nbsp;h a 14.00&nbsp;h i <br>de 15.00&nbsp;h a 21.00&nbsp;h</div></td></tr><tr><td class=""timetable-day"" rowspan=1><div>Dissabte</div></td><td class=""timetable-hour"" rowspan=1><div>de 10.00&nbsp;h a 14.00&nbsp;h</div></td></tr><tr><td class=""timetable-period"" rowspan=1><div><p style=""margin:0"">Estiu 2026:</p><p style=""margin:0"">De l'1 agost al 31 agost</p></div></td><td class=""timetable-day"" rowspan=1><div>De dilluns a divendres</div></td><td class=""timetable-hour"" rowspan=1><div>de 09.00&nbsp;h a 14.00&nbsp;h i <br>de 15.00&nbsp;h a 20.00&nbsp;h</div></td></tr></table>"
﻿93188125133,Parc de la Trinitat,,,1993-07-07T00:00:00+02:00,2026-09-22T16:59:17.719154+02:00,,,314100,Pg Santa Coloma,60,,60,Sant Andreu,09,Sant Andreu,08030,BARCELONA,True,,77581,100003,Informació d'interès,Web,https://link.bcn.cat/cPdlt,True,,432814.485640381,4588944.298465399,41.449268825219306,2.1956548753915466,"<table class=""timetable-table""><tr class=""timetable-header""><th class=""period"">Període</th><th class=""weekdays"">Dies</th><th class=""hours"">Hores</th><th class=""description"">Observacions</th></tr><tr><td class=""timetable-period"" rowspan=1><div><p style=""margin:0"">Horari d’hivern: </p><p style=""margin:0"">de l'1 de novembre al 31 de març</p></div></td><td class=""timetable-day"" rowspan=2><div>Cada dia</div></td><td class=""timetable-hour"" rowspan=1><div>de 07.30&nbsp;h a 19.00&nbsp;h</div></td><td class=""timetable-description"" rowspan=2><div>Hora de tancament<br>aproximada,en funció de<br> l'horari solar (tanquen<br> quan es fa fosc, al capvespre)</div></td></tr><tr><td class=""timetable-period current"" rowspan=1><div><p style=""margin:0"">Horari d’estiu:</p><p style=""margin:0"">de l'1 d'abril al 31 d'octubre</p></div></td><td class=""timetable-hour"" rowspan=1><div>de 07.30&nbsp;h a 21.00&nbsp;h</div></td></tr></table>"
﻿99400758411,Refugi Climàtic de la Biblioteca,92168165640,Escola Mercè Rodoreda,2025-05-27T12:23:45.929495+02:00,2026-09-18T12:51:46.353222+02:00,,,358004,Carrer del Vesuvi,35,,52,la Prosperitat,08,Nou Barris,08016,Barcelona,True,,669023,100002,Informació d'interès,E-mail,a8039471@xtec.cat,True,,431981.46679546504,4588574.595899239,41.44586889448013,2.1857245692364806,"<table class=""timetable-table""><tr class=""timetable-header""><th class=""period"">Període</th><th class=""weekdays"">Dies</th><th class=""hours"">Hores</th><th class=""prices"">Preus</th></tr><tr><td class=""timetable-period"" rowspan=1><div><p style=""margin:0"">Juny i juliol</p></div></td><td class=""timetable-day"" rowspan=1><div>Dissabte</div></td><td class=""timetable-hour"" rowspan=1><div>d'11.00&nbsp;h a 14.00&nbsp;h</div></td><td class=""timetable-price"" rowspan=1><div>Entrada Gratuïta</div></td></tr></table>"
﻿99400710085,KineSalut Barcelona,,,2023-04-12T14:23:55.856185+02:00,2025-10-28T14:14:41.651081+01:00,,,262200,Carrer de Pons i Gallarza,20,24,60,Sant Andreu,09,Sant Andreu,08030,Barcelona,True,,517519,100003,Informació d'interès,Web,https://www.kinesalutbarcelona.com/,False,,432180.103,4587422.883,41.43551263548069,2.188231571314974,
﻿92168175397,Centre Esportiu Municipal Piscines Bernat Picornell,,,1992-02-21T00:00:00+01:00,2026-07-29T08:51:30.960213+02:00,,,116402,Av Estadi,30,,11,el Poble-sec,03,Sants-Montjuïc,08038,BARCELONA,True,,43766,100002,Informació d'interès,E-mail,infopicornell@forus.es,True,,428976.9847999505,4579772.230120345,41.36632923206704,2.1507934502236252,"<table class=""timetable-table""><tr class=""timetable-header""><th class=""period"">Període</th><th class=""weekdays"">Dies</th><th class=""hours"">Hores</th></tr><tr><td class=""timetable-period"" rowspan=3><div>De l'1 octubre al 30 juny</div></td><td class=""timetable-day"" rowspan=1><div>De dilluns a divendres</div></td><td class=""timetable-hour"" rowspan=1><div>de 06.45&nbsp;h a 00.00&nbsp;h</div></td></tr><tr><td class=""timetable-day"" rowspan=1><div>Dissabte</div></td><td class=""timetable-hour"" rowspan=1><div>de 07.00&nbsp;h a 21.00&nbsp;h</div></td></tr><tr><td class=""timetable-day"" rowspan=1><div>Diumenge i festius</div></td><td class=""timetable-hour"" rowspan=1><div>de 07.30&nbsp;h a 16.00&nbsp;h</div></td></tr><tr><td class=""timetable-period"" rowspan=3><div>De l'1 juliol al 30 setembre</div></td><td class=""timetable-day"" rowspan=1><div>De dilluns a divendres</div></td><td class=""timetable-hour"" rowspan=1><div>de 06.45&nbsp;h a 00.00&nbsp;h</div></td></tr><tr><td class=""timetable-day"" rowspan=1><div>Dissabte</div></td><td class=""timetable-hour"" rowspan=1><div>de 07.00&nbsp;h a 21.00&nbsp;h</div></td></tr><tr><td class=""timetable-day"" rowspan=1><div>Diumenge i festius</div></td><td class=""timetable-hour"" rowspan=1><div>de 07.30&nbsp;h a 19.00&nbsp;h</div></td></tr></table>"
﻿99400707246,Persones Grans de Ca l'Isidret,,,2023-02-24T13:06:28.493481+01:00,2026-09-01T08:36:55.163596+02:00,,,143609,Carrer de Josep Pla,174,174,71,Provençals del Poblenou,10,Sant Martí,08020,Barcelona,True,,502159,100002,Informació d'interès,E-mail,casalgg.calisidret@bcn.cat,True,,433712.71499999997,4585225.346,41.415848037532804,2.2068153447737964,"<table class=""timetable-table""><tr class=""timetable-header""><th class=""period"">Període</th><th class=""weekdays"">Dies</th><th class=""hours"">Hores</th></tr><tr><td class=""timetable-period"" rowspan=1><div>de l'1 de setembre<br>al 31 de juliol</div></td><td class=""timetable-day"" rowspan=1><div>De dilluns a divendres</div></td><td class=""timetable-hour"" rowspan=1><div>de 09.30&nbsp;h a 13.30&nbsp;h i <br>de 16.00&nbsp;h a 19.00&nbsp;h</div></td></tr><tr><td class=""timetable-period"" rowspan=1><div>de l'1 d'agost<br>al 31 d'agost</div></td><td class=""timetable-day"" rowspan=1><div>Tots els dies tancat</div></td><td class=""timetable-hour"" rowspan=1><div><p style=""margin:0"">Tancat</p></div></td></tr></table>"
﻿99400738969,Refugi climàtic,92086015690,Seu del Districte de Ciutat Vella,2024-07-04T15:18:43.944825+02:00,2026-09-01T09:12:53.531126+02:00,,,051409,Plaça del Bonsuccés,3,,01,el Raval,01,Ciutat Vella,08001,Barcelona,True,,613294,100003,Informació d'interès,Web,http://ajuntament.barcelona.cat/ciutatvella,True,,430552.6230734909,4581708.422546573,41.38390541351899,2.1694092669132554,"<table class=""timetable-table""><tr class=""timetable-header""><th class=""period"">Període</th><th class=""weekdays"">Dies</th><th class=""hours"">Hores</th></tr><tr><td class=""timetable-period"" rowspan=1><div>De l'1 setembre al 31 juliol</div></td><td class=""timetable-day"" rowspan=1><div>De dilluns a divendres</div></td><td class=""timetable-hour"" rowspan=1><div>de 08.00&nbsp;h a 19.30&nbsp;h</div></td></tr></table>"
﻿92086035681,Centre Cívic Matas i Ramis,,,1991-04-29T00:00:00+02:00,2026-09-01T07:55:29.826696+02:00,,,122303,Carrer de Feliu i Codina,20,,43,Horta,07,Horta-Guinardó,08031,Barcelona,True,,43325,100002,Informació d'interès,E-mail,matasiramis@matasiramis.cat,True,,429878.96649043774,4587142.492419921,41.43278963946825,2.160723502038599,"<table class=""timetable-table""><tr class=""timetable-header""><th class=""period"">Període</th><th class=""weekdays"">Dies</th><th class=""hours"">Hores</th></tr><tr><td class=""timetable-period current"" rowspan=2><div>De l'1 setembre al 31 juliol</div></td><td class=""timetable-day"" rowspan=1><div>De dilluns a divendres</div></td><td class=""timetable-hour"" rowspan=1><div>de 08.30&nbsp;h a 22.00&nbsp;h</div></td></tr><tr><td class=""timetable-day"" rowspan=1><div><p style=""margin:0"">Dissabte</p><p style=""margin:0"">Tancat 18 i 25 de juliol</p></div></td><td class=""timetable-hour"" rowspan=1><div>de 09.00&nbsp;h a 14.00&nbsp;h</div></td></tr><tr><td class=""timetable-period"" rowspan=1><div><p style=""margin:0"">Agost</p></div></td><td class=""timetable-day"" rowspan=1><div><p style=""margin:0"">Tots els dies</p></div></td><td class=""timetable-hour"" rowspan=1><div><p style=""margin:0"">Tancat</p></div></td></tr></table>"
﻿93050115049,Centre Esportiu Municipal Vintró - Joan Alentorn,,,1993-02-19T00:00:00+01:00,2026-07-29T08:51:30.004448+02:00,,,089004,Carrer del Consell de Cent,623,629,65,el Clot,10,Sant Martí,08026,Barcelona,True,,43669,100002,Informació d'interès,E-mail,vintro@asme.cat,True,,431986.521,4584220.93,41.406657337510914,2.186274818237481,"<table class=""timetable-table""><tr class=""timetable-header""><th class=""period"">Període</th><th class=""weekdays"">Dies</th><th class=""hours"">Hores</th></tr><tr><td class=""timetable-period current"" rowspan=3><div><p style=""margin:0"">De setembre a juliol</p></div></td><td class=""timetable-day"" rowspan=1><div>De dilluns a divendres</div></td><td class=""timetable-hour"" rowspan=1><div>de 07:00 h a 23:00 h</div></td></tr><tr><td class=""timetable-day"" rowspan=1><div>dissabtes</div></td><td class=""timetable-hour"" rowspan=1><div>de 08:00 h a 20:00 h</div></td></tr><tr><td class=""timetable-day"" rowspan=1><div>diumenges i festius</div></td><td class=""timetable-hour"" rowspan=1><div>de 09:00 h a 15:00 h</div></td></tr><tr><td class=""timetable-period"" rowspan=2><div><p style=""margin:0"">Agost</p></div></td><td class=""timetable-day"" rowspan=1><div>De dilluns a divendres</div></td><td class=""timetable-hour"" rowspan=1><div>de 07.00&nbsp;h a 22.30&nbsp;h</div></td></tr><tr><td class=""timetable-day"" rowspan=1><div>Dissabte i diumenge</div></td><td class=""timetable-hour"" rowspan=1><div>de 09.00&nbsp;h a 15.00&nbsp;h</div></td></tr></table>"
﻿92168151705,Biblioteca Joan Miró,,,1992-01-07T00:00:00+01:00,2026-08-31T14:06:36.542041+02:00,,,362001,Carrer de Vilamarí,61,,09,la Nova Esquerra de l'Eixample,02,Eixample,08015,Barcelona,True,,43125,100002,Informació d'interès,E-mail,b.barcelona.jm@diba.cat,True,,428861.4016300584,4581163.331514975,41.37884820283016,2.1492483600013053,"<table class=""timetable-table""><tr class=""timetable-header""><th class=""period"">Període</th><th class=""weekdays"">Dies</th><th class=""hours"">Hores</th></tr><tr><td class=""timetable-period"" rowspan=4><div><p style=""margin:0"">Horari habitual</p><p style=""margin:0"">al llarg de l'any</p></div></td><td class=""timetable-day"" rowspan=1><div>Dilluns i Divendres</div></td><td class=""timetable-hour"" rowspan=1><div>de 15.30&nbsp;h a 20.00&nbsp;h</div></td></tr><tr><td class=""timetable-day"" rowspan=1><div><p style=""margin:0"">Dimarts, dimecres i dijous</p><p style=""margin:0"">excepte dimarts 23 de juny</p></div></td><td class=""timetable-hour"" rowspan=1><div>de 09.30&nbsp;h a 13.30&nbsp;h i <br>de 15.30&nbsp;h a 20.00&nbsp;h</div></td></tr><tr><td class=""timetable-day"" rowspan=1><div><p style=""margin:0"">Dimarts 23 de juny</p></div></td><td class=""timetable-hour"" rowspan=1><div>de 09.30&nbsp;h a 13.30&nbsp;h</div></td></tr><tr><td class=""timetable-day"" rowspan=1><div>Dissabte</div></td><td class=""timetable-hour"" rowspan=1><div>de 10.00&nbsp;h a 14.00&nbsp;h</div></td></tr><tr><td class=""timetable-period"" rowspan=2><div><p style=""margin:0"">Estiu 2026</p><p style=""margin:0"">Del 25 juny al 31 juliol</p></div></td><td class=""timetable-day"" rowspan=1><div>Dilluns i Divendres</div></td><td class=""timetable-hour"" rowspan=1><div>de 15.30&nbsp;h a 20.00&nbsp;h</div></td></tr><tr><td class=""timetable-day"" rowspan=1><div>Dimarts, dimecres i dijous</div></td><td class=""timetable-hour"" rowspan=1><div>de 09.30&nbsp;h a 13.30&nbsp;h i <br>de 15.30&nbsp;h a 20.00&nbsp;h</div></td></tr><tr><td class=""timetable-period"" rowspan=1><div>De l'1 agost al 31 agost</div></td><td class=""timetable-day"" rowspan=1><div><p style=""margin:0"">Tots els dies</p></div></td><td class=""timetable-hour"" rowspan=1><div><p style=""margin:0"">Tancada</p></div></td></tr><tr><td class=""timetable-period"" rowspan=2><div>De l'1 setembre al 24 setembre</div></td><td class=""timetable-day"" rowspan=1><div>Dilluns i Divendres</div></td><td class=""timetable-hour"" rowspan=1><div>de 15.30&nbsp;h a 20.00&nbsp;h</div></td></tr><tr><td class=""timetable-day"" rowspan=1><div>Dimarts, dimecres i dijous</div></td><td class=""timetable-hour"" rowspan=1><div>de 09.30&nbsp;h a 13.30&nbsp;h i <br>de 15.30&nbsp;h a 20.00&nbsp;h</div></td></tr></table>"
﻿92086038572,Associació Catalana de Recursos Assistencials,,,1992-03-03T00:00:00+01:00,2026-06-11T10:13:54.142248+02:00,,,054509,Carrer de Calàbria,236,,09,la Nova Esquerra de l'Eixample,02,Eixample,08029,Barcelona,True,,43110,100002,Informació d'interès,E-mail,acra@acra.cat,True,,428653.9894736402,4581979.6555043515,41.38618217340653,2.146672050620279,"<table class=""timetable-table""><tr class=""timetable-header""><th class=""period"">Període</th><th class=""weekdays"">Dies</th><th class=""hours"">Hores</th></tr><tr><td class=""timetable-period"" rowspan=1><div><p style=""margin:0"">De setembre a juny</p></div></td><td class=""timetable-day"" rowspan=1><div>De dilluns a divendres</div></td><td class=""timetable-hour"" rowspan=1><div>de 09.00&nbsp;h a 17.00&nbsp;h</div></td></tr><tr><td class=""timetable-period"" rowspan=1><div><p style=""margin:0"">Juliol i agost</p></div></td><td class=""timetable-day"" rowspan=1><div>De dilluns a divendres</div></td><td class=""timetable-hour"" rowspan=1><div>de 09.00&nbsp;h a 14.00&nbsp;h</div></td></tr></table>"
﻿99400740124,Refugi Climàtic,99400364258,Fundació Privada Casa Asil de Sant Andreu de Palomar,2024-07-23T12:08:42.582143+02:00,2025-06-13T08:11:58.969378+02:00,,,004205,Carrer d'Agustí i Milà,72,82,60,Sant Andreu,09,Sant Andreu,08030,Barcelona,True,,617280,100002,Informació d'interès,E-mail,asil@casaasil.cat,True,,432004.278,4587773.886,41.43865912585508,2.186087746309488,"<table class=""timetable-table""><tr class=""timetable-header""><th class=""weekdays"">Dies</th><th class=""hours"">Hores</th></tr><tr><td class=""timetable-day"" rowspan=1><div>Cada dia</div></td><td class=""timetable-hour"" rowspan=1><div><p style=""margin:0"">24 hores</p></div></td></tr></table>"
﻿92086020201,Piscines Cobertes,92168152807,Centre Esportiu Municipal Claror,1987-06-03T00:00:00+02:00,2026-07-27T12:25:17.036109+02:00,,,076807,Carrer de Sardenya,333,335,32,el Camp d'en Grassot i Gràcia Nova,06,Gràcia,08025,Barcelona,True,,41548,100002,Informació d'interès,E-mail,esportiuclaror@claror.cat,True,,430751.668,4584006.258,41.40461843293717,2.171526851144368,"<table class=""timetable-table""><tr class=""timetable-header""><th class=""period"">Període</th><th class=""weekdays"">Dies</th><th class=""hours"">Hores</th></tr><tr><td class=""timetable-period"" rowspan=3><div>De l'1 setembre al 30 juny</div></td><td class=""timetable-day"" rowspan=1><div>De dilluns a divendres</div></td><td class=""timetable-hour"" rowspan=1><div>de 07.00&nbsp;h a 23.00&nbsp;h</div></td></tr><tr><td class=""timetable-day"" rowspan=1><div>Dissabte</div></td><td class=""timetable-hour"" rowspan=1><div>de 08.30&nbsp;h a 20.30&nbsp;h</div></td></tr><tr><td class=""timetable-day"" rowspan=1><div>Diumenge i  festius</div></td><td class=""timetable-hour"" rowspan=1><div>de 09.00&nbsp;h a 15.30&nbsp;h</div></td></tr><tr><td class=""timetable-period"" rowspan=3><div>De l'1 juliol al 31 juliol</div></td><td class=""timetable-day"" rowspan=1><div>De dilluns a divendres</div></td><td class=""timetable-hour"" rowspan=1><div>de 07.00&nbsp;h a 23.00&nbsp;h</div></td></tr><tr><td class=""timetable-day"" rowspan=1><div>Dissabte</div></td><td class=""timetable-hour"" rowspan=1><div>de 08.30&nbsp;h a 15.00&nbsp;h i <br>de 17.00&nbsp;h a 20.30&nbsp;h</div></td></tr><tr><td class=""timetable-day"" rowspan=1><div>Diumenge</div></td><td class=""timetable-hour"" rowspan=1><div>de 09.00&nbsp;h a 15.30&nbsp;h</div></td></tr><tr><td class=""timetable-period"" rowspan=2><div>De l'1 agost al 31 agost</div></td><td class=""timetable-day"" rowspan=1><div>De dilluns a divendres</div></td><td class=""timetable-hour"" rowspan=1><div>de 07.00&nbsp;h a 23.00&nbsp;h</div></td></tr><tr><td class=""timetable-day"" rowspan=1><div>Dissabte</div></td><td class=""timetable-hour"" rowspan=1><div>de 09.00&nbsp;h a 15.00&nbsp;h</div></td></tr></table>"
﻿94165112247,Jardins de la Tamarita,,,1994-06-14T00:00:00+02:00,2026-08-25T14:47:21.368976+02:00,,,302000,Passeig de Sant Gervasi,45,47,25,Sant Gervasi - la Bonanova,05,Sarrià-Sant Gervasi,08022,Barcelona,True,,77965,100003,Informació d'interès,Web,https://link.bcn.cat/cEjdlT,True,,427784.593,4584649.077,41.410146977213756,2.135956449726525,"<table class=""timetable-table""><tr class=""timetable-header""><th class=""period"">Període</th><th class=""weekdays"">Dies</th><th class=""hours"">Hores</th><th class=""description"">Observacions</th></tr><tr><td class=""timetable-period"" rowspan=1><div><p style=""margin:0"">Horari d'hivern</p><p style=""margin:0"">de l'1 de novembre al 31 de març</p></div></td><td class=""timetable-day"" rowspan=2><div>Cada dia</div></td><td class=""timetable-hour"" rowspan=1><div>de 08.00&nbsp;h a 19.00&nbsp;h</div></td><td class=""timetable-description"" rowspan=2><div>Hora de tancament<br>aproximada,en funció de<br> l'horari solar (tanquen<br> quan es fa fosc, al capvespre)</div></td></tr><tr><td class=""timetable-period current"" rowspan=1><div><p style=""margin:0"">Horari d'estiu</p><p style=""margin:0"">de l'1 d'abril al 31 d'octubre</p></div></td><td class=""timetable-hour"" rowspan=1><div>de 08.00&nbsp;h a 21.00&nbsp;h</div></td></tr></table>"
﻿94102143353,Biblioteca,94102141953,Facultat de Matemàtiques i Estadística - UPC,1994-04-12T00:00:00+02:00,2026-09-01T09:07:48.844285+02:00,,,247750,Carrer de Pau Gargallo,10,18,20,la Maternitat i Sant Ramon,04,Les Corts,08028,Barcelona,True,,44202,100002,Informació d'interès,E-mail,biblioteca.fme@upc.edu,True,,426065.14,4581716.133,41.38357497214682,2.115743968153055,"<table class=""timetable-table""><tr class=""timetable-header""><th class=""period"">Període</th><th class=""weekdays"">Dies</th><th class=""hours"">Hores</th></tr><tr><td class=""timetable-period current"" rowspan=1><div><p style=""margin:0"">Horari al llarg del curs</p></div></td><td class=""timetable-day"" rowspan=1><div>De dilluns a divendres</div></td><td class=""timetable-hour"" rowspan=1><div>de 09.00&nbsp;h a 20.00&nbsp;h</div></td></tr><tr><td class=""timetable-period"" rowspan=1><div>De l'1 juliol al 31 juliol</div></td><td class=""timetable-day"" rowspan=1><div>De dilluns a divendres</div></td><td class=""timetable-hour"" rowspan=1><div>de 09.00&nbsp;h a 14.00&nbsp;h</div></td></tr><tr><td class=""timetable-period"" rowspan=1><div>De l'1 agost al 31 agost</div></td><td class=""timetable-day"" rowspan=1><div><p style=""margin:0"">Tancat</p></div></td><td class=""timetable-hour"" rowspan=1><div><p style=""margin:0"">Tancada</p></div></td></tr><tr><td class=""timetable-period"" rowspan=1><div>De l'1 setembre al 13 setembre</div></td><td class=""timetable-day"" rowspan=1><div>De dilluns a divendres</div></td><td class=""timetable-hour"" rowspan=1><div>de 09.00&nbsp;h a 14.00&nbsp;h</div></td></tr></table>"
﻿99400737844,Biblioteca,354173408,Escola Politècnica Superior d'Edificació de Barcelona - UPC,2024-06-11T18:38:49.231007+02:00,2026-09-01T09:07:09.897541+02:00,,,102306,Avinguda del Doctor Marañón,42,50,20,la Maternitat i Sant Ramon,04,Les Corts,08028,Barcelona,True,,610246,100003,Informació d'interès,Web,https://bibliotecnica.upc.edu/epseb,True,,425814.099,4581735.836,41.38372931854201,2.112739466875702,"<table class=""timetable-table""><tr class=""timetable-header""><th class=""period"">Període</th><th class=""weekdays"">Dies</th><th class=""hours"">Hores</th></tr><tr><td class=""timetable-period current"" rowspan=1><div><p style=""margin:0"">Horari al llarg de l'any</p></div></td><td class=""timetable-day"" rowspan=1><div>De dilluns a divendres</div></td><td class=""timetable-hour"" rowspan=1><div>de 08.30&nbsp;h a 20.00&nbsp;h</div></td></tr><tr><td class=""timetable-period"" rowspan=1><div><p style=""margin:0"">Estiu 2026</p><p style=""margin:0"">Del 23 juny al 31 juliol</p></div></td><td class=""timetable-day"" rowspan=1><div>De dilluns a divendres</div></td><td class=""timetable-hour"" rowspan=1><div>de 08.30&nbsp;h a 14.00&nbsp;h</div></td></tr><tr><td class=""timetable-period"" rowspan=1><div>De l'1 agost al 31 agost</div></td><td class=""timetable-day"" rowspan=1><div><p style=""margin:0"">Tots els dies</p></div></td><td class=""timetable-hour"" rowspan=1><div><p style=""margin:0"">Tancada</p></div></td></tr><tr><td class=""timetable-period"" rowspan=1><div>De l'1 setembre al 4 setembre</div></td><td class=""timetable-day"" rowspan=1><div>De dilluns a divendres</div></td><td class=""timetable-hour"" rowspan=1><div>de 08.30&nbsp;h a 14.00&nbsp;h</div></td></tr></table>"
﻿99400737879,Refugi Climàtic Pati d'Escola Bressol,92086003497,Escola Bressol Municipal Cargol,2024-06-12T10:50:40.158138+02:00,2026-08-31T09:24:05.764340+02:00,,,280304,C Mossèn Josep Bundó,6,,36,la Font d'en Fargues,07,Horta-Guinardó,08032,BARCELONA,True,,610358,100002,Informació d'interès,E-mail,ebmcargol@bcn.cat,True,,430411.7084519772,4586503.623754933,41.427081935011756,2.167172769672243,"<table class=""timetable-table""><tr class=""timetable-header""><th class=""period"">Període</th><th class=""weekdays"">Dies</th><th class=""hours"">Hores</th><th class=""prices"">Preus</th><th class=""description"">Observacions</th></tr><tr><td class=""timetable-period"" rowspan=1><div><p style=""margin:0"">Juny i juliol</p></div></td><td class=""timetable-day"" rowspan=2><div>Dissabte</div></td><td class=""timetable-hour"" rowspan=2><div>de 10.30&nbsp;h a 13.00&nbsp;h</div></td><td class=""timetable-price"" rowspan=2><div>Entrada Gratuïta</div></td><td class=""timetable-description"" rowspan=2><div><p style=""margin:0"">Agost tancat</p></div></td></tr><tr><td class=""timetable-period"" rowspan=1><div>De l'1 setembre al 12 setembre</div></td></tr></table>"
﻿99400737883,Refugi climàtic,75990416212,Lluïsos de Gràcia,2024-06-12T11:11:19.005698+02:00,2026-09-01T09:11:57.583016+02:00,,,229001,Plaça del Nord,7,7,31,la Vila de Gràcia,06,Gràcia,08024,Barcelona,True,,,,,,,,,429410.964,4584306.869,41.40720931893807,2.1554535333458538,"<table class=""timetable-table""><tr class=""timetable-header""><th class=""period"">Període</th><th class=""weekdays"">Dies</th><th class=""hours"">Hores</th></tr><tr><td class=""timetable-period"" rowspan=3><div>De l'1 setembre al 30 juny</div></td><td class=""timetable-day"" rowspan=1><div>De dilluns a dijous</div></td><td class=""timetable-hour"" rowspan=1><div>de 09.00&nbsp;h a 23.45&nbsp;h</div></td></tr><tr><td class=""timetable-day"" rowspan=1><div>Divendres i Dissabte</div></td><td class=""timetable-hour"" rowspan=1><div>de 09.00&nbsp;h a 00.45&nbsp;h</div></td></tr><tr><td class=""timetable-day"" rowspan=1><div>Diumenge</div></td><td class=""timetable-hour"" rowspan=1><div>de 09.00&nbsp;h a 21.30&nbsp;h</div></td></tr><tr><td class=""timetable-period"" rowspan=2><div>De l'1 juliol al 31 juliol</div></td><td class=""timetable-day"" rowspan=1><div>De dilluns a dijous</div></td><td class=""timetable-hour"" rowspan=1><div>de 09.00&nbsp;h a 23.45&nbsp;h</div></td></tr><tr><td class=""timetable-day"" rowspan=1><div>Divendres i Dissabte</div></td><td class=""timetable-hour"" rowspan=1><div>de 09.00&nbsp;h a 00.45&nbsp;h</div></td></tr><tr><td class=""timetable-period"" rowspan=1><div>De l'1 agost al 31 agost</div></td><td class=""timetable-day"" rowspan=1><div>Tots els dies tancat</div></td><td class=""timetable-hour"" rowspan=1><div><p style=""margin:0"">Tancat</p></div></td></tr><tr><td class=""timetable-period"" rowspan=3><div>De l'1 setembre al 30 setembre</div></td><td class=""timetable-day"" rowspan=1><div>De dilluns a dijous</div></td><td class=""timetable-hour"" rowspan=1><div>de 09.00&nbsp;h a 23.45&nbsp;h</div></td></tr><tr><td class=""timetable-day"" rowspan=1><div>Divendres i Dissabte</div></td><td class=""timetable-hour"" rowspan=1><div>de 09.00&nbsp;h a 00.45&nbsp;h</div></td></tr><tr><td class=""timetable-day"" rowspan=1><div>Diumenge</div></td><td class=""timetable-hour"" rowspan=1><div>de 09.00&nbsp;h a 21.30&nbsp;h</div></td></tr></table>"
﻿99400737885,Refugi Climàtic Pati d'Escola Bressol,92086007098,Escola Bressol Municipal La Mar,2024-06-12T11:13:07.689349+02:00,2026-08-31T09:32:12.230531+02:00,,,015405,C Andrea Dòria,40,,03,la Barceloneta,01,Ciutat Vella,08003,BARCELONA,True,,610372,100002,Informació d'interès,E-mail,ebmlamar@bcn.cat,True,,432507.433142859,4581342.955509334,41.38078011718044,2.192827246697062,"<table class=""timetable-table""><tr class=""timetable-header""><th class=""period"">Període</th><th class=""weekdays"">Dies</th><th class=""hours"">Hores</th><th class=""prices"">Preus</th></tr><tr><td class=""timetable-period"" rowspan=1><div><p style=""margin:0"">Fins el 31 de juliol</p></div></td><td class=""timetable-day"" rowspan=3><div>Dissabte</div></td><td class=""timetable-hour"" rowspan=1><div>de 17.30&nbsp;h a 20.00&nbsp;h</div></td><td class=""timetable-price"" rowspan=1><div>Entrada Gratuïta</div></td></tr><tr><td class=""timetable-period"" rowspan=1><div>De l'1 agost al 31 agost</div></td><td class=""timetable-hour"" rowspan=1><div><p style=""margin:0"">Tancat</p></div></td><td class=""timetable-price"" rowspan=1><div><p style=""margin:0"">Tancat</p></div></td></tr><tr><td class=""timetable-period"" rowspan=1><div>De l'1 setembre al 12 setembre</div></td><td class=""timetable-hour"" rowspan=1><div>de 10.30&nbsp;h a 13.00&nbsp;h</div></td><td class=""timetable-price"" rowspan=1><div>Entrada Gratuïta</div></td></tr></table>"
﻿92086032989,Centre Esportiu Municipal Can Dragó,,,1990-03-30T00:00:00+02:00,2026-07-29T08:51:40.453706+02:00,,,289852,Carrer de Rosselló i Porcel,7,11,45,Porta,08,Nou Barris,08016,Barcelona,True,,41873,100002,Informació d'interès,E-mail,atencioclients.candrago@eurofitness.com,True,,431754.45,4587544.299,41.43657012505103,2.1831235131796087,"<table class=""timetable-table""><tr class=""timetable-header""><th class=""weekdays"">Dies</th><th class=""hours"">Hores</th><th class=""description"">Observacions</th></tr><tr><td class=""timetable-day"" rowspan=1><div>De dilluns a divendres</div></td><td class=""timetable-hour"" rowspan=1><div>de 07:00 h a 22:45 h</div></td><td class=""timetable-description"" rowspan=3><div><p style=""margin:0"">Palestra i piscina</p></div></td></tr><tr><td class=""timetable-day"" rowspan=1><div>Dissabte</div></td><td class=""timetable-hour"" rowspan=1><div>de 09:00 h a 20:45 h</div></td></tr><tr><td class=""timetable-day"" rowspan=1><div>Diumenge i  festius</div></td><td class=""timetable-hour"" rowspan=1><div>de 09:00 h a 13:45 h</div></td></tr></table>"
﻿92086001132,Museu Frederic Marès,,,1984-05-30T00:00:00+02:00,2026-09-16T14:30:29.047149+02:00,,,303454,Plaça de Sant Iu,5,,02,el Barri Gòtic,01,Ciutat Vella,08002,Barcelona,True,,39836,100002,Informació d'interès,E-mail,museumares@bcn.cat,True,,431184.0139297747,4581735.716409316,41.38420549734736,2.17695685162379,"<table class=""timetable-table""><tr class=""timetable-header""><th class=""weekdays"">Dies</th><th class=""hours"">Hores</th><th class=""prices"">Preus</th><th class=""description"">Observacions</th></tr><tr><td class=""timetable-day"" rowspan=1><div>De dimarts a dissabtes</div></td><td class=""timetable-hour"" rowspan=1><div>de 10:00 h a 19:00 h</div></td><td class=""timetable-price"" rowspan=2><div>Entrada general: 4.4 € <p style=""margin:0""><br></p><p style=""margin:0""><strong>Reduïda</strong>: 2.50 €:</p><p style=""margin:0"">- Grups (+ 10 p)</p><p style=""margin:0"">- Persones de 16 a 29 anys</p><p style=""margin:0"">- Majors de 65 anys</p><p style=""margin:0"">- Jubilats</p><p style=""margin:0"">- Persones a l'atur</p><p style=""margin:0"">- Targeta rosa reduïda</p><p style=""margin:0"">- Família nombrosa i monparental</p><p style=""margin:0"">- Carnet de Biblioteques</p><p style=""margin:0""><br></p><p style=""margin:0""><strong>Gratuït</strong>:</p><p style=""margin:0"">- Menors de 16 anys</p><p style=""margin:0"">- Registrats al programa Gaudir+BCN</p><p style=""margin:0"">- Carnet de l'ICOM</p><p style=""margin:0"">- Guies turístics professionals</p><p style=""margin:0"">exercint la professió</p><p style=""margin:0"">- Professors d'ensenyament</p><p style=""margin:0"">reglat acreditat</p><p style=""margin:0"">- Periodistes acreditats</p><p style=""margin:0"">- Carnet Associació Museòlegs</p><p style=""margin:0"">de Catalunya</p><p style=""margin:0"">- Targeta rosa gratuïta</p><p style=""margin:0"">- Passi metropolità d'acompanyant</p><p style=""margin:0"">- 1r diumenge de mes</p><p style=""margin:0"">- Diumenges (de 15 a 20 h)</p><p style=""margin:0"">- 12 de febrer (Santa Eulàlia)</p><p style=""margin:0"">- 18 de maig (Dia Internacional dels Museus)</p><p style=""margin:0"">- 16 de juny (Corpus)</p><p style=""margin:0"">- 24 de setembre (La Mercè)</p></div></td><td class=""timetable-description"" rowspan=3><div><p style=""margin:0""><br></p><p style=""margin:0""><br></p><p style=""margin:0""><br></p><p style=""margin:0""><br></p><p style=""margin:0""><br></p><p style=""margin:0"">Validant el tiquet  d'entrada es pot gaudir  d'una segona visita dins  els sis mesos següents.</p><p style=""margin:0""><br></p><p style=""margin:0""><br></p><p style=""margin:0"">L'espai habilitat com a refugi climàtic és d'accés gratuït</p></div></td></tr><tr><td class=""timetable-day"" rowspan=1><div><p style=""margin:0"">Diumenge i festius </p><p style=""margin:0"">Tancat 25 de desembre, 1 de gener, 1 de maig i 24 de juny</p></div></td><td class=""timetable-hour"" rowspan=1><div>d'11:00 h a 20:00 h</div></td></tr><tr><td class=""timetable-day"" rowspan=1><div><p style=""margin:0"">La Nit dels Museus 2026:</p><p style=""margin:0"">16 de maig</p></div></td><td class=""timetable-hour"" rowspan=1><div>de 19.00&nbsp;h a 01.00&nbsp;h</div></td><td class=""timetable-price"" rowspan=1><div>Entrada Gratuïta</div></td></tr></table>"
﻿75990049036,Farmàcia Valero Barlabé,,,1996-09-18T00:00:00+02:00,2025-11-18T14:23:20.336386+01:00,,,103003,Doctor Pi i Molist,1,,46,el Turó de la Peira,08,Nou Barris,08031,BARCELONA,True,,693679,100002,Informació d'interès,E-mail,farmaciavirreiamat@gmail.com,False,,431031.8893531532,4586886.928146903,41.43058770195979,2.174550574268175,"<table class=""timetable-table""><tr class=""timetable-header""><th class=""weekdays"">Dies</th><th class=""hours"">Hores</th></tr><tr><td class=""timetable-day"" rowspan=1><div>De dilluns a divendres</div></td><td class=""timetable-hour"" rowspan=1><div>de 08.00&nbsp;h a 22.00&nbsp;h</div></td></tr><tr><td class=""timetable-day"" rowspan=1><div>Dissabte i diumenge</div></td><td class=""timetable-hour"" rowspan=1><div>de 09.00&nbsp;h a 22.00&nbsp;h</div></td></tr></table>"
﻿99400685645,Supermercat Foodcoop BCN,,,2022-02-08T09:53:14.781673+01:00,2025-06-04T13:04:50.748720+02:00,,,018607,Passatge d'Aragó,9,9,08,l'Antiga Esquerra de l'Eixample,02,Eixample,08011,Barcelona,True,,441719,100002,Informació d'interès,E-mail,hola@foodcoopbcn.cat,False,,429546.60992081003,4581906.40646946,41.385601116042025,2.1573555655373515,"<table class=""timetable-table""><tr class=""timetable-header""><th class=""period"">Període</th><th class=""weekdays"">Dies</th><th class=""hours"">Hores</th></tr><tr><td class=""timetable-period"" rowspan=4><div><p style=""margin:0"">Horari habitual</p></div></td><td class=""timetable-day"" rowspan=1><div>Dilluns</div></td><td class=""timetable-hour"" rowspan=1><div>de 17.00&nbsp;h a 21.00&nbsp;h</div></td></tr><tr><td class=""timetable-day"" rowspan=1><div>Dimarts, dimecres i dijous</div></td><td class=""timetable-hour"" rowspan=1><div>de 10.00&nbsp;h a 14.00&nbsp;h i <br>de 17.00&nbsp;h a 21.00&nbsp;h</div></td></tr><tr><td class=""timetable-day"" rowspan=1><div>Divendres</div></td><td class=""timetable-hour"" rowspan=1><div>de 10.00&nbsp;h a 21.00&nbsp;h</div></td></tr><tr><td class=""timetable-day"" rowspan=1><div>Dissabte</div></td><td class=""timetable-hour"" rowspan=1><div>de 10.00&nbsp;h a 14.00&nbsp;h</div></td></tr><tr><td class=""timetable-period"" rowspan=1><div>Del 4 agost al 17 agost</div></td><td class=""timetable-day"" rowspan=1><div>Tots els dies tancat</div></td><td class=""timetable-hour"" rowspan=1><div><p style=""margin:0"">Tancat</p></div></td></tr></table>"
﻿99400651552,Pavellons Poliesportius Municipals Camp del Ferro,,,2020-03-25T11:29:10+01:00,2026-09-16T13:48:02.294422+02:00,,,700715,Plaça d'Albert Badia i Mur,1,,61,la Sagrera,09,Sant Andreu,08027,Barcelona,True,,233770,20001,Telèfons,Tel.,93 707 76 41,True,,432617.74002387305,4586570.108553563,41.427868820111236,2.1935644214906227,"<table class=""timetable-table""><tr class=""timetable-header""><th class=""period"">Període</th><th class=""weekdays"">Dies</th><th class=""hours"">Hores</th></tr><tr><td class=""timetable-period"" rowspan=2><div>Del 16 setembre al 30 juny</div></td><td class=""timetable-day"" rowspan=1><div>De dilluns a divendres</div></td><td class=""timetable-hour"" rowspan=1><div>de 08.00&nbsp;h a 14.00&nbsp;h i <br>de 15.00&nbsp;h a 23.30&nbsp;h</div></td></tr><tr><td class=""timetable-day"" rowspan=1><div>Dissabte i diumenge</div></td><td class=""timetable-hour"" rowspan=1><div>de 08.30&nbsp;h a 22.00&nbsp;h</div></td></tr><tr><td class=""timetable-period"" rowspan=1><div>De l'1 juliol al 31 juliol</div></td><td class=""timetable-day"" rowspan=1><div>De dilluns a divendres</div></td><td class=""timetable-hour"" rowspan=1><div>de 08.00&nbsp;h a 14.00&nbsp;h i <br>de 15.00&nbsp;h a 23.30&nbsp;h</div></td></tr><tr><td class=""timetable-period"" rowspan=1><div>De l'1 agost al 15 agost</div></td><td class=""timetable-day"" rowspan=1><div>De dilluns a divendres</div></td><td class=""timetable-hour"" rowspan=1><div>de 16.00&nbsp;h a 20.00&nbsp;h</div></td></tr><tr><td class=""timetable-period"" rowspan=1><div>Del 16 agost al 31 agost</div></td><td class=""timetable-day"" rowspan=2><div>De dilluns a divendres</div></td><td class=""timetable-hour"" rowspan=1><div>de 08.00&nbsp;h a 20.00&nbsp;h</div></td></tr><tr><td class=""timetable-period"" rowspan=1><div>De l'1 setembre al 15 setembre</div></td><td class=""timetable-hour"" rowspan=1><div>de 08.00&nbsp;h a 14.00&nbsp;h i <br>de 15.00&nbsp;h a 23.30&nbsp;h</div></td></tr></table>"
﻿92086011175,Casal de Gent Gran del Taulat,,,1985-02-21T00:00:00+01:00,2026-09-01T08:38:11.781881+02:00,,,186703,Carrer de Llull,214,216,68,el Poblenou,10,Sant Martí,08005,Barcelona,True,,40685,100002,Informació d'interès,E-mail,casalgg.taulatcansaladrigas@bcn.cat,True,,433422.877,4583677.952,41.4018871248243,2.2035177464180573,"<table class=""timetable-table""><tr class=""timetable-header""><th class=""period"">Període</th><th class=""weekdays"">Dies</th><th class=""hours"">Hores</th></tr><tr><td class=""timetable-period"" rowspan=1><div>de l'1 de setembre<br>al 31 de juliol</div></td><td class=""timetable-day"" rowspan=1><div>De dilluns a divendres</div></td><td class=""timetable-hour"" rowspan=1><div>de 09.30&nbsp;h a 13.30&nbsp;h i <br>de 16.00&nbsp;h a 19.00&nbsp;h</div></td></tr><tr><td class=""timetable-period"" rowspan=1><div>de l'1 d'agost<br>al 31 d'agost</div></td><td class=""timetable-day"" rowspan=1><div>Tots els dies tancat</div></td><td class=""timetable-hour"" rowspan=1><div><p style=""margin:0"">Tancat</p></div></td></tr></table>"
﻿99400643473,Jardins del Doctor Pla i Armengol,,,2019-12-09T12:03:22+01:00,2026-09-22T16:53:48.575465+02:00,,,365702,Av Mare de Déu de Montserrat,132,,35,el Guinardó,07,Horta-Guinardó,08041,BARCELONA,True,,756860,100060,Variables,merce-eq-accessos,https://www.barcelona.cat/lamerce/sites/default/files/2026-09/Mapa_Jardins%20Doctor%20Pla%20i%20Armengol_M26.pdf,False,,430629.4495921007,4585271.804805748,41.41600623064466,2.1699197153982093,"<table class=""timetable-table""><tr class=""timetable-header""><th class=""period"">Període</th><th class=""weekdays"">Dies</th><th class=""hours"">Hores</th><th class=""description"">Observacions</th></tr><tr><td class=""timetable-period"" rowspan=1><div><p style=""margin:0"">Horari d'hivern</p><p style=""margin:0"">de l'1 de novembre al 31 de març</p></div></td><td class=""timetable-day"" rowspan=2><div>Cada dia</div></td><td class=""timetable-hour"" rowspan=1><div>de 07.30&nbsp;h a 19.00&nbsp;h</div></td><td class=""timetable-description"" rowspan=2><div>Hora de tancament<br>aproximada,en funció de<br> l'horari solar (tanquen<br> quan es fa fosc, al capvespre)</div></td></tr><tr><td class=""timetable-period current"" rowspan=1><div><p style=""margin:0"">Horari d'estiu</p><p style=""margin:0"">de l'1 d'abril al 31 d'octubre</p></div></td><td class=""timetable-hour"" rowspan=1><div>de 07.30&nbsp;h a 21.00&nbsp;h</div></td></tr></table>"
﻿117132415,Piscines Cobertes,99186122857,Centre Esportiu Municipal Les Corts,2000-04-26T00:00:00+02:00,2026-07-27T12:36:58.512699+02:00,,,343903,Travessera de les Corts,252,254,19,les Corts,04,Les Corts,08014,Barcelona,True,,33343,100002,Informació d'interès,E-mail,infolescorts@forus.es,True,,427609.835,4581935.189,41.38568839756452,2.1341902003518096,"<table class=""timetable-table""><tr class=""timetable-header""><th class=""weekdays"">Dies</th><th class=""hours"">Hores</th></tr><tr><td class=""timetable-day"" rowspan=1><div>De dilluns a divendres</div></td><td class=""timetable-hour"" rowspan=1><div>de 06.30&nbsp;h a 23.00&nbsp;h</div></td></tr><tr><td class=""timetable-day"" rowspan=1><div>Dissabte</div></td><td class=""timetable-hour"" rowspan=1><div>de 08.00&nbsp;h a 20.00&nbsp;h</div></td></tr><tr><td class=""timetable-day"" rowspan=1><div>Diumenge</div></td><td class=""timetable-hour"" rowspan=1><div>de 09.00&nbsp;h a 20.00&nbsp;h</div></td></tr><tr><td class=""timetable-day"" rowspan=1><div><p style=""margin:0"">Festius</p></div></td><td class=""timetable-hour"" rowspan=1><div>de 09.00&nbsp;h a 15.00&nbsp;h</div></td></tr></table>"
﻿75990552606,Llibreria Alibri,,,1999-03-27T00:00:00+01:00,2026-05-08T14:18:48.360572+02:00,,,032700,Carrer de Balmes,26,,07,la Dreta de l'Eixample,02,Eixample,08007,Barcelona,True,,71921,100003,Informació d'interès,Web,https://www.bookish.org/ca/libreria/alibri,True,,430166.5927335714,4582155.269106518,41.38789659900608,2.164741306620013,"<table class=""timetable-table""><tr class=""timetable-header""><th class=""weekdays"">Dies</th><th class=""hours"">Hores</th></tr><tr><td class=""timetable-day"" rowspan=1><div>De dilluns a divendres</div></td><td class=""timetable-hour"" rowspan=1><div>de 08.30&nbsp;h a 21.00&nbsp;h</div></td></tr><tr><td class=""timetable-day"" rowspan=1><div>Dissabte</div></td><td class=""timetable-hour"" rowspan=1><div>de 09.00&nbsp;h a 14.00&nbsp;h</div></td></tr></table>"
﻿92086010504,Centre Esportiu Municipal Can Caralleu,,,1989-10-09T00:00:00+01:00,2026-07-29T08:51:51.709072+02:00,,,098854,Carrer dels Esports,2,,23,Sarrià,05,Sarrià-Sant Gervasi,08017,Barcelona,True,,40842,100002,Informació d'interès,E-mail,cancaralleu@cancaralleu.cat,True,,425646.9193343908,4583653.677525185,41.40098699374352,2.1105047906383008,"<table class=""timetable-table""><tr class=""timetable-header""><th class=""period"">Període</th><th class=""weekdays"">Dies</th><th class=""hours"">Hores</th><th class=""description"">Observacions</th></tr><tr><td class=""timetable-period"" rowspan=3><div><p style=""margin:0"">De setembre a juny</p></div></td><td class=""timetable-day"" rowspan=1><div>De dilluns a divendres</div></td><td class=""timetable-hour"" rowspan=1><div>de 06.45&nbsp;h a 22.30&nbsp;h</div></td><td class=""timetable-description"" rowspan=9><div>Aforament limitat</div></td></tr><tr><td class=""timetable-day"" rowspan=1><div>Dissabte</div></td><td class=""timetable-hour"" rowspan=1><div>de 08.00&nbsp;h a 20.30&nbsp;h</div></td></tr><tr><td class=""timetable-day"" rowspan=1><div>Diumenge i  festius</div></td><td class=""timetable-hour"" rowspan=1><div>de 08.30&nbsp;h a 15.30&nbsp;h</div></td></tr><tr><td class=""timetable-period"" rowspan=3><div>Juliol</div></td><td class=""timetable-day"" rowspan=1><div>De dilluns a divendres</div></td><td class=""timetable-hour"" rowspan=1><div>de 06.45&nbsp;h a 22.30&nbsp;h</div></td></tr><tr><td class=""timetable-day"" rowspan=1><div>Dissabte</div></td><td class=""timetable-hour"" rowspan=1><div>de 08.00&nbsp;h a 20.30&nbsp;h</div></td></tr><tr><td class=""timetable-day"" rowspan=1><div>Diumenge i  festius</div></td><td class=""timetable-hour"" rowspan=1><div>de 09.00&nbsp;h a 15.30&nbsp;h</div></td></tr><tr><td class=""timetable-period"" rowspan=3><div>Agost</div></td><td class=""timetable-day"" rowspan=1><div>De dilluns a divendres</div></td><td class=""timetable-hour"" rowspan=1><div>de 06.45&nbsp;h a 21.00&nbsp;h</div></td></tr><tr><td class=""timetable-day"" rowspan=1><div>Dissabte</div></td><td class=""timetable-hour"" rowspan=1><div>de 08.00&nbsp;h a 20.30&nbsp;h</div></td></tr><tr><td class=""timetable-day"" rowspan=1><div>Diumenge i  festius</div></td><td class=""timetable-hour"" rowspan=1><div>de 09.00&nbsp;h a 15.30&nbsp;h</div></td></tr></table>"
﻿75990017682,Farmàcia Torres *24 hores,,,1996-09-17T00:00:00+02:00,2026-05-08T14:13:49.770423+02:00,,,023403,Carrer d'Aribau,62,,08,l'Antiga Esquerra de l'Eixample,02,Eixample,08011,Barcelona,True,,640423,100003,Informació d'interès,Web,https://www.farmaguia.net/desktop/,False,,429704.21920904913,4582245.748127838,41.388671238688204,2.159201050653137,"<table class=""timetable-table""><tr class=""timetable-header""><th class=""weekdays"">Dies</th><th class=""hours"">Hores</th></tr><tr><td class=""timetable-day"" rowspan=1><div>Cada dia</div></td><td class=""timetable-hour"" rowspan=1><div>de 00:00 h a 24:00 h</div></td></tr></table>"
﻿99400191463,Espai Jove Casa Sagnier,,,2007-10-01T00:00:00+02:00,2026-09-01T10:50:11.253520+02:00,,,050202,C Brusi,51,,26,Sant Gervasi - Galvany,05,Sarrià-Sant Gervasi,08006,BARCELONA,True,,52749,100002,Informació d'interès,E-mail,espaijove@casasagnier.net,True,,428457.98299911804,4583766.283033315,41.402256229501496,2.144116918008087,"<table class=""timetable-table""><tr class=""timetable-header""><th class=""period"">Període</th><th class=""weekdays"">Dies</th><th class=""hours"">Hores</th></tr><tr><td class=""timetable-period"" rowspan=2><div>de l'1 de setembre<br>al 31 de juliol</div></td><td class=""timetable-day"" rowspan=1><div>De dilluns a divendres</div></td><td class=""timetable-hour"" rowspan=1><div>de 09.00&nbsp;h a 21.00&nbsp;h</div></td></tr><tr><td class=""timetable-day"" rowspan=1><div>Dissabte</div></td><td class=""timetable-hour"" rowspan=1><div>de 16.00&nbsp;h a 20.00&nbsp;h</div></td></tr><tr><td class=""timetable-period"" rowspan=1><div>de l'1 d'agost<br>al 31 d'agost</div></td><td class=""timetable-day"" rowspan=1><div>Tots els dies</div></td><td class=""timetable-hour"" rowspan=1><div>Tancat</div></td></tr></table>"
﻿92086004882,Farmàcia León,,,1991-02-26T00:00:00+01:00,2026-06-23T10:26:01.513712+02:00,,,296202,Carrer Gran de Sant Andreu,91,,60,Sant Andreu,09,Sant Andreu,08030,Barcelona,True,,639674,100003,Informació d'interès,Web,https://www.farmaguia.net/desktop/,False,,432287.15017821826,4586842.446833835,41.430293879511716,2.1895777736199955,"<table class=""timetable-table""><tr class=""timetable-header""><th class=""weekdays"">Dies</th><th class=""hours"">Hores</th></tr><tr><td class=""timetable-day"" rowspan=1><div>Cada dia</div></td><td class=""timetable-hour"" rowspan=1><div>de 09.00&nbsp;h a 21.30&nbsp;h</div></td></tr></table>"
﻿99400247088,Piscines Cobertes,99400247031,Centre Esportiu Municipal Putxet,2010-05-13T00:00:00+02:00,2026-07-27T12:43:47.299381+02:00,,,198101,Carrer de Marmellà,23,,27,el Putxet i el Farró,05,Sarrià-Sant Gervasi,08023,Barcelona,True,,54722,100002,Informació d'interès,E-mail,info@putxetsport.cat,True,,428230.39803281566,4584598.12887321,41.40972803896788,2.141295887779283,"<table class=""timetable-table""><tr class=""timetable-header""><th class=""weekdays"">Dies</th><th class=""hours"">Hores</th></tr><tr><td class=""timetable-day"" rowspan=1><div>De dilluns a divendres</div></td><td class=""timetable-hour"" rowspan=1><div>de 07.00&nbsp;h a 22.30&nbsp;h</div></td></tr><tr><td class=""timetable-day"" rowspan=1><div>Dissabte</div></td><td class=""timetable-hour"" rowspan=1><div>de 08.00&nbsp;h a 20.00&nbsp;h</div></td></tr><tr><td class=""timetable-day"" rowspan=1><div>Diumenge i  festius</div></td><td class=""timetable-hour"" rowspan=1><div>de 09.00&nbsp;h a 14.30&nbsp;h</div></td></tr></table>"
﻿99400175567,Jardins de Tete Montoliu,,,2007-01-15T13:25:26+01:00,2026-08-25T14:57:30.032037+02:00,,,323203,Carrer de Sepúlveda,90,90,10,Sant Antoni,02,Eixample,08015,Barcelona,True,,668028,100097,Variables,Text per a la web de Refugis Climàtics - detalls,<p>Durant episodis d'altes temperatures els espais exteriors poden no oferir el confort tèrmic necessari</p>,False,,429521.94316748,4581179.1137424605,41.37904847535037,2.1571451648239623,"<table class=""timetable-table""><tr class=""timetable-header""><th class=""period"">Període</th><th class=""weekdays"">Dies</th><th class=""hours"">Hores</th><th class=""description"">Observacions</th></tr><tr><td class=""timetable-period"" rowspan=1><div><p style=""margin:0"">Horari d'hivern</p><p style=""margin:0"">De l'1 novembre al 31 març</p><p style=""margin:0""><br></p></div></td><td class=""timetable-day"" rowspan=2><div>Cada dia</div></td><td class=""timetable-hour"" rowspan=1><div>de 09.00&nbsp;h a 19.00&nbsp;h</div></td><td class=""timetable-description"" rowspan=2><div>Hora de tancament<br>aproximada,en funció de<br> l'horari solar (tanquen<br> quan es fa fosc, al capvespre)</div></td></tr><tr><td class=""timetable-period current"" rowspan=1><div><p style=""margin:0"">Horari d'estiu</p><p style=""margin:0"">de l'1 d'abril al 31 d'octubre</p></div></td><td class=""timetable-hour"" rowspan=1><div>de 09.00&nbsp;h a 21.00&nbsp;h</div></td></tr></table>"
﻿92086001950,Biblioteca Oriol Bohigas,92086001948,Escola Tècnica Superior d'Arquitectura de Barcelona - UPC,1986-05-16T00:00:00+02:00,2026-09-01T09:05:37.427321+02:00,,,144601,Avinguda Diagonal,649,,20,la Maternitat i Sant Ramon,04,Les Corts,08028,Barcelona,True,,40025,100002,Informació d'interès,E-mail,etsab@upc.edu,True,,425867.66359538154,4581812.363537365,41.384423505592665,2.113370660627247,"<table class=""timetable-table""><tr class=""timetable-header""><th class=""period"">Període</th><th class=""weekdays"">Dies</th><th class=""hours"">Hores</th></tr><tr><td class=""timetable-period"" rowspan=1><div><p style=""margin:0"">Horari al llarg de l'any</p></div></td><td class=""timetable-day"" rowspan=1><div>De dilluns a divendres</div></td><td class=""timetable-hour"" rowspan=1><div>de 08.30&nbsp;h a 20.00&nbsp;h</div></td></tr><tr><td class=""timetable-period"" rowspan=1><div><p style=""margin:0"">Estiu 2026</p><p style=""margin:0"">Del 22 juny al 31 juliol</p></div></td><td class=""timetable-day"" rowspan=1><div>De dilluns a divendres</div></td><td class=""timetable-hour"" rowspan=1><div>de 08.30&nbsp;h a 14.00&nbsp;h</div></td></tr><tr><td class=""timetable-period"" rowspan=1><div>De l'1 agost al 31 agost</div></td><td class=""timetable-day"" rowspan=1><div><p style=""margin:0"">Tots el dies</p></div></td><td class=""timetable-hour"" rowspan=1><div><p style=""margin:0"">Tancada</p></div></td></tr><tr><td class=""timetable-period"" rowspan=1><div>De l'1 setembre al 13 setembre</div></td><td class=""timetable-day"" rowspan=1><div>De dilluns a divendres</div></td><td class=""timetable-hour"" rowspan=1><div>de 08.30&nbsp;h a 14.00&nbsp;h</div></td></tr></table>"
﻿92086004419,Centre Cívic La Sedeta,,,1984-05-30T00:00:00+02:00,2026-09-01T07:54:48.637816+02:00,,,325005,Carrer de Sicília,321,,32,el Camp d'en Grassot i Gràcia Nova,06,Gràcia,08025,Barcelona,True,,39583,100002,Informació d'interès,E-mail,ccsedeta@bcn.cat,True,,430431.78075060085,4584115.699037433,41.405576512012246,2.167687591797475,"<table class=""timetable-table""><tr class=""timetable-header""><th class=""period"">Període</th><th class=""weekdays"">Dies</th><th class=""hours"">Hores</th></tr><tr><td class=""timetable-period"" rowspan=2><div>De l'1 octubre al 30 juny</div></td><td class=""timetable-day"" rowspan=1><div>De dilluns a divendres</div></td><td class=""timetable-hour"" rowspan=1><div>de 09.00&nbsp;h a 22.00&nbsp;h</div></td></tr><tr><td class=""timetable-day"" rowspan=1><div>Dissabte</div></td><td class=""timetable-hour"" rowspan=1><div><p style=""margin:0"">de 10.00&nbsp;h a 14.00&nbsp;h i</p><p style=""margin:0""><span class=""ql-cursor"">﻿</span>de 16.00&nbsp;h a 21.00&nbsp;h</p></div></td></tr><tr><td class=""timetable-period"" rowspan=2><div><p style=""margin:0"">Estiu 2026</p><p style=""margin:0"">De l'1 juliol al 31 juliol</p></div></td><td class=""timetable-day"" rowspan=1><div>De dilluns a divendres</div></td><td class=""timetable-hour"" rowspan=1><div>de 09.00&nbsp;h a 22.00&nbsp;h</div></td></tr><tr><td class=""timetable-day"" rowspan=1><div>Dissabte</div></td><td class=""timetable-hour"" rowspan=1><div>de 10.00&nbsp;h a 14.00&nbsp;h</div></td></tr><tr><td class=""timetable-period"" rowspan=1><div>De l'1 agost al 31 agost</div></td><td class=""timetable-day"" rowspan=1><div><p style=""margin:0"">Tots els dies</p></div></td><td class=""timetable-hour"" rowspan=1><div><p style=""margin:0"">Tancat</p></div></td></tr><tr><td class=""timetable-period current"" rowspan=2><div>De l'1 setembre al 30 setembre</div></td><td class=""timetable-day"" rowspan=1><div>De dilluns a divendres</div></td><td class=""timetable-hour"" rowspan=1><div>de 09.00&nbsp;h a 22.00&nbsp;h</div></td></tr><tr><td class=""timetable-day"" rowspan=1><div>Dissabte</div></td><td class=""timetable-hour"" rowspan=1><div>de 10.00&nbsp;h a 14.00&nbsp;h</div></td></tr></table>"
﻿99400780996,Jardi de les Tres Torres,,,2026-05-08T13:17:51.644664+02:00,2026-05-08T13:21:11.878577+02:00,,,143904,Ronda del General Mitre,76,76,26,Sant Gervasi - Galvany,05,Sarrià-Sant Gervasi,08017,Barcelona,True,,,,,,,,,427587.875,4583373.801,41.39864341284636,2.1337555801998596,
﻿99400215764,Casal de Gent Gran Vall d'Hebron,,,2008-10-21T12:13:08+02:00,2026-07-29T08:51:24.105366+02:00,,,700830,C Arquitecte Moragas,5,,41,la Vall d'Hebron,07,Horta-Guinardó,08035,BARCELONA,True,,53683,100002,Informació d'interès,E-mail,cggvallhebron@bcn.cat,True,,428743.246510245,4587155.736053634,41.43280895696014,2.1471299773501786,"<table class=""timetable-table""><tr class=""timetable-header""><th class=""period"">Període</th><th class=""weekdays"">Dies</th><th class=""hours"">Hores</th></tr><tr><td class=""timetable-period current"" rowspan=2><div><p style=""margin:0"">De setembre a juliol</p></div></td><td class=""timetable-day"" rowspan=1><div>De dilluns a divendres</div></td><td class=""timetable-hour"" rowspan=1><div>de 09.00&nbsp;h a 13.30&nbsp;h i <br>de 16.00&nbsp;h a 20.00&nbsp;h</div></td></tr><tr><td class=""timetable-day"" rowspan=1><div>Dissabte</div></td><td class=""timetable-hour"" rowspan=1><div>de 16:00 h a 20:00 h</div></td></tr><tr><td class=""timetable-period"" rowspan=1><div><p style=""margin:0"">Agost</p></div></td><td class=""timetable-day"" rowspan=1><div>De dilluns a dissabte</div></td><td class=""timetable-hour"" rowspan=1><div>de 16.00&nbsp;h a 20.00&nbsp;h</div></td></tr></table>"
﻿99400780883,Refugi climàtic,99400327935,Església Evangèlica Unida de Barcelona (Assemblea de Germans),2026-05-07T11:35:52.231247+02:00,2026-05-07T11:37:34.024133+02:00,,,319104,Carrer de Santa Pau,102,102,45,Porta,08,Nou Barris,08016,Barcelona,True,,732250,100002,Informació d'interès,E-mail,unidabarcelona@eubcn.org,True,,431414.601,4587034.778,41.43195210312594,2.179113855655208,"<table class=""timetable-table""><tr class=""timetable-header""><th class=""weekdays"">Dies</th><th class=""hours"">Hores</th></tr><tr><td class=""timetable-day"" rowspan=1><div>Diumenge</div></td><td class=""timetable-hour"" rowspan=1><div>de 10.00&nbsp;h a 14.00&nbsp;h</div></td></tr></table>"
﻿92086003435,Hospital de la Santa Creu i Sant Pau,,,1988-03-18T00:00:00+01:00,2026-08-21T09:28:17.216389+02:00,,,310008,C Sant Quintí,89,,35,el Guinardó,07,Horta-Guinardó,08041,BARCELONA,True,,39580,100002,Informació d'interès,E-mail,atenciousuari@santpau.cat,True,,430966.4933325924,4585205.834517813,41.415441083959905,2.1739598683555683,
﻿92086001171,Biblioteca Francesca Bonnemaison,99400069663,Espai Francesca Bonnemaison,1984-05-30T00:00:00+02:00,2026-07-16T14:56:43.031516+02:00,,,031707,Carrer de Sant Pere Més Baix,7,,04,"Sant Pere, Santa Caterina i la Ribera",01,Ciutat Vella,08003,Barcelona,True,,39538,100002,Informació d'interès,E-mail,b.barcelona.fb@diba.cat,True,,431090.83977256936,4582043.322388524,41.38696803670603,2.17580760715867,"<table class=""timetable-table""><tr class=""timetable-header""><th class=""period"">Període</th><th class=""weekdays"">Dies</th><th class=""hours"">Hores</th></tr><tr><td class=""timetable-period current"" rowspan=5><div><p style=""margin:0"">Horari habitual</p><p style=""margin:0"">al llarg de l'any</p></div></td><td class=""timetable-day"" rowspan=1><div>Dilluns i Dijous</div></td><td class=""timetable-hour"" rowspan=1><div>de 15.00&nbsp;h a 20.00&nbsp;h</div></td></tr><tr><td class=""timetable-day"" rowspan=1><div><p style=""margin:0"">Dimarts i Divendres</p><p style=""margin:0"">excepte dimarts 23 de juny</p></div></td><td class=""timetable-hour"" rowspan=1><div>de 09.30&nbsp;h a 13.30&nbsp;h i <br>de 15.00&nbsp;h a 20.00&nbsp;h</div></td></tr><tr><td class=""timetable-day"" rowspan=1><div><p style=""margin:0"">Dimarts 23 de juny</p></div></td><td class=""timetable-hour"" rowspan=1><div>de 09.30&nbsp;h a 13.30&nbsp;h</div></td></tr><tr><td class=""timetable-day"" rowspan=1><div>Dimecres</div></td><td class=""timetable-hour"" rowspan=1><div>de 09.30&nbsp;h a 20.00&nbsp;h</div></td></tr><tr><td class=""timetable-day"" rowspan=1><div>Dissabte</div></td><td class=""timetable-hour"" rowspan=1><div>de 10.00&nbsp;h a 14.00&nbsp;h</div></td></tr><tr><td class=""timetable-period"" rowspan=3><div><p style=""margin:0"">Estiu 2026</p><p style=""margin:0"">Del 24 juny al 24 setembre</p></div></td><td class=""timetable-day"" rowspan=1><div>Dilluns i dijous</div></td><td class=""timetable-hour"" rowspan=1><div>de 15.00&nbsp;h a 20.00&nbsp;h</div></td></tr><tr><td class=""timetable-day"" rowspan=1><div>Dimarts i divendres</div></td><td class=""timetable-hour"" rowspan=1><div>de 09.30&nbsp;h a 13.30&nbsp;h i <br>de 15.00&nbsp;h a 20.00&nbsp;h</div></td></tr><tr><td class=""timetable-day"" rowspan=1><div>Dimecres</div></td><td class=""timetable-hour"" rowspan=1><div>de 09.30&nbsp;h a 20.00&nbsp;h</div></td></tr></table>"
﻿92086011112,Casal de Gent Gran del Poble-sec,,,1985-02-21T00:00:00+01:00,2026-07-17T12:04:08.979592+02:00,,,043309,Plaça del Sortidor,12,,11,el Poble-sec,03,Sants-Montjuïc,08004,Barcelona,True,,40889,100002,Informació d'interès,E-mail,infopoblesec@esport3.org,True,,429966.28604534914,4580403.151166491,41.37209842165101,2.162548215783544,"<table class=""timetable-table""><tr class=""timetable-header""><th class=""period"">Període</th><th class=""weekdays"">Dies</th><th class=""hours"">Hores</th></tr><tr><td class=""timetable-period current"" rowspan=1><div>Del 3 setembre al 31 juliol</div></td><td class=""timetable-day"" rowspan=1><div>De dilluns a divendres</div></td><td class=""timetable-hour"" rowspan=1><div>de 10:00 h a 13:00 h i<BR>de 16:00 h a 19:30 h</div></td></tr><tr><td class=""timetable-period"" rowspan=1><div>De l'1 agost al 2 setembre</div></td><td class=""timetable-day"" rowspan=1><div><p style=""margin:0"">Tots els dies</p></div></td><td class=""timetable-hour"" rowspan=1><div><p style=""margin:0"">Tancat</p></div></td></tr></table>"
﻿75990127852,Cafeteria Bracafé *Comte d'Urgell 35,,,1996-09-18T00:00:00+02:00,2026-09-22T10:37:34.948719+02:00,,,349706,Carrer del Comte d'Urgell,35,,10,Sant Antoni,02,Eixample,08011,Barcelona,True,,36244,100002,Informació d'interès,E-mail,bracafe@bracafe.com,True,,429777.50168013026,4581367.129717357,41.380764217472205,2.160179315634491,"<table class=""timetable-table""><tr class=""timetable-header""><th class=""weekdays"">Dies</th><th class=""hours"">Hores</th></tr><tr><td class=""timetable-day"" rowspan=1><div>De dilluns a divendres</div></td><td class=""timetable-hour"" rowspan=1><div>de 07.00&nbsp;h a 13.00&nbsp;h</div></td></tr></table>"
﻿99400605576,Restaurant La Comtal,,,2018-08-08T11:37:41+02:00,2025-10-28T10:53:14.045196+01:00,,,029705,C Ajuntament,9,,60,Sant Andreu,09,Sant Andreu,08030,BARCELONA,True,,60985,100002,Informació d'interès,E-mail,lacomtal@lacomtal.com,True,,432367.6332774309,4587437.868048766,41.435663416183885,2.1904743174945085,"<table class=""timetable-table""><tr class=""timetable-header""><th class=""weekdays"">Dies</th><th class=""hours"">Hores</th></tr><tr><td class=""timetable-day"" rowspan=1><div>De dilluns a divendres</div></td><td class=""timetable-hour"" rowspan=1><div>de 09.15&nbsp;h a 15.30&nbsp;h</div></td></tr><tr><td class=""timetable-day"" rowspan=1><div>Dissabte i diumenge</div></td><td class=""timetable-hour"" rowspan=1><div>de 10.00&nbsp;h a 15.00&nbsp;h</div></td></tr></table>"
﻿92086010030,Biblioteca,92086010028,Escola Tècnica Superior d'Enginyeria Industrial de Barcelona - UPC,1986-05-16T00:00:00+02:00,2026-09-01T09:03:12.986793+02:00,,,144601,Avinguda Diagonal,647,,20,la Maternitat i Sant Ramon,04,Les Corts,08028,Barcelona,True,,40074,100002,Informació d'interès,E-mail,etseib@upc.edu,True,,426025.30305167846,4581863.652071393,41.38489994951896,2.1152495646604175,"<table class=""timetable-table""><tr class=""timetable-header""><th class=""period"">Període</th><th class=""weekdays"">Dies</th><th class=""hours"">Hores</th></tr><tr><td class=""timetable-period current"" rowspan=1><div><p style=""margin:0"">Horari al llarg de l'any</p></div></td><td class=""timetable-day"" rowspan=1><div>De dilluns a divendres</div></td><td class=""timetable-hour"" rowspan=1><div>de 08.30&nbsp;h a 20.30&nbsp;h</div></td></tr><tr><td class=""timetable-period"" rowspan=2><div><p style=""margin:0"">Estiu 2026</p><p style=""margin:0"">De l'1 juliol al 31 juliol</p><p style=""margin:0""><br></p></div></td><td class=""timetable-day"" rowspan=1><div>De dilluns a divendres excepte 1 juliol</div></td><td class=""timetable-hour"" rowspan=1><div>de 08.30&nbsp;h a 14.00&nbsp;h</div></td></tr><tr><td class=""timetable-day"" rowspan=1><div>1 juliol</div></td><td class=""timetable-hour"" rowspan=1><div>de 08.30&nbsp;h a 17.00&nbsp;h</div></td></tr><tr><td class=""timetable-period"" rowspan=1><div>De l'1 agost al 30 agost</div></td><td class=""timetable-day"" rowspan=1><div><p style=""margin:0"">Tors els dies</p></div></td><td class=""timetable-hour"" rowspan=1><div><p style=""margin:0"">Tancada</p></div></td></tr><tr><td class=""timetable-period"" rowspan=1><div>Del 31 agost al 6 setembre</div></td><td class=""timetable-day"" rowspan=1><div>De dilluns a divendres</div></td><td class=""timetable-hour"" rowspan=1><div>de 08.30&nbsp;h a 14.00&nbsp;h</div></td></tr></table>"
﻿92086002115,Biblioteca Montserrat Abelló,,,1984-05-30T00:00:00+02:00,2026-07-16T14:56:42.507742+02:00,,,088001,Carrer dels Comtes de Bell-lloc,192,,19,les Corts,04,Les Corts,08014,Barcelona,True,,40046,100002,Informació d'interès,E-mail,b.barcelona.mab@diba.cat,True,,427700.9467943118,4581716.986865175,41.38373133027636,2.135305845435044,"<table class=""timetable-table""><tr class=""timetable-header""><th class=""period"">Període</th><th class=""weekdays"">Dies</th><th class=""hours"">Hores</th></tr><tr><td class=""timetable-period current"" rowspan=3><div><p style=""margin:0"">Horari habitual</p><p style=""margin:0"">al llarg de l'any</p></div></td><td class=""timetable-day"" rowspan=1><div>Dilluns, dijous i divendres</div></td><td class=""timetable-hour"" rowspan=1><div>de 09.30&nbsp;h a 13.30&nbsp;h i <br>de 15.30&nbsp;h a 20.30&nbsp;h</div></td></tr><tr><td class=""timetable-day"" rowspan=1><div><p style=""margin:0"">Dimarts i dimecres </p><p style=""margin:0"">excepte dimarts 23 de juny</p></div></td><td class=""timetable-hour"" rowspan=1><div>de 09:30 h a 20:30 h</div></td></tr><tr><td class=""timetable-day"" rowspan=1><div>Dissabte</div></td><td class=""timetable-hour"" rowspan=1><div>de 10:00 h a 14:00 h i<BR>de 16:00 h a 20:00 h</div></td></tr><tr><td class=""timetable-period"" rowspan=3><div><p style=""margin:0"">Estiu 2026</p><p style=""margin:0"">Del 24 juny al 24 setembre</p></div></td><td class=""timetable-day"" rowspan=1><div>Dilluns, dijous i divendres</div></td><td class=""timetable-hour"" rowspan=1><div>de 09.30&nbsp;h a 13.30&nbsp;h i <br>de 15.30&nbsp;h a 20.30&nbsp;h</div></td></tr><tr><td class=""timetable-day"" rowspan=1><div>Dimarts i dimecres</div></td><td class=""timetable-hour"" rowspan=1><div>de 09:30 h a 20:30 h</div></td></tr><tr><td class=""timetable-day"" rowspan=1><div>Dissabte</div></td><td class=""timetable-hour"" rowspan=1><div>de 10.00&nbsp;h a 14.00&nbsp;h</div></td></tr></table>"
﻿99400197043,Centre Cívic Can Castelló,,,2007-12-27T14:11:55+01:00,2026-09-01T08:16:42.523152+02:00,,,073004,Carrer de Castelló,1,7,26,Sant Gervasi - Galvany,05,Sarrià-Sant Gervasi,08021,Barcelona,True,,52955,100002,Informació d'interès,E-mail,infocancastello@gmail.com,True,,428143.81799999997,4583408.612,41.39900681458764,2.1404013062330303,"<table class=""timetable-table""><tr class=""timetable-header""><th class=""period"">Període</th><th class=""weekdays"">Dies</th><th class=""hours"">Hores</th></tr><tr><td class=""timetable-period"" rowspan=2><div>De l'1 setembre al 31 juliol</div></td><td class=""timetable-day"" rowspan=1><div>De dilluns a divendres</div></td><td class=""timetable-hour"" rowspan=1><div>de 10.00&nbsp;h a 21.00&nbsp;h</div></td></tr><tr><td class=""timetable-day"" rowspan=1><div>Dissabte</div></td><td class=""timetable-hour"" rowspan=1><div>de 10.00&nbsp;h a 14.00&nbsp;h</div></td></tr><tr><td class=""timetable-period"" rowspan=1><div>De l'1 agost al 31 agost</div></td><td class=""timetable-day"" rowspan=1><div>Tots els dies</div></td><td class=""timetable-hour"" rowspan=1><div>Tancat</div></td></tr></table>"
﻿99400187152,Biblioteca La Sagrada Família – Josep Maria Ainaud de Lasarte,,,2007-07-11T00:00:00+02:00,2026-07-16T14:56:37.850463+02:00,,,268003,Carrer de Provença,480,,06,la Sagrada Família,02,Eixample,08025,Barcelona,True,,52496,100002,Informació d'interès,E-mail,b.barcelona.sf@diba.cat,True,,431191.1523788591,4584090.577437759,41.40541560676076,2.1767746457391186,"<table class=""timetable-table""><tr class=""timetable-header""><th class=""weekdays"">Dies</th><th class=""hours"">Hores</th></tr><tr><td class=""timetable-day"" rowspan=1><div>Dilluns, dimecres i dijous</div></td><td class=""timetable-hour"" rowspan=1><div>de 09.30&nbsp;h a 13.30&nbsp;h i <br>de 15.30&nbsp;h a 20.30&nbsp;h</div></td></tr><tr><td class=""timetable-day"" rowspan=1><div><p style=""margin:0"">Dimarts i divendres</p><p style=""margin:0"">excepte dimarts 23 juny</p></div></td><td class=""timetable-hour"" rowspan=1><div>de 09.30&nbsp;h a 20.30&nbsp;h</div></td></tr><tr><td class=""timetable-day"" rowspan=1><div><p style=""margin:0"">Dimarts 23 de juny</p></div></td><td class=""timetable-hour"" rowspan=1><div>de 09.30&nbsp;h a 13.30&nbsp;h</div></td></tr><tr><td class=""timetable-day"" rowspan=1><div>Dissabte</div></td><td class=""timetable-hour"" rowspan=1><div>de 10.00&nbsp;h a 14.00&nbsp;h i <br>de 16.00&nbsp;h a 20.00&nbsp;h</div></td></tr><tr><td class=""timetable-day"" rowspan=1><div>Diumenge</div></td><td class=""timetable-hour"" rowspan=1><div>de 10.00&nbsp;h a 14.00&nbsp;h</div></td></tr></table>"
﻿92086001164,Col·legi Oficial d'Infermeres i Infermers de Barcelona,,,1984-05-30T00:00:00+02:00,2026-06-11T09:46:19.928441+02:00,,,270901,Carrer de Pujades,350,,69,Diagonal Mar i el Front Marítim del Poblenou,10,Sant Martí,08019,Barcelona,True,,39487,100002,Informació d'interès,E-mail,info@coib.cat,True,,433893.02208488074,4584326.830672741,41.4077702030692,2.2090708476500316,"<table class=""timetable-table""><tr class=""timetable-header""><th class=""period"">Període</th><th class=""weekdays"">Dies</th><th class=""hours"">Hores</th></tr><tr><td class=""timetable-period current"" rowspan=2><div>de l'1 de setembre<br>al 14 de juliol</div></td><td class=""timetable-day"" rowspan=1><div>De dilluns a dijous</div></td><td class=""timetable-hour"" rowspan=1><div>de 09:00 h a 20:00 h</div></td></tr><tr><td class=""timetable-day"" rowspan=1><div>Divendres</div></td><td class=""timetable-hour"" rowspan=1><div>de 08.00&nbsp;h a 15.00&nbsp;h</div></td></tr><tr><td class=""timetable-period"" rowspan=1><div>del 15 de juliol<br>al 31 d'agost</div></td><td class=""timetable-day"" rowspan=1><div>De dilluns a divendres</div></td><td class=""timetable-hour"" rowspan=1><div>de 08:00 h a 15:00 h</div></td></tr></table>"
﻿92086017159,Parc de la Pegaso,,,1986-11-10T00:00:00+01:00,2026-07-29T08:51:47.214127+02:00,,,292507,C Sagrera,179,,61,la Sagrera,09,Sant Andreu,08027,BARCELONA,True,,74304,100003,Informació d'interès,Web,https://link.bcn.cat/cPdLP,True,,432380.66434664535,4586463.426545867,41.42688804853377,2.190739286407059,"<table class=""timetable-table""><tr class=""timetable-header""><th class=""period"">Període</th><th class=""weekdays"">Dies</th><th class=""hours"">Hores</th><th class=""description"">Observacions</th></tr><tr><td class=""timetable-period"" rowspan=1><div><p style=""margin:0"">Horari d’hivern: </p><p style=""margin:0"">de l'1 de novembre al 31 de març</p></div></td><td class=""timetable-day"" rowspan=2><div>Cada dia</div></td><td class=""timetable-hour"" rowspan=1><div>de 07.30&nbsp;h a 19.00&nbsp;h</div></td><td class=""timetable-description"" rowspan=2><div>Hora de tancament<br>aproximada,en funció de<br> l'horari solar (tanquen<br> quan es fa fosc, al capvespre)</div></td></tr><tr><td class=""timetable-period"" rowspan=1><div><p style=""margin:0"">Horari d’estiu:</p><p style=""margin:0"">de l'1 d'abril al 31 d'octubre</p></div></td><td class=""timetable-hour"" rowspan=1><div>de 07.30&nbsp;h a 21.00&nbsp;h</div></td></tr></table>"
﻿92086010309,Associació de Comerciants de Creu Coberta,,,1985-02-04T00:00:00+01:00,2026-09-01T10:14:14.977692+02:00,,,056005,Carrer del Callao,9,,15,Hostafrancs,03,Sants-Montjuïc,08014,Barcelona,True,,40682,100002,Informació d'interès,E-mail,info@creucoberta.com,True,,428348.6816810983,4580854.414422081,41.37602040585622,2.143153879462518,"<table class=""timetable-table""><tr class=""timetable-header""><th class=""period"">Període</th><th class=""weekdays"">Dies</th><th class=""hours"">Hores</th></tr><tr><td class=""timetable-period"" rowspan=1><div>De l'1 setembre al 31 juliol</div></td><td class=""timetable-day"" rowspan=1><div>De dilluns a divendres</div></td><td class=""timetable-hour"" rowspan=1><div>de 10.00&nbsp;h a 14.00&nbsp;h i <br>de 16.00&nbsp;h a 20.00&nbsp;h</div></td></tr><tr><td class=""timetable-period"" rowspan=1><div>De l'1 agost al 31 agost</div></td><td class=""timetable-day"" rowspan=1><div>Tots els dies tancat</div></td><td class=""timetable-hour"" rowspan=1><div><p style=""margin:0"">Tancat</p></div></td></tr></table>"
﻿75990674774,Escola de Música Sant Gervasi,,,2000-10-07T00:00:00+02:00,2026-09-01T11:00:28.956788+02:00,,,128503,Carrer de Folgueroles,8,10,25,Sant Gervasi - la Bonanova,05,Sarrià-Sant Gervasi,08022,Barcelona,True,,38576,100002,Informació d'interès,E-mail,a8067260@xtec.cat,True,,427728.211,4584465.283,41.408486556236035,2.1353038743582764,"<table class=""timetable-table""><tr class=""timetable-header""><th class=""period"">Període</th><th class=""weekdays"">Dies</th><th class=""hours"">Hores</th><th class=""description"">Observacions</th></tr><tr><td class=""timetable-period"" rowspan=1><div>De l'1 juny al 30 juny</div></td><td class=""timetable-day"" rowspan=1><div>De dilluns a dijous</div></td><td class=""timetable-hour"" rowspan=1><div>d'11.30&nbsp;h a 14.00&nbsp;h i <br>de 15.00&nbsp;h a 20.30&nbsp;h</div></td><td class=""timetable-description"" rowspan=3><div><p style=""margin:0"">Aquest horari correspon a l'equipament</p><p style=""margin:0"">de refugi climàtic</p></div></td></tr><tr><td class=""timetable-period"" rowspan=1><div>De l'1 juliol al 31 agost</div></td><td class=""timetable-day"" rowspan=1><div><p style=""margin:0"">Tots els dies</p></div></td><td class=""timetable-hour"" rowspan=1><div><p style=""margin:0"">Tancat</p></div></td></tr><tr><td class=""timetable-period current"" rowspan=1><div>De l'1 setembre al 30 setembre</div></td><td class=""timetable-day"" rowspan=1><div>De dilluns a dijous</div></td><td class=""timetable-hour"" rowspan=1><div>d'11.30&nbsp;h a 14.00&nbsp;h i <br>de 15.00&nbsp;h a 20.30&nbsp;h</div></td></tr></table>"
﻿92086026021,Espai Jove La Bàscula,,,1988-03-08T00:00:00+01:00,2026-09-01T10:47:13.141894+02:00,,,135203,Carrer del Foc,128,,13,la Marina de Port,03,Sants-Montjuïc,08038,Barcelona,True,,41626,100002,Informació d'interès,E-mail,info@labascula.cat,True,,428407.047,4578895.53,41.35838260347889,2.144083032758391,"<table class=""timetable-table""><tr class=""timetable-header""><th class=""period"">Període</th><th class=""weekdays"">Dies</th><th class=""hours"">Hores</th><th class=""description"">Observacions</th></tr><tr><td class=""timetable-period"" rowspan=2><div><p style=""margin:0"">De setembre a juny</p></div></td><td class=""timetable-day"" rowspan=1><div>De dilluns a divendres</div></td><td class=""timetable-hour"" rowspan=1><div>de 10.00&nbsp;h a 14.00&nbsp;h i <br>de 16.00&nbsp;h a 21.00&nbsp;h</div></td><td class=""timetable-description"" rowspan=5><div><p style=""margin:0"">L’horari de dissabte pot variar</p><p style=""margin:0"">segons la programació d’esdeveniments</p></div></td></tr><tr><td class=""timetable-day"" rowspan=1><div>Dissabte</div></td><td class=""timetable-hour"" rowspan=1><div>de 10.00&nbsp;h a 14.00&nbsp;h</div></td></tr><tr><td class=""timetable-period"" rowspan=2><div><p style=""margin:0"">Juliol</p></div></td><td class=""timetable-day"" rowspan=1><div>De dilluns a divendres</div></td><td class=""timetable-hour"" rowspan=1><div>de 10.00&nbsp;h a 14.00&nbsp;h i <br>de 16.00&nbsp;h a 20.30&nbsp;h</div></td></tr><tr><td class=""timetable-day"" rowspan=1><div>Dissabte</div></td><td class=""timetable-hour"" rowspan=1><div>de 10.00&nbsp;h a 14.00&nbsp;h</div></td></tr><tr><td class=""timetable-period"" rowspan=1><div>De l'1 agost al 13 setembre</div></td><td class=""timetable-day"" rowspan=1><div><p style=""margin:0"">Tots es dies</p></div></td><td class=""timetable-hour"" rowspan=1><div><p style=""margin:0"">Tancat</p></div></td></tr></table>"
﻿92086029928,Centre Cívic del Bon Pastor,,,1989-04-13T00:00:00+02:00,2026-09-01T08:34:54.357467+02:00,,,700805,Plaça de Robert Gerhard,3,,59,el Bon Pastor,09,Sant Andreu,08030,Barcelona,True,,41900,100002,Informació d'interès,E-mail,informacio@ccbonpastor.cat,True,,433574.42558674986,4587332.201317221,41.434812438103414,2.2049292862975705,"<table class=""timetable-table""><tr class=""timetable-header""><th class=""weekdays"">Dies</th><th class=""hours"">Hores</th></tr><tr><td class=""timetable-day"" rowspan=1><div>De dilluns a divendres</div></td><td class=""timetable-hour"" rowspan=1><div>de 10:00 h a 14:30 h i<BR>de 16:00 h a 21:30 h</div></td></tr><tr><td class=""timetable-day"" rowspan=1><div>Dissabte</div></td><td class=""timetable-hour"" rowspan=1><div>de 10:00 h a 14:00 h i<BR>de 16:00 h a 20:00 h</div></td></tr></table>"
﻿99329122806,Biblioteca Clarà,,,1999-11-25T00:00:00+01:00,2026-08-31T14:01:41.719156+02:00,,,101405,Carrer del Doctor Carulla,22,,24,les Tres Torres,05,Sarrià-Sant Gervasi,08017,Barcelona,True,,47417,100002,Informació d'interès,E-mail,b.barcelona.cl@diba.cat,True,,427231.39096885273,4583521.384160167,41.39994044899448,2.1294738021393327,"<table class=""timetable-table""><tr class=""timetable-header""><th class=""period"">Període</th><th class=""weekdays"">Dies</th><th class=""hours"">Hores</th></tr><tr><td class=""timetable-period current"" rowspan=4><div><p style=""margin:0"">Horari habitual</p><p style=""margin:0"">al llarg de l'any</p></div></td><td class=""timetable-day"" rowspan=1><div><p style=""margin:0"">Dilluns, dimarts i divendres </p><p style=""margin:0"">excepte  dimarts 23 de juny</p></div></td><td class=""timetable-hour"" rowspan=1><div>de 15.00&nbsp;h a 20.00&nbsp;h</div></td></tr><tr><td class=""timetable-day"" rowspan=1><div><p style=""margin:0"">Dimarts 23 de juny</p></div></td><td class=""timetable-hour"" rowspan=1><div>de 09.30&nbsp;h a 13.30&nbsp;h</div></td></tr><tr><td class=""timetable-day"" rowspan=1><div>Dimecres i dijous</div></td><td class=""timetable-hour"" rowspan=1><div>de 09.30&nbsp;h a 13.30&nbsp;h i <br>de 15.00&nbsp;h a 20.00&nbsp;h</div></td></tr><tr><td class=""timetable-day"" rowspan=1><div>Dissabte</div></td><td class=""timetable-hour"" rowspan=1><div>de 10:00 h a 14:00 h</div></td></tr><tr><td class=""timetable-period"" rowspan=2><div><p style=""margin:0"">Estiu 2026</p><p style=""margin:0"">Del 24 juny al 31 juliol</p></div></td><td class=""timetable-day"" rowspan=1><div>Dilluns, dimarts i divendres</div></td><td class=""timetable-hour"" rowspan=1><div>de 15.00&nbsp;h a 20.00&nbsp;h</div></td></tr><tr><td class=""timetable-day"" rowspan=1><div>Dimecres i dijous</div></td><td class=""timetable-hour"" rowspan=1><div>de 09.30&nbsp;h a 13.30&nbsp;h i <br>de 15.00&nbsp;h a 20.00&nbsp;h</div></td></tr><tr><td class=""timetable-period"" rowspan=1><div>De l'1 agost al 31 agost</div></td><td class=""timetable-day"" rowspan=1><div><p style=""margin:0"">Tots els dies</p></div></td><td class=""timetable-hour"" rowspan=1><div><p style=""margin:0"">Tancada</p></div></td></tr><tr><td class=""timetable-period"" rowspan=2><div>De l'1 setembre al 24 setembre</div></td><td class=""timetable-day"" rowspan=1><div>Dilluns, dimarts i divendres</div></td><td class=""timetable-hour"" rowspan=1><div>de 15.00&nbsp;h a 20.00&nbsp;h</div></td></tr><tr><td class=""timetable-day"" rowspan=1><div>Dimecres i dijous</div></td><td class=""timetable-hour"" rowspan=1><div>de 09.30&nbsp;h a 13.30&nbsp;h i <br>de 15.00&nbsp;h a 20.00&nbsp;h</div></td></tr></table>"
﻿92086011938,Jardins del Turó del Putxet,,,1985-04-01T00:00:00+02:00,2026-02-20T08:04:22.776810+01:00,,,191408,C Manacor,9,,27,el Putxet i el Farró,05,Sarrià-Sant Gervasi,08023,BARCELONA,True,,73868,100003,Informació d'interès,Web,https://link.bcn.cat/cEpdTdP,True,,428330.3421091046,4584377.223048406,41.407747349305964,2.1425177258809422,"<table class=""timetable-table""><tr class=""timetable-header""><th class=""period"">Període</th><th class=""weekdays"">Dies</th><th class=""hours"">Hores</th><th class=""description"">Observacions</th></tr><tr><td class=""timetable-period"" rowspan=1><div><p style=""margin:0"">Horari d'hivern</p><p style=""margin:0"">de l'1 de novembre al 31 de març</p></div></td><td class=""timetable-day"" rowspan=2><div>Cada dia</div></td><td class=""timetable-hour"" rowspan=1><div>de 08.00&nbsp;h a 19.00&nbsp;h</div></td><td class=""timetable-description"" rowspan=2><div>Hora de tancament<br>aproximada,en funció de<br> l'horari solar (tanquen<br> quan es fa fosc, al capvespre)</div></td></tr><tr><td class=""timetable-period"" rowspan=1><div><p style=""margin:0"">Horari d'estiu</p><p style=""margin:0"">de l'1 d'abril al 31 d'octubre</p></div></td><td class=""timetable-hour"" rowspan=1><div>de 08.00&nbsp;h a 21.00&nbsp;h</div></td></tr></table>"
﻿92086011940,Parc de Monterols,,,1985-04-01T00:00:00+02:00,2026-02-20T08:04:22.674438+01:00,,,223606,Carrer de Muntaner,450,,26,Sant Gervasi - Galvany,05,Sarrià-Sant Gervasi,08006,Barcelona,True,,73856,100003,Informació d'interès,Web,https://link.bcn.cat/cPdM2,True,,428094.2115477828,4583698.474617503,41.401613054797835,2.1397735122452017,"<table class=""timetable-table""><tr class=""timetable-header""><th class=""weekdays"">Dies</th><th class=""hours"">Hores</th></tr><tr><td class=""timetable-day"" rowspan=1><div>De dilluns a divendres</div></td><td class=""timetable-hour"" rowspan=1><div>de 10.00&nbsp;h a 23.00&nbsp;h</div></td></tr><tr><td class=""timetable-day"" rowspan=1><div>Dissabte, diumenge i festius</div></td><td class=""timetable-hour"" rowspan=1><div>de 09.00&nbsp;h a 23.00&nbsp;h</div></td></tr></table>"
﻿99400766118,Centre de Teràpies Sàlvia,,,2025-10-27T13:33:42.983081+01:00,2026-05-11T13:43:24.396342+02:00,,,281806,Carrer de Ricart,3,5,11,el Poble-sec,03,Sants-Montjuïc,08004,Barcelona,True,,693665,100002,Informació d'interès,E-mail,holasalviafertilitat@gmail.com,False,,429625.944,4580673.095,41.37450003210237,2.1584475446520868,"<table class=""timetable-table""><tr class=""timetable-header""><th class=""weekdays"">Dies</th><th class=""hours"">Hores</th></tr><tr><td class=""timetable-day"" rowspan=1><div>De dilluns a divendres</div></td><td class=""timetable-hour"" rowspan=1><div>de 10.30&nbsp;h a 20.30&nbsp;h</div></td></tr></table>"
﻿99400737923,Parc de les Tretze Roses,,,2024-06-13T07:48:33.224538+02:00,2026-05-11T14:38:12.693596+02:00,,,262700,Carrer de Pontils,15,15,12,la Marina del Prat Vermell,03,Sants-Montjuïc,08038,Barcelona,False,,610474,22,Variables,Any inauguració,2024,False,,428198.037,4578147.723,41.351628742955796,2.1416730073529306,
﻿92086023364,Piscina Coberta,92086023365,Centre Esportiu Municipal La Verneda,1991-02-05T00:00:00+01:00,2026-07-27T12:35:48.135570+02:00,,,700037,Carrer de Binèfar,10,14,73,la Verneda i la Pau,10,Sant Martí,08020,Barcelona,True,,74674,100003,Informació d'interès,Web,https://www.asme.cat/cemlaverneda/,True,,433517.28500000003,4586258.893,41.42514075029259,2.2043634567182906,"<table class=""timetable-table""><tr class=""timetable-header""><th class=""weekdays"">Dies</th><th class=""hours"">Hores</th></tr><tr><td class=""timetable-day"" rowspan=1><div>De dilluns a divendres</div></td><td class=""timetable-hour"" rowspan=1><div>de 07.00&nbsp;h a 22.30&nbsp;h</div></td></tr><tr><td class=""timetable-day"" rowspan=1><div>Dissabte</div></td><td class=""timetable-hour"" rowspan=1><div>de 07.00&nbsp;h a 19.30&nbsp;h</div></td></tr><tr><td class=""timetable-day"" rowspan=1><div>Diumenge i  festius</div></td><td class=""timetable-hour"" rowspan=1><div>de 08.00&nbsp;h a 15.30&nbsp;h</div></td></tr></table>"
﻿99400738079,Espai Ajardinat Via Trajana *Refugi Climàtic,,,2024-06-17T15:04:09.156958+02:00,2025-05-28T12:40:28.125221+02:00,,,318906,Carrer de Santander,58,58,73,la Verneda i la Pau,10,Sant Martí,08020,Barcelona,True,,669344,100097,Variables,Text per a la web de Refugis Climàtics - detalls,<p> Durant episodis d'altes temperatures els espais exteriors poden no oferir el confort tèrmic necessari</p>,False,,433466.905,4586683.534,41.42896119228946,2.203713855844513,
﻿99400740107,Refugi Climàtic,92086002612,Parròquia de Maria Mitjancera de Totes les Gràcies,2024-07-23T11:36:07.435931+02:00,2026-01-15T10:34:22.426884+01:00,,,110803,Carrer d'Entença,198,200,09,la Nova Esquerra de l'Eixample,02,Eixample,08029,Barcelona,True,,617233,100002,Informació d'interès,E-mail,mariamitjancera12@arqbcn.cat,True,,428394.045,4581858.989,41.38507227887339,2.14357760084419,"<table class=""timetable-table""><tr class=""timetable-header""><th class=""period"">Període</th><th class=""weekdays"">Dies</th><th class=""hours"">Hores</th></tr><tr><td class=""timetable-period"" rowspan=3><div>De l'1 juny al 30 juny</div></td><td class=""timetable-day"" rowspan=1><div>De dilluns a divendres</div></td><td class=""timetable-hour"" rowspan=1><div>de 07.30&nbsp;h a 21.00&nbsp;h</div></td></tr><tr><td class=""timetable-day"" rowspan=1><div>Dissabte</div></td><td class=""timetable-hour"" rowspan=1><div>de 10.00&nbsp;h a 21.00&nbsp;h</div></td></tr><tr><td class=""timetable-day"" rowspan=1><div>Diumenge</div></td><td class=""timetable-hour"" rowspan=1><div>de 10.00&nbsp;h a 14.00&nbsp;h i <br>de 19.00&nbsp;h a 21.00&nbsp;h</div></td></tr><tr><td class=""timetable-period"" rowspan=2><div>De l'1 juliol a l'11 setembre</div></td><td class=""timetable-day"" rowspan=1><div>De dilluns a dissabte</div></td><td class=""timetable-hour"" rowspan=1><div>de 10.00&nbsp;h a 21.00&nbsp;h</div></td></tr><tr><td class=""timetable-day"" rowspan=1><div>Diumenge</div></td><td class=""timetable-hour"" rowspan=1><div>de 10.00&nbsp;h a 14.00&nbsp;h i <br>de 19.00&nbsp;h a 21.00&nbsp;h</div></td></tr><tr><td class=""timetable-period"" rowspan=3><div>Del 12 setembre al 30 setembre</div></td><td class=""timetable-day"" rowspan=1><div>De dilluns a divendres</div></td><td class=""timetable-hour"" rowspan=1><div>de 07.30&nbsp;h a 21.00&nbsp;h</div></td></tr><tr><td class=""timetable-day"" rowspan=1><div>Dissabte</div></td><td class=""timetable-hour"" rowspan=1><div>de 10.00&nbsp;h a 21.00&nbsp;h</div></td></tr><tr><td class=""timetable-day"" rowspan=1><div>Diumenge</div></td><td class=""timetable-hour"" rowspan=1><div>de 10.00&nbsp;h a 14.00&nbsp;h i <br>de 19.00&nbsp;h a 21.00&nbsp;h</div></td></tr></table>"
﻿92168175469,Centre Esportiu Municipal Perill,,,1989-10-26T00:00:00+01:00,2026-07-29T08:51:30.880677+02:00,,,251102,C Perill,16,,31,la Vila de Gràcia,06,Gràcia,08012,BARCELONA,True,,43808,100002,Informació d'interès,E-mail,perill@eurofitness.com,True,,429909.7609627547,4583438.492534409,41.39943181174806,2.1615212113893216,"<table class=""timetable-table""><tr class=""timetable-header""><th class=""weekdays"">Dies</th><th class=""hours"">Hores</th></tr><tr><td class=""timetable-day"" rowspan=1><div>De dilluns a divendres</div></td><td class=""timetable-hour"" rowspan=1><div>de 07:00 h a 23:00 h</div></td></tr><tr><td class=""timetable-day"" rowspan=1><div>dissabtes</div></td><td class=""timetable-hour"" rowspan=1><div>de 08:00 h a 21:00 h</div></td></tr><tr><td class=""timetable-day"" rowspan=1><div>diumenges i festius</div></td><td class=""timetable-hour"" rowspan=1><div>de 08:00 h a 15:00 h</div></td></tr></table>"
﻿92170123435,Centre Esportiu Municipal Olímpics Vall Hebron,,,1992-06-18T00:00:00+02:00,2026-09-04T18:01:29.455239+02:00,,,352507,Passeig de la Vall d'Hebron,166,176,41,la Vall d'Hebron,07,Horta-Guinardó,08035,Barcelona,True,,43892,100002,Informació d'interès,E-mail,olimpics@egora.cat,True,,428508.187,4586631.82,41.428069387410396,2.144378820381501,"<table class=""timetable-table""><tr class=""timetable-header""><th class=""weekdays"">Dies</th><th class=""hours"">Hores</th></tr><tr><td class=""timetable-day"" rowspan=1><div>De dilluns a divendres</div></td><td class=""timetable-hour"" rowspan=1><div>de 07.00&nbsp;h a 22.30&nbsp;h</div></td></tr><tr><td class=""timetable-day"" rowspan=1><div>dissabtes</div></td><td class=""timetable-hour"" rowspan=1><div>de 09:00 h a 20:00 h</div></td></tr><tr><td class=""timetable-day"" rowspan=1><div>diumenges</div></td><td class=""timetable-hour"" rowspan=1><div>de 09:00 h a 15:00 h</div></td></tr></table>"
﻿1057133310,Piscina Coberta,92086038165,Centre Esportiu Municipal Joan Miró,2001-02-26T00:00:00+01:00,2026-07-27T12:31:13.266957+02:00,,,100800,Carrer de la Diputació,15,19,09,la Nova Esquerra de l'Eixample,02,Eixample,08015,Barcelona,True,,132553,20001,Telèfons,Tel.,934234350,True,,429006.002,4581118.307,41.37845545369519,2.1509827380561313,"<table class=""timetable-table""><tr class=""timetable-header""><th class=""weekdays"">Dies</th><th class=""hours"">Hores</th></tr><tr><td class=""timetable-day"" rowspan=1><div>De dilluns a dijous</div></td><td class=""timetable-hour"" rowspan=1><div>de 06.20&nbsp;h a 22.30&nbsp;h</div></td></tr><tr><td class=""timetable-day"" rowspan=1><div>Divendres</div></td><td class=""timetable-hour"" rowspan=1><div>de 07.00&nbsp;h a 22.30&nbsp;h</div></td></tr><tr><td class=""timetable-day"" rowspan=1><div>Dissabte</div></td><td class=""timetable-hour"" rowspan=1><div>de 08.00&nbsp;h a 14.30&nbsp;h i <br>de 17.30&nbsp;h a 21.00&nbsp;h</div></td></tr><tr><td class=""timetable-day"" rowspan=1><div>Diumenge i festius</div></td><td class=""timetable-hour"" rowspan=1><div>de 09.00&nbsp;h a 15.30&nbsp;h</div></td></tr></table>"
﻿99400110882,Piscina Descoberta,98056162156,Centre Esportiu Municipal Bac de Roda,2005-05-13T17:50:50+02:00,2026-05-29T11:59:15.130812+02:00,,,153205,Rambla de Guipúscoa,23,25,72,Sant Martí de Provençals,10,Sant Martí,08018,Barcelona,True,,50472,100002,Informació d'interès,E-mail,info@bacderodasport.com,True,,432645.977,4585068.872,41.414350023455754,2.194069526567754,"<table class=""timetable-table""><tr class=""timetable-header""><th class=""period"">Període</th><th class=""weekdays"">Dies</th><th class=""hours"">Hores</th><th class=""prices"">Preus</th><th class=""description"">Observacions</th></tr><tr><td class=""timetable-period"" rowspan=2><div><p style=""margin:0"">Estiu 2026:</p><p style=""margin:0"">Del 4 maig al 31 maig</p></div></td><td class=""timetable-day"" rowspan=1><div>De dilluns a divendres</div></td><td class=""timetable-hour"" rowspan=1><div>d'11.00&nbsp;h a 15.00&nbsp;h</div></td><td class=""timetable-price"" rowspan=5><div>Entrada general: 13.68 € <p style=""margin:0""><span style=""color: rgb(68, 68, 68);"">Adult a partir de 16 anys: 13,68 €</span></p><p style=""margin:0""><span style=""color: rgb(68, 68, 68);"">Infantil de 5 a 15 anys: 13,15 €</span></p><p style=""margin:0""><br></p></div></td><td class=""timetable-description"" rowspan=5><div>Aforament limitat<br>a abonats</div></td></tr><tr><td class=""timetable-day"" rowspan=1><div>Dissabte, diumenge i festius</div></td><td class=""timetable-hour"" rowspan=1><div>de 10.00&nbsp;h a 16.00&nbsp;h</div></td></tr><tr><td class=""timetable-period"" rowspan=1><div>De l'1 juny al 6 setembre</div></td><td class=""timetable-day"" rowspan=1><div>Cada dia i festius</div></td><td class=""timetable-hour"" rowspan=1><div>de 10.00&nbsp;h a 20.00&nbsp;h</div></td></tr><tr><td class=""timetable-period"" rowspan=2><div>Del 7 setembre al 27 setembre</div></td><td class=""timetable-day"" rowspan=1><div>De dilluns a divendres</div></td><td class=""timetable-hour"" rowspan=1><div>d'11.00&nbsp;h a 15.00&nbsp;h</div></td></tr><tr><td class=""timetable-day"" rowspan=1><div>Dissabte, diumenge i festius</div></td><td class=""timetable-hour"" rowspan=1><div>d'11.00&nbsp;h a 19.00&nbsp;h</div></td></tr></table>"
﻿99400110897,Piscines Cobertes,92086005147,Centre Esportiu Municipal Júpiter,2005-05-17T09:59:00+02:00,2026-07-27T12:32:10.005971+02:00,,,003406,Carrer de l'Agricultura,222,238,72,Sant Martí de Provençals,10,Sant Martí,08020,Barcelona,True,,85198,100003,Informació d'interès,Web,https://jupitersport.cat/,True,,433311.88,4585436.022,41.417712371205006,2.2019962264468815,"<table class=""timetable-table""><tr class=""timetable-header""><th class=""weekdays"">Dies</th><th class=""hours"">Hores</th></tr><tr><td class=""timetable-day"" rowspan=1><div>De dilluns a divendres</div></td><td class=""timetable-hour"" rowspan=1><div>de 07:00 h a 23:00 h</div></td></tr><tr><td class=""timetable-day"" rowspan=1><div>Dissabte</div></td><td class=""timetable-hour"" rowspan=1><div>de 09:00 h a 20:00 h</div></td></tr><tr><td class=""timetable-day"" rowspan=1><div>Diumenge i  festius</div></td><td class=""timetable-hour"" rowspan=1><div>de 09:00 h a 15:00 h</div></td></tr></table>"
﻿99400738062,Refugi Cilmàtic,92086005254,Parròquia de Sant Vicenç de Sarrià,2024-06-17T13:27:42.549776+02:00,2025-05-09T14:06:28.529735+02:00,,,106103,Plaça de Sarrià,10,10,23,Sarrià,05,Sarrià-Sant Gervasi,08017,Barcelona,True,,610739,100002,Informació d'interès,E-mail,santvicenc@parroquiasarria.net,True,,426563.502,4583497.315,41.399662946310215,2.1214877060269433,"<table class=""timetable-table""><tr class=""timetable-header""><th class=""weekdays"">Dies</th><th class=""hours"">Hores</th></tr><tr><td class=""timetable-day"" rowspan=1><div>De dilluns a divendres</div></td><td class=""timetable-hour"" rowspan=1><div>de 09.00&nbsp;h a 20.00&nbsp;h</div></td></tr><tr><td class=""timetable-day"" rowspan=1><div>Dissabte</div></td><td class=""timetable-hour"" rowspan=1><div>d'11.00&nbsp;h a 14.00&nbsp;h</div></td></tr></table>"
﻿99400738065,Refugi Climàtic,92086001743,Parròquia de Sant Miquel del Port,2024-06-17T13:33:18.603051+02:00,2026-01-15T10:36:13.974226+01:00,,,307808,Carrer de Sant Miquel,39,,03,la Barceloneta,01,Ciutat Vella,08003,Barcelona,True,,610759,100002,Informació d'interès,E-mail,santmiquel145@arqbcn.org,True,,432129.5368346253,4581255.848283884,41.37996377699715,2.188318011021832,"<table class=""timetable-table""><tr class=""timetable-header""><th class=""weekdays"">Dies</th><th class=""hours"">Hores</th></tr><tr><td class=""timetable-day"" rowspan=1><div>Cada dia</div></td><td class=""timetable-hour"" rowspan=1><div>de 09.45&nbsp;h a 13.00&nbsp;h</div></td></tr></table>"
﻿99400738067,Punt d'Activitat de Creu Roja a Sants-Montjuïc,,,2024-06-17T13:47:04.493745+02:00,2025-05-09T14:03:33.896372+02:00,,,701394,Carrer de Francesc Boix i Campo,6,8,13,la Marina de Port,03,Sants-Montjuïc,08038,Barcelona,True,,,,,,,,,427686.124,4579186.713,41.360940765632094,2.1354303913875237,"<table class=""timetable-table""><tr class=""timetable-header""><th class=""period"">Període</th><th class=""weekdays"">Dies</th><th class=""hours"">Hores</th></tr><tr><td class=""timetable-period"" rowspan=1><div>De l'1 setembre al 31 juliol</div></td><td class=""timetable-day"" rowspan=1><div>De dilluns a divendres</div></td><td class=""timetable-hour"" rowspan=1><div>de 10.00&nbsp;h a 14.00&nbsp;h i <br>de 15.30&nbsp;h a 18.30&nbsp;h</div></td></tr><tr><td class=""timetable-period"" rowspan=1><div>De l'1 agost al 31 agost</div></td><td class=""timetable-day"" rowspan=1><div>De dilluns a divendres</div></td><td class=""timetable-hour"" rowspan=1><div>de 08.00&nbsp;h a 14.00&nbsp;h</div></td></tr></table>"
﻿75990014864,Farmàcia Gracia Franco,,,1996-09-17T00:00:00+02:00,2026-08-31T09:55:56.490608+02:00,,,014107,Carrer d'Amílcar,7,,44,Vilapicina i la Torre Llobeta,08,Nou Barris,08031,Barcelona,True,,640555,100003,Informació d'interès,Web,https://www.farmaguia.net/desktop/,False,,430821.86040607246,4586817.167783759,41.42994133464364,2.1720450638082758,
﻿1344091708,Casal de Gent Gran Sant Cristòfol,,,2001-12-10T00:00:00+01:00,2026-07-17T12:08:26.078824+02:00,,,049203,C Bronze,5,,13,la Marina de Port,03,Sants-Montjuïc,08038,BARCELONA,True,,34395,100002,Informació d'interès,E-mail,apuigventos@esport3.org,True,,427664.6367607806,4578864.281709222,41.35803481074543,2.1352119680510184,"<table class=""timetable-table""><tr class=""timetable-header""><th class=""period"">Període</th><th class=""weekdays"">Dies</th><th class=""hours"">Hores</th></tr><tr><td class=""timetable-period current"" rowspan=2><div>Del 3 setembre al 31 juliol</div></td><td class=""timetable-day"" rowspan=1><div>De dilluns a divendres</div></td><td class=""timetable-hour"" rowspan=1><div>de 10:00 h a 13:00 h i<BR>de 16:00 h a 19:30 h</div></td></tr><tr><td class=""timetable-day"" rowspan=1><div>Dissabte</div></td><td class=""timetable-hour"" rowspan=1><div>de 16:30 h a 19:30 h</div></td></tr><tr><td class=""timetable-period"" rowspan=1><div>De l'1 agost al 2 setembre</div></td><td class=""timetable-day"" rowspan=1><div>De dilluns a divendres</div></td><td class=""timetable-hour"" rowspan=1><div>de 16.30&nbsp;h a 19.30&nbsp;h</div></td></tr></table>"
﻿75990291997,Òptica C4 Òptics *Eixample,,,1996-09-18T00:00:00+02:00,2026-09-22T10:41:09.173839+02:00,,,023403,Carrer d'Aribau,17,,08,l'Antiga Esquerra de l'Eixample,02,Eixample,08011,Barcelona,True,,37421,100002,Informació d'interès,E-mail,aribau@c4optics.com,True,,429892.9434213988,4582021.419355992,41.38666725572398,2.1614840859617264,"<table class=""timetable-table""><tr class=""timetable-header""><th class=""weekdays"">Dies</th><th class=""hours"">Hores</th></tr><tr><td class=""timetable-day"" rowspan=1><div>De dilluns a divendres</div></td><td class=""timetable-hour"" rowspan=1><div>de 09.30&nbsp;h a 15.00&nbsp;h i <br>de 16.30&nbsp;h a 20.00&nbsp;h</div></td></tr><tr><td class=""timetable-day"" rowspan=1><div>Dissabte</div></td><td class=""timetable-hour"" rowspan=1><div>de 10.00&nbsp;h a 13.30&nbsp;h</div></td></tr></table>"
﻿93327121407,Piscines Esportives Cobertes,93327121056,Centre Esportiu Municipal l'Espanya Industrial,1993-11-23T00:00:00+01:00,2026-07-27T12:33:17.078837+02:00,,,223504,C Muntadas,37,,15,Hostafrancs,03,Sants-Montjuïc,08014,BARCELONA,True,,44256,100002,Informació d'interès,E-mail,espanyaindustrial@atlesesports.cat,True,,428286.229271899,4580931.759653831,41.37671146324603,2.142397968303214,"<table class=""timetable-table""><tr class=""timetable-header""><th class=""weekdays"">Dies</th><th class=""hours"">Hores</th></tr><tr><td class=""timetable-day"" rowspan=1><div>De dilluns a divendres</div></td><td class=""timetable-hour"" rowspan=1><div>de 06:00 h a 23:00 h</div></td></tr><tr><td class=""timetable-day"" rowspan=1><div>Dissabte</div></td><td class=""timetable-hour"" rowspan=1><div>de 08:00 h a 21:00 h</div></td></tr><tr><td class=""timetable-day"" rowspan=1><div>Diumenge i  festius</div></td><td class=""timetable-hour"" rowspan=1><div>de 08:00 h a 14:30 h</div></td></tr></table>"
﻿99400179932,Centre Cívic  Vil·la Urània,,,2007-03-27T12:04:36+02:00,2026-09-01T07:48:40.056953+02:00,,,369306,Carrer de Saragossa,29,,27,el Putxet i el Farró,05,Sarrià-Sant Gervasi,08006,Barcelona,True,,52187,100002,Informació d'interès,E-mail,informacio@vilaurania.net,True,,428933.5563986452,4583671.987053265,41.40144911965885,2.149816841793133,"<table class=""timetable-table""><tr class=""timetable-header""><th class=""period"">Període</th><th class=""weekdays"">Dies</th><th class=""hours"">Hores</th></tr><tr><td class=""timetable-period current"" rowspan=3><div>De l'1 setembre al 31 juliol</div></td><td class=""timetable-day"" rowspan=1><div><p style=""margin:0"">De dilluns a divendres </p><p style=""margin:0"">excepte dimarts 23 de juny</p></div></td><td class=""timetable-hour"" rowspan=1><div>de 09.00&nbsp;h a 22.00&nbsp;h</div></td></tr><tr><td class=""timetable-day"" rowspan=1><div><p style=""margin:0"">Dimarts 23 de juny</p></div></td><td class=""timetable-hour"" rowspan=1><div>de 09.00&nbsp;h a 14.00&nbsp;h</div></td></tr><tr><td class=""timetable-day"" rowspan=1><div>Dissabte</div></td><td class=""timetable-hour"" rowspan=1><div>de 10.00&nbsp;h a 14.00&nbsp;h i <br>de 16.00&nbsp;h a 20.00&nbsp;h</div></td></tr><tr><td class=""timetable-period"" rowspan=1><div><p style=""margin:0"">Estiu 2026</p><p style=""margin:0"">De l'1 agost al 31 agost</p></div></td><td class=""timetable-day"" rowspan=1><div>Tots els dies tancat</div></td><td class=""timetable-hour"" rowspan=1><div><p style=""margin:0"">Tancat</p></div></td></tr></table>"
﻿75990054149,Farmàcia Folch Flórez,,,1996-09-18T00:00:00+02:00,2026-05-08T14:25:36.793648+02:00,,,120705,Carrer de Fàtima,10,,43,Horta,07,Horta-Guinardó,08032,Barcelona,True,,640274,100003,Informació d'interès,Web,https://www.farmaguia.net/desktop/,False,,429444.80570858734,4587121.293536212,41.43256068629391,2.1555300597479006,
﻿92086010811,Piscina Descoberta,92168175394,Centre Esportiu Municipal Trinitat Vella,1987-10-02T00:00:00+01:00,2026-05-29T11:59:52.315822+02:00,,,034400,Via de Bàrcino,72,72,57,la Trinitat Vella,09,Sant Andreu,08033,Barcelona,True,,163605,20001,Telèfons,Tel.,933113701,True,,432673.697,4589285.372,41.45232895441914,2.1939314862732813,"<table class=""timetable-table""><tr class=""timetable-header""><th class=""period"">Període</th><th class=""weekdays"">Dies</th><th class=""hours"">Hores</th><th class=""prices"">Preus</th></tr><tr><td class=""timetable-period"" rowspan=2><div><p style=""margin:0"">Estiu 2026:</p><p style=""margin:0"">Del 18 juny al 6 setembre</p></div></td><td class=""timetable-day"" rowspan=1><div>De dilluns a divendres</div></td><td class=""timetable-hour"" rowspan=1><div>de 10.00&nbsp;h a 19.30&nbsp;h</div></td><td class=""timetable-price"" rowspan=2><div>Entrada general: 9.52 € <h4>Entrada reduïda: 5.75 €</h4><h4>(Menors de 14 anys, Jubilats, Persones amb diversitat funcional o Tarjeta Rosa)</h4><p style=""margin:0""><br></p></div></td></tr><tr><td class=""timetable-day"" rowspan=1><div>Dissabte, diumenge i festius</div></td><td class=""timetable-hour"" rowspan=1><div>d'11.00&nbsp;h a 19.30&nbsp;h</div></td></tr></table>"
﻿75990114598,Farmàcia Santos,,,1996-09-18T00:00:00+02:00,2026-06-23T11:50:30.066958+02:00,,,301109,Plaça de les Palmeres,9,,60,Sant Andreu,09,Sant Andreu,08030,Barcelona,True,,639976,100003,Informació d'interès,Web,https://www.farmaguia.net/desktop/,False,,431969.3732061565,4587122.277043594,41.43278735965028,2.1857433283978347,
﻿75990020440,Llibreria Cooperativa Abacus *Ausiàs Marc,,,1996-09-17T00:00:00+02:00,2026-08-31T10:05:14.991321+02:00,,,028305,Carrer d'Ausiàs Marc,16,,07,la Dreta de l'Eixample,02,Eixample,08010,Barcelona,True,,34682,100002,Informació d'interès,E-mail,urquinaona@abacus.coop,True,,431026.7743089957,4582464.464266154,41.390755641755916,2.1749934716652057,"<table class=""timetable-table""><tr class=""timetable-header""><th class=""weekdays"">Dies</th><th class=""hours"">Hores</th></tr><tr><td class=""timetable-day"" rowspan=1><div>De dilluns a divendres</div></td><td class=""timetable-hour"" rowspan=1><div>de 09:30 h a 21:00 h</div></td></tr><tr><td class=""timetable-day"" rowspan=1><div>Dissabte</div></td><td class=""timetable-hour"" rowspan=1><div>de 10:00 h a 21:00 h</div></td></tr></table>"
﻿97042092100,CosmoCaixa Barcelona,,,1997-02-11T00:00:00+01:00,2026-09-16T14:12:57.450413+02:00,,,701629,Carrer d'Isaac Newton,26,,25,Sant Gervasi - la Bonanova,05,Sarrià-Sant Gervasi,08022,Barcelona,True,,46055,100002,Informació d'interès,E-mail,icosmocaixa@magmacultura.com,True,,427346.79152772354,4585003.346733776,41.41329827278905,2.1306762762550275,"<table class=""timetable-table""><tr class=""timetable-header""><th class=""weekdays"">Dies</th><th class=""hours"">Hores</th><th class=""prices"">Preus</th><th class=""description"">Observacions</th></tr><tr><td class=""timetable-day"" rowspan=1><div><p style=""margin:0"">Cada dia i festius </p><p style=""margin:0"">Excepte 24 i 31 de desembre i 5 de gener</p><p style=""margin:0"">Tancat el 25 de desembre, 1 i 6 de gener</p></div></td><td class=""timetable-hour"" rowspan=1><div>de 10:00 h a 20:00 h</div></td><td class=""timetable-price"" rowspan=2><div>Entrada general: 8 € <p style=""margin:0"">Gratuït:</p><p style=""margin:0"">- joves fins al 16 anys</p><p style=""margin:0"">- clients ""La Caixa""</p><p style=""margin:0"">- 15 de febrer (Santa Eulàlia)</p><p style=""margin:0"">- 18 de maig (Dia Internacional dels Museus)</p><p style=""margin:0"">- 24 de setembre (la Mercè)</p></div></td><td class=""timetable-description"" rowspan=2><div><p style=""margin:0"">L'entrada general</p><p style=""margin:0"">inclou accés al museu i a les exposicions.</p><p style=""margin:0""><br></p><p style=""margin:0"">L'accés a l'espai habilitat com a refugi climàtic és gratuït</p></div></td></tr><tr><td class=""timetable-day"" rowspan=1><div><p style=""margin:0""><span style=""color: rgb(0, 0, 0);"">24 i 31 de desembre i 5 de gener</span></p></div></td><td class=""timetable-hour"" rowspan=1><div>de 10:00 h a 18:00 h</div></td></tr><tr><td class=""timetable-day"" rowspan=1><div><p style=""margin:0"">La Nit dels Museus 2026:</p><p style=""margin:0"">16 de maig</p></div></td><td class=""timetable-hour"" rowspan=1><div>de 19.00&nbsp;h a 01.00&nbsp;h</div></td><td class=""timetable-price"" rowspan=1><div>Entrada Gratuïta</div></td><td class=""timetable-description"" rowspan=1><div><p style=""margin:0"">La Nit dels Museus</p></div></td></tr><tr><td class=""timetable-day"" rowspan=1><div><p style=""margin:0"">La Nit de la Recerca:</p><p style=""margin:0"">25 de setembre</p></div></td><td class=""timetable-hour"" rowspan=1><div>de 18.00&nbsp;h a 22.00&nbsp;h</div></td><td class=""timetable-price"" rowspan=1><div>Entrada Gratuïta <p style=""margin:0"">(c<span style=""color: rgb(0, 0, 0);"">al reservar prèviament l’entrada al museu)</span></p></div></td><td class=""timetable-description"" rowspan=1><div><p style=""margin:0"">La Nit de la Recerca</p></div></td></tr></table>"
﻿1138134103,Biblioteca La Barceloneta -  La Fraternitat,,,2001-05-18T00:00:00+02:00,2026-08-31T13:51:26.998945+02:00,,,087406,Carrer de Felícia Fuster i Viladecans,8,,03,la Barceloneta,01,Ciutat Vella,08003,Barcelona,True,,33749,100002,Informació d'interès,E-mail,b.barcelona.b@diba.cat,True,,432175.07040835434,4581174.244089535,41.379232628875926,2.1888716402624535,"<table class=""timetable-table""><tr class=""timetable-header""><th class=""period"">Període</th><th class=""weekdays"">Dies</th><th class=""hours"">Hores</th></tr><tr><td class=""timetable-period current"" rowspan=5><div><p style=""margin:0"">Horari habitual</p><p style=""margin:0"">al llarg de l'any</p></div></td><td class=""timetable-day"" rowspan=1><div>Dilluns, Dimecres i Divendres</div></td><td class=""timetable-hour"" rowspan=1><div>de 15.00&nbsp;h a 20.00&nbsp;h</div></td></tr><tr><td class=""timetable-day"" rowspan=1><div>Dimarts excepte 23 juny</div></td><td class=""timetable-hour"" rowspan=1><div>de 09.30&nbsp;h a 13.30&nbsp;h i <br>de 15.00&nbsp;h a 20.00&nbsp;h</div></td></tr><tr><td class=""timetable-day"" rowspan=1><div><p style=""margin:0"">Dimarts 23 de juny</p></div></td><td class=""timetable-hour"" rowspan=1><div>de 09.30&nbsp;h a 13.30&nbsp;h</div></td></tr><tr><td class=""timetable-day"" rowspan=1><div>Dijous</div></td><td class=""timetable-hour"" rowspan=1><div>de 09.30&nbsp;h a 20.00&nbsp;h</div></td></tr><tr><td class=""timetable-day"" rowspan=1><div>Dissabte</div></td><td class=""timetable-hour"" rowspan=1><div>de 10:00 h a 14:00 h</div></td></tr><tr><td class=""timetable-period"" rowspan=3><div><p style=""margin:0"">Estiu 2026</p><p style=""margin:0"">Del 24 juny al 31 juliol</p></div></td><td class=""timetable-day"" rowspan=1><div>Dilluns, Dimecres i Divendres</div></td><td class=""timetable-hour"" rowspan=1><div>de 15.00&nbsp;h a 20.00&nbsp;h</div></td></tr><tr><td class=""timetable-day"" rowspan=1><div>Dimarts</div></td><td class=""timetable-hour"" rowspan=1><div>de 09.30&nbsp;h a 13.30&nbsp;h i <br>de 15.00&nbsp;h a 20.00&nbsp;h</div></td></tr><tr><td class=""timetable-day"" rowspan=1><div>Dijous</div></td><td class=""timetable-hour"" rowspan=1><div>de 09.30&nbsp;h a 20.00&nbsp;h</div></td></tr><tr><td class=""timetable-period"" rowspan=1><div>De l'1 agost al 31 agost</div></td><td class=""timetable-day"" rowspan=1><div><p style=""margin:0"">Tots el dies</p><p style=""margin:0""></p></div></td><td class=""timetable-hour"" rowspan=1><div><p style=""margin:0"">Tancada</p></div></td></tr><tr><td class=""timetable-period"" rowspan=3><div>De l'1 setembre al 24 setembre</div></td><td class=""timetable-day"" rowspan=1><div>Dilluns, Dimecres i Divendres</div></td><td class=""timetable-hour"" rowspan=1><div>de 15.00&nbsp;h a 20.00&nbsp;h</div></td></tr><tr><td class=""timetable-day"" rowspan=1><div>Dimarts</div></td><td class=""timetable-hour"" rowspan=1><div>de 09.30&nbsp;h a 13.30&nbsp;h i <br>de 15.00&nbsp;h a 20.00&nbsp;h</div></td></tr><tr><td class=""timetable-day"" rowspan=1><div>Dijous</div></td><td class=""timetable-hour"" rowspan=1><div>de 09.30&nbsp;h a 20.00&nbsp;h</div></td></tr></table>"
﻿92086000228,Piscines Municipals Montjuïc,,,1987-06-25T00:00:00+02:00,2026-09-08T13:47:16.432693+02:00,,,213307,Avinguda de Miramar,31,41,11,el Poble-sec,03,Sants-Montjuïc,08038,Barcelona,True,,39419,100002,Informació d'interès,E-mail,infopicornell@forus.es,True,,430134.045,4580064.018,41.36905853188941,2.1645931238558918,"<table class=""timetable-table""><tr class=""timetable-header""><th class=""period"">Període</th><th class=""weekdays"">Dies</th><th class=""hours"">Hores</th><th class=""prices"">Preus</th><th class=""description"">Observacions</th></tr><tr><td class=""timetable-period"" rowspan=2><div><p style=""margin:0"">Estiu 2026:</p><p style=""margin:0"">Del 8 de juny al 6 de setembre</p></div></td><td class=""timetable-day"" rowspan=1><div>De dilluns a dijous</div></td><td class=""timetable-hour"" rowspan=1><div>d'11.00&nbsp;h a 19.00&nbsp;h</div></td><td class=""timetable-price"" rowspan=2><div>Entrada general: 7.92 € <p style=""margin:0""><span style=""color: inherit;"">Entrada adult: 7,92€</span></p><p style=""margin:0""><span style=""color: inherit;"">Entrada menor de 15 i gent gran : 5,48€</span></p><p style=""margin:0""><span style=""color: inherit;"">Bono 10 entrades&nbsp;Adult: 60,76€</span></p><p style=""margin:0""><span style=""color: inherit;"">Bono 10 entrades infantil: 42,50€</span></p><p style=""margin:0""><span style=""color: inherit;"">Bono 10 entrades Familiar: 48,58€</span></p></div></td><td class=""timetable-description"" rowspan=2><div><p style=""margin:0"">La venda d'entrades finalitza a les 18:00 h</p></div></td></tr><tr><td class=""timetable-day"" rowspan=1><div>Divendres, dissabte, diumenge i festius</div></td><td class=""timetable-hour"" rowspan=1><div>d'11.00&nbsp;h a 20.30&nbsp;h</div></td></tr></table>"
﻿92086001838,Biblioteca El Besòs i el Maresme - Ramon d’Alòs-Moner,,,1984-05-30T00:00:00+02:00,2026-09-07T14:34:46.677907+02:00,,,266405,Rambla de Prim,87,,70,el Besòs i el Maresme,10,Sant Martí,08019,Barcelona,True,,39550,100002,Informació d'interès,E-mail,b.barcelona.ram@diba.cat,True,,434104.7368423961,4585276.455455198,41.41634060802333,2.211500229848388,"<table class=""timetable-table""><tr class=""timetable-header""><th class=""period"">Període</th><th class=""weekdays"">Dies</th><th class=""hours"">Hores</th></tr><tr><td class=""timetable-period current"" rowspan=4><div><p style=""margin:0"">Horari habitual</p><p style=""margin:0"">al llarg de l'any</p></div></td><td class=""timetable-day"" rowspan=1><div>Dilluns, dimecres, dijous i divendres</div></td><td class=""timetable-hour"" rowspan=1><div>de 15.00&nbsp;h a 20.00&nbsp;h</div></td></tr><tr><td class=""timetable-day"" rowspan=1><div>Dimarts excepte 23 juny</div></td><td class=""timetable-hour"" rowspan=1><div>de 09.30&nbsp;h a 13.30&nbsp;h i <br>de 15.00&nbsp;h a 20.00&nbsp;h</div></td></tr><tr><td class=""timetable-day"" rowspan=1><div><p style=""margin:0"">Dimarts 23 de juny</p></div></td><td class=""timetable-hour"" rowspan=1><div>de 09.30&nbsp;h a 13.30&nbsp;h</div></td></tr><tr><td class=""timetable-day"" rowspan=1><div>Dissabte</div></td><td class=""timetable-hour"" rowspan=1><div>de 10.00&nbsp;h a 14.00&nbsp;h</div></td></tr><tr><td class=""timetable-period"" rowspan=2><div><p style=""margin:0"">Estiu 2026</p><p style=""margin:0"">Del 24 juny al 31 juliol</p></div></td><td class=""timetable-day"" rowspan=1><div>Dilluns, dimecres, dijous i divendres</div></td><td class=""timetable-hour"" rowspan=1><div>de 15.00&nbsp;h a 20.00&nbsp;h</div></td></tr><tr><td class=""timetable-day"" rowspan=1><div>Dimarts</div></td><td class=""timetable-hour"" rowspan=1><div>de 09.30&nbsp;h a 13.30&nbsp;h i <br>de 15.00&nbsp;h a 20.00&nbsp;h</div></td></tr><tr><td class=""timetable-period"" rowspan=1><div>De l'1 agost al 31 agost</div></td><td class=""timetable-day"" rowspan=1><div>De dilluns a divendres</div></td><td class=""timetable-hour"" rowspan=1><div>de 09.00&nbsp;h a 14.00&nbsp;h</div></td></tr><tr><td class=""timetable-period"" rowspan=2><div>De l'1 setembre al 24 setembre</div></td><td class=""timetable-day"" rowspan=1><div>Dilluns, dimecres, dijous i divendres</div></td><td class=""timetable-hour"" rowspan=1><div>de 15.00&nbsp;h a 20.00&nbsp;h</div></td></tr><tr><td class=""timetable-day"" rowspan=1><div>Dimarts</div></td><td class=""timetable-hour"" rowspan=1><div>de 09.30&nbsp;h a 13.30&nbsp;h i <br>de 15.00&nbsp;h a 20.00&nbsp;h</div></td></tr></table>"
﻿92086009789,Mercat Sant Martí,,,1985-01-17T00:00:00+01:00,2026-07-13T12:27:20.590175+02:00,,,270107,Carrer de Puigcerdà,206,212,73,la Verneda i la Pau,10,Sant Martí,08020,Barcelona,True,,73170,100003,Informació d'interès,Web,http://www.barcelona.cat/mercats,True,,433588.773,4585535.281,41.41862930084133,2.205298380251844,"<table class=""timetable-table""><tr class=""timetable-header""><th class=""period"">Període</th><th class=""weekdays"">Dies</th><th class=""hours"">Hores</th></tr><tr><td class=""timetable-period current"" rowspan=2><div>De l'1 setembre al 30 juny</div></td><td class=""timetable-day"" rowspan=1><div>Dilluns, dimarts, dimecres, dijous i dissabte</div></td><td class=""timetable-hour"" rowspan=1><div>de 07.30&nbsp;h a 14.00&nbsp;h</div></td></tr><tr><td class=""timetable-day"" rowspan=1><div>Divendres</div></td><td class=""timetable-hour"" rowspan=1><div>de 07.30&nbsp;h a 14.00&nbsp;h i <br>de 16.00&nbsp;h a 20.00&nbsp;h</div></td></tr><tr><td class=""timetable-period"" rowspan=1><div>De l'1 juliol al 31 agost</div></td><td class=""timetable-day"" rowspan=1><div>De dilluns a dissabte</div></td><td class=""timetable-hour"" rowspan=1><div>de 07.30&nbsp;h a 14.00&nbsp;h</div></td></tr></table>"
﻿92086005213,Museu Reial Monestir de Santa Maria de Pedralbes,,,1984-05-30T00:00:00+02:00,2026-09-16T14:32:32.753178+02:00,,,215200,Baixada del Monestir,9,,21,Pedralbes,04,Les Corts,08034,Barcelona,True,,40103,100002,Informació d'interès,E-mail,monestirpedralbes@bcn.cat,True,,425772.0582506743,4583054.846393712,41.395605165759946,2.112075084546918,"<table class=""timetable-table""><tr class=""timetable-header""><th class=""period"">Període</th><th class=""weekdays"">Dies</th><th class=""hours"">Hores</th><th class=""prices"">Preus</th><th class=""description"">Observacions</th></tr><tr><td class=""timetable-period"" rowspan=3><div>De l'1 octubre al 31 març</div></td><td class=""timetable-day"" rowspan=1><div><p style=""margin:0"">Dimarts a divendres</p></div></td><td class=""timetable-hour"" rowspan=1><div>de 10.00&nbsp;h a 14.00&nbsp;h</div></td><td class=""timetable-price"" rowspan=7><div>Entrada general: 5.2 € <p style=""margin:0""><br></p><p style=""margin:0""><strong>Entrada reduïda: 3.70 €:</strong></p><p style=""margin:0"">. Majors de 65 anys</p><p style=""margin:0"">. Pensionistes</p><p style=""margin:0"">. Menors de 30 anys</p><p style=""margin:0"">. Famílies nombroses i monoparentals</p><p style=""margin:0"">. Persones en situació d'atur</p><p style=""margin:0"">. Titulars del carnet jove</p><p style=""margin:0"">. Titulars de la targeta rosa reduïda</p><p style=""margin:0"">. Carnet de biblioteques</p><p style=""margin:0"">. Titulars de la targeta BCN Express</p><p style=""margin:0"">.Grups de més de 10 persones</p><p style=""margin:0""><strong>Entrada gratuïta:</strong></p><p style=""margin:0"">· Primer diumenge de mes</p><p style=""margin:0"">· Diumenges, a partir de les 15 h</p><p style=""margin:0"">· Registrats al programa Gaudir+BCN</p><p style=""margin:0"">· Menors de 16 anys, acompanyats</p><p style=""margin:0"">· Membres acreditats d'ICOM</p><p style=""margin:0"">· Guies turístics</p><p style=""margin:0"">· Professors ensenyaments reglats</p><p style=""margin:0"">· Targeta rosa gratuïta</p><p style=""margin:0"">· Barcelona Card</p><p style=""margin:0"">· Passi metropolità acompanyant persona discapacitada</p><p style=""margin:0"">· Periodistes acreditats</p><p style=""margin:0"">· 12 de febrer (Santa Eulàlia)</p><p style=""margin:0"">. 18 de maig(Dia Internacional dels Museus)</p><p style=""margin:0"">. 4 juny (Dijous de Corpus)</p><p style=""margin:0"">· 24 de setembre (La Mercè)</p></div></td><td class=""timetable-description"" rowspan=8><div><p style=""margin:0""><br></p><p style=""margin:0""><br></p><p style=""margin:0""><br></p><p style=""margin:0""><br></p><p style=""margin:0""><br></p><p style=""margin:0""><br></p><p style=""margin:0"">L'espai habilitat com a refugi climàtic és d'accés gratuït</p></div></td></tr><tr><td class=""timetable-day"" rowspan=1><div>Dissabte i diumenge</div></td><td class=""timetable-hour"" rowspan=1><div>de 10.00&nbsp;h a 17.00&nbsp;h</div></td></tr><tr><td class=""timetable-day"" rowspan=1><div><p style=""margin:0"">Festius </p><p style=""margin:0"">Tancat 25 desembre i 1 gener</p></div></td><td class=""timetable-hour"" rowspan=1><div>de 10:00 h a 14:00 h</div></td></tr><tr><td class=""timetable-period current"" rowspan=5><div>De l'1 abril al 30 setembre</div></td><td class=""timetable-day"" rowspan=1><div><p style=""margin:0"">Dimarts a divendres</p></div></td><td class=""timetable-hour"" rowspan=1><div>de 10.00&nbsp;h a 17.00&nbsp;h</div></td></tr><tr><td class=""timetable-day"" rowspan=1><div>Dissabte</div></td><td class=""timetable-hour"" rowspan=1><div>de 10.00&nbsp;h a 19.00&nbsp;h</div></td></tr><tr><td class=""timetable-day"" rowspan=1><div>Diumenge</div></td><td class=""timetable-hour"" rowspan=1><div>de 10.00&nbsp;h a 20.00&nbsp;h</div></td></tr><tr><td class=""timetable-day"" rowspan=1><div><p style=""margin:0"">Festius </p><p style=""margin:0"">Tancat Divendres Sant, 1 maig i 24 juny </p></div></td><td class=""timetable-hour"" rowspan=1><div>de 10:00 h a 14:00 h</div></td></tr><tr><td class=""timetable-day"" rowspan=1><div><p style=""margin:0"">La Nit dels Museus 2026:</p><p style=""margin:0"">16 de maig</p></div></td><td class=""timetable-hour"" rowspan=1><div>de 19.00&nbsp;h a 01.00&nbsp;h</div></td><td class=""timetable-price"" rowspan=1><div>Entrada Gratuïta</div></td></tr></table>"
﻿92086009790,Mercat Besòs,,,1985-01-17T00:00:00+01:00,2026-06-17T09:41:04.087611+02:00,,,165601,C Jaume Huguet,38,,70,el Besòs i el Maresme,10,Sant Martí,08019,BARCELONA,True,,73365,100003,Informació d'interès,Web,https://mercatbesos.barcelona,True,,434410.91780702176,4585594.718412233,41.419232167534055,2.2151291359475485,"<table class=""timetable-table""><tr class=""timetable-header""><th class=""weekdays"">Dies</th><th class=""hours"">Hores</th></tr><tr><td class=""timetable-day"" rowspan=1><div>De dilluns a dissabte</div></td><td class=""timetable-hour"" rowspan=1><div>de 07:30 h a 14:00 h</div></td></tr></table>"
﻿92086011165,Casal de Gent Gran Parc Sandaru,,,1985-05-21T00:00:00+02:00,2026-09-01T08:38:53.691963+02:00,,,050803,C Buenaventura Muñoz,21,,66,el Parc i la Llacuna del Poblenou,10,Sant Martí,08018,BARCELONA,True,,40884,100002,Informació d'interès,E-mail,casalgg.parcsandaru@bcn.cat,True,,431844.8993366278,4582566.646435081,41.39174570900244,2.184766821590944,"<table class=""timetable-table""><tr class=""timetable-header""><th class=""period"">Període</th><th class=""weekdays"">Dies</th><th class=""hours"">Hores</th></tr><tr><td class=""timetable-period"" rowspan=1><div>de l'1 de setembre<br>al 31 de juliol</div></td><td class=""timetable-day"" rowspan=1><div>De dilluns a divendres</div></td><td class=""timetable-hour"" rowspan=1><div>de 09.30&nbsp;h a 13.30&nbsp;h i <br>de 16.00&nbsp;h a 19.00&nbsp;h</div></td></tr><tr><td class=""timetable-period"" rowspan=1><div>de l'1 d'agost<br>al 31 d'agost</div></td><td class=""timetable-day"" rowspan=1><div>Tots els dies tancat</div></td><td class=""timetable-hour"" rowspan=1><div><p style=""margin:0"">Tancat</p></div></td></tr></table>"
﻿154110817,Casal de Gent Gran Penitents,,,2000-06-02T00:00:00+02:00,2026-09-01T10:24:44.280863+02:00,,,352507,Pg Vall d'Hebron,76,,28,Vallcarca i els Penitents,06,Gràcia,08023,BARCELONA,True,,33302,100002,Informació d'interès,E-mail,info.cggpenitents@gmail.com,True,,428152.2855471805,4585742.925696339,41.42003175537995,2.1402254329615684,"<table class=""timetable-table""><tr class=""timetable-header""><th class=""period"">Període</th><th class=""weekdays"">Dies</th><th class=""hours"">Hores</th></tr><tr><td class=""timetable-period"" rowspan=1><div>De l'1 setembre al 31 juliol</div></td><td class=""timetable-day"" rowspan=1><div>De dilluns a divendres</div></td><td class=""timetable-hour"" rowspan=1><div>de 09.00&nbsp;h a 13.00&nbsp;h i <br>de 16.00&nbsp;h a 19.30&nbsp;h</div></td></tr><tr><td class=""timetable-period"" rowspan=1><div>De l'1 agost al 31 agost</div></td><td class=""timetable-day"" rowspan=1><div>Tots els dies tancat</div></td><td class=""timetable-hour"" rowspan=1><div><p style=""margin:0"">Tancat</p></div></td></tr></table>"
﻿99400785534,Calçats Queisalós,,,2026-07-27T12:06:18.920199+02:00,2026-08-31T09:48:17.005850+02:00,,,157909,Carrer de l'Hospital,15,17,01,el Raval,01,Ciutat Vella,08001,Barcelona,True,,747568,100003,Informació d'interès,Web,https://www.zapatosmascomodos.es/,False,,430816.636,4581383.791,41.38100430248179,2.172603609673827,
﻿75990060310,Farmàcia Ibañez Gimeno,,,1996-09-18T00:00:00+02:00,2026-07-06T13:13:52.852717+02:00,,,144601,Avinguda Diagonal,319,,07,la Dreta de l'Eixample,02,Eixample,08009,Barcelona,True,,640250,100003,Informació d'interès,Web,https://www.farmaguia.net/desktop/,False,,430726.77402989595,4583411.283968144,41.39925755697648,2.171297139848222,
﻿92086011057,Casal Cívic i Comunitari Barcelona - La Barceloneta,,,1985-02-21T00:00:00+01:00,2026-09-01T09:54:40.107582+02:00,,,033305,Carrer del Baluard,28,,03,la Barceloneta,01,Ciutat Vella,08003,Barcelona,True,,40968,100002,Informació d'interès,E-mail,cc.barcelonabarceloneta@gencat.cat,True,,432149.62862853345,4581309.095768196,41.380445057622765,2.188552309684918,"<table class=""timetable-table""><tr class=""timetable-header""><th class=""period"">Període</th><th class=""weekdays"">Dies</th><th class=""hours"">Hores</th></tr><tr><td class=""timetable-period"" rowspan=2><div>de l'1 de setembre<br>al 31 de juliol</div></td><td class=""timetable-day"" rowspan=1><div>De dilluns a divendres</div></td><td class=""timetable-hour"" rowspan=1><div>de 09:00 h a 21:00 h</div></td></tr><tr><td class=""timetable-day"" rowspan=1><div>diumenges</div></td><td class=""timetable-hour"" rowspan=1><div>de 10.00&nbsp;h a 21.00&nbsp;h</div></td></tr><tr><td class=""timetable-period"" rowspan=1><div>de l'1 d'agost<br>al 31 d'agost</div></td><td class=""timetable-day"" rowspan=1><div>Tots els dies</div></td><td class=""timetable-hour"" rowspan=1><div>Tancat</div></td></tr></table>"
﻿2011131453,Centre Cívic Cotxeres Borrell,,,2002-01-11T00:00:00+01:00,2026-09-01T07:58:05.528367+02:00,,,361406,Carrer de Viladomat,2,8,10,Sant Antoni,02,Eixample,08015,Barcelona,True,,34290,100002,Informació d'interès,E-mail,informacio@cotxeresborrell.net,True,,430002.002,4580788.5,41.37557224589931,2.1629307624189775,"<table class=""timetable-table""><tr class=""timetable-header""><th class=""period"">Període</th><th class=""weekdays"">Dies</th><th class=""hours"">Hores</th></tr><tr><td class=""timetable-period"" rowspan=2><div>De l'1 octubre al 30 juny</div></td><td class=""timetable-day"" rowspan=1><div>De dilluns a divendres</div></td><td class=""timetable-hour"" rowspan=1><div>de 09.00&nbsp;h a 21.00&nbsp;h</div></td></tr><tr><td class=""timetable-day"" rowspan=1><div>Dissabte</div></td><td class=""timetable-hour"" rowspan=1><div>de 10.00&nbsp;h a 14.00&nbsp;h</div></td></tr><tr><td class=""timetable-period"" rowspan=1><div><p style=""margin:0"">Estiu 2026:</p><p style=""margin:0"">De l'1 juliol al 31 juliol</p></div></td><td class=""timetable-day"" rowspan=1><div>De dilluns a divendres</div></td><td class=""timetable-hour"" rowspan=1><div>de 09.00&nbsp;h a 22.00&nbsp;h</div></td></tr><tr><td class=""timetable-period"" rowspan=1><div>De l'1 agost al 31 agost</div></td><td class=""timetable-day"" rowspan=1><div><p style=""margin:0"">Tots els dies</p></div></td><td class=""timetable-hour"" rowspan=1><div><p style=""margin:0"">Tancat</p></div></td></tr><tr><td class=""timetable-period current"" rowspan=1><div>De l'1 setembre al 30 setembre</div></td><td class=""timetable-day"" rowspan=1><div>De dilluns a divendres</div></td><td class=""timetable-hour"" rowspan=1><div>de 09.00&nbsp;h a 22.00&nbsp;h</div></td></tr></table>"
﻿99400784289,Espai 3 Ulls,99400478358,Institut Escola Trinitat Nova,2026-07-06T12:58:50.127996+02:00,2026-07-06T13:05:15.647781+02:00,,,250507,Carrer de la Pedrosa,16,,53,la Trinitat Nova,08,Nou Barris,08033,Barcelona,True,,741801,100002,Informació d'interès,E-mail,ietrinitatnova@ietn.cat,True,,431889.1456266119,4588893.495775172,41.4487332776949,2.184583502268608,"<table class=""timetable-table""><tr class=""timetable-header""><th class=""period"">Període</th><th class=""weekdays"">Dies</th><th class=""hours"">Hores</th></tr><tr><td class=""timetable-period current"" rowspan=1><div>Del 14 setembre al 19 juny</div></td><td class=""timetable-day"" rowspan=1><div>De dilluns a divendres</div></td><td class=""timetable-hour"" rowspan=1><div>de 16.30&nbsp;h a 19.30&nbsp;h</div></td></tr><tr><td class=""timetable-period"" rowspan=3><div><p style=""margin:0"">Juliol</p></div></td><td class=""timetable-day"" rowspan=1><div>Dilluns i dijous</div></td><td class=""timetable-hour"" rowspan=1><div>de 09.00&nbsp;h a 14.00&nbsp;h</div></td></tr><tr><td class=""timetable-day"" rowspan=1><div>Dimarts</div></td><td class=""timetable-hour"" rowspan=1><div>de 17.00&nbsp;h a 19.00&nbsp;h</div></td></tr><tr><td class=""timetable-day"" rowspan=1><div>Dimecres</div></td><td class=""timetable-hour"" rowspan=1><div>de 16.30&nbsp;h a 19.00&nbsp;h</div></td></tr><tr><td class=""timetable-period"" rowspan=1><div>De l'1 agost al 31 agost</div></td><td class=""timetable-day"" rowspan=1><div>Dimarts</div></td><td class=""timetable-hour"" rowspan=1><div>de 17.00&nbsp;h a 19.00&nbsp;h</div></td></tr></table>"
﻿92086010721,Parc de Cervantes,,,1985-02-12T00:00:00+01:00,2026-06-11T12:43:46.064339+02:00,,,144601,Avinguda Diagonal,712,716,21,Pedralbes,04,Les Corts,08034,Barcelona,True,,73855,100003,Informació d'interès,Web,https://link.bcn.cat/cEPdC,True,,425310.525,4581684.293,41.383218501199735,2.1067237945313715,
﻿92086001333,Museu Picasso,,,1984-05-30T00:00:00+02:00,2026-09-16T14:31:43.396102+02:00,,,217501,Carrer de Montcada,15,23,04,"Sant Pere, Santa Caterina i la Ribera",01,Ciutat Vella,08003,Barcelona,True,,39545,100002,Informació d'interès,E-mail,museupicasso@bcn.cat,True,,431510.87727794005,4581841.66611687,41.385187649272225,2.180853795205005,"<table class=""timetable-table""><tr class=""timetable-header""><th class=""period"">Període</th><th class=""weekdays"">Dies</th><th class=""hours"">Hores</th><th class=""prices"">Preus</th><th class=""description"">Observacions</th></tr><tr><td class=""timetable-period"" rowspan=2><div>Del 29 setembre al 29 març</div></td><td class=""timetable-day"" rowspan=1><div><p style=""margin:0"">De dimarts a diumenge i festius</p><p style=""margin:0"">Excepte 24 desembre, 31 de desembre</p><p style=""margin:0"">Tancat 25 desembre, 1 gener</p></div></td><td class=""timetable-hour"" rowspan=1><div>de 10.00&nbsp;h a 19.00&nbsp;h</div></td><td class=""timetable-price"" rowspan=4><div>Entrada general: 15 € <p style=""margin:0"">(col·lecció Picasso + Exposició temporal)</p><p style=""margin:0"">Preu online:14 €</p><p style=""margin:0""><br></p><p style=""margin:0""><strong>Reduïda</strong> (caldrà acreditar la condició): 7,5. €</p><p style=""margin:0"">- Les persones de 18 a 25 anys (menors de 25 anys)</p><p style=""margin:0"">- Els posseïdors del carnet de Biblioteques de Barcelona</p><p style=""margin:0"">- Estudiants universitaris degudament acreditats</p><p style=""margin:0"">- Les persones de 65 anys endavant</p><p style=""margin:0"">- Les persones aturades o posseïdores de la targeta rosa reduïda</p><p style=""margin:0"">- Les persones titulars del carnet del Bicing gaudeixen d’un 25 % de descompte en el                          preu   l'entrada</p><p style=""margin:0""><br></p><p style=""margin:0""><br></p><p style=""margin:0""><strong>Articket</strong>: 38 €</p><p style=""margin:0""><br></p><p style=""margin:0""><strong>Carnet del Museu</strong></p><p style=""margin:0"">- Individual: 40 € (Col·lecció + exposició temporal)</p><p style=""margin:0"">Vàlid durant 1 any</p><p style=""margin:0""><br></p><p style=""margin:0""><strong>Gratuïta</strong>:(reserva necessària: quatre dies abans de la visita)</p><p style=""margin:0"">- El 1r diumenge de cada mes</p><p style=""margin:0""><strong style=""color: rgb(9, 27, 57);"">-</strong><span style=""color: rgb(9, 27, 57);""> Els dijous de 16 h a 19 h (Del 29 de setembre al 29 de març)</span></p><p style=""margin:0"">- Els dijous, divendres i dissabte de 19 a 21 h (<span style=""color: rgb(9, 27, 57);"">Del 31 de març al 27 de setembre</span>)</p><p style=""margin:0"">- 12 de febrer (Santa Eulàlia)</p><p style=""margin:0"">- 17 de maig (Dia Internacional dels Museus)</p><p style=""margin:0"">- 24 de setembre (la Mercè)</p><p style=""margin:0""><br></p><p style=""margin:0"">També tenen entrada gratuïta acreditant la condició:</p><p style=""margin:0""><br></p><p style=""margin:0"">- Els menors de 18 anys</p><p style=""margin:0"">- Les persones titulars del Carnet Amic/ga Museu Picasso</p><p style=""margin:0"">- Els posseïdors de la targeta rosa gratuïta</p><p style=""margin:0"">- Els membres degudament acreditats de l’ICOM</p><p style=""margin:0"">- Els membres degudament acreditats de l’Associació de Museòlegs de Catalunya</p><p style=""margin:0"">- Els guies turístics professionals en l’exercici de la seva feina</p><p style=""margin:0"">- Els titulars de la targeta Acreditativa de discapacitat</p><p style=""margin:0"">- Les persones que disposin del Passi metropolità d'acompanyant d'un discapacitat</p><p style=""margin:0"">- Els periodistes degudament acreditats</p><p style=""margin:0"">- Les persones amb entrada lliure Apropa Cultura</p><p style=""margin:0"">- Docents amb carnet de la Generalitat</p></div></td><td class=""timetable-description"" rowspan=1><div><p style=""margin:0""><span style=""color: rgb(0, 0, 0);"">Els dies d'horari gratuït cal </span>&nbsp;reserva d'entrades de forma anticipada <span style=""color: rgb(0, 0, 0);"">(entrades disponibles amb 4 dies d'antelació) </span></p><p style=""margin:0""><br></p><p style=""margin:0""><br></p><p style=""margin:0"">L'espai habilitat com a refugi climàtic és d'accés gratuït</p></div></td></tr><tr><td class=""timetable-day"" rowspan=1><div>24 desembre i <br>31 desembre</div></td><td class=""timetable-hour"" rowspan=1><div>de 10:00 h a 14:00 h</div></td><td  rowspan=1><div></div></td></tr><tr><td class=""timetable-period"" rowspan=3><div>Del 31 març al 27 setembre</div></td><td class=""timetable-day"" rowspan=1><div><p style=""margin:0"">Dimarts, dimecres i diumenge </p><p style=""margin:0"">Tancat: 1 maig i 24 juny</p></div></td><td class=""timetable-hour"" rowspan=1><div>de 09.00&nbsp;h a 20.00&nbsp;h</div></td><td class=""timetable-description"" rowspan=3><div><p style=""margin:0""><span style=""color: rgb(0, 0, 0);"">Els dies d'horari gratuït cal </span>&nbsp;reserva d'entrades de forma anticipada <span style=""color: rgb(0, 0, 0);"">(entrades disponibles amb 4 dies d'antelació) </span></p><p style=""margin:0""><br></p><p style=""margin:0""><br></p><p style=""margin:0"">L'espai habilitat com a refugi climàtic és d'accés gratuït</p></div></td></tr><tr><td class=""timetable-day"" rowspan=1><div>Dijous, divendres i dissabte</div></td><td class=""timetable-hour"" rowspan=1><div>de 09.00&nbsp;h a 21.00&nbsp;h</div></td></tr><tr><td class=""timetable-day"" rowspan=1><div><p style=""margin:0"">La Nit dels Museus 2026:</p><p style=""margin:0"">16 de maig</p></div></td><td class=""timetable-hour"" rowspan=1><div>de 19.00&nbsp;h a 01.00&nbsp;h</div></td><td class=""timetable-price"" rowspan=1><div>Entrada Gratuïta <p style=""margin:0""><span style=""color: rgb(0, 0, 0);"">Cal reserva anticipada</span></p></div></td></tr></table>"
﻿90120343,Centre Cívic Josep Maria Trias i Peitx,,,2000-03-30T00:00:00+02:00,2026-09-01T08:44:01.923551+02:00,,,282252,Riera Blanca,1,3,20,la Maternitat i Sant Ramon,04,Les Corts,08028,Barcelona,True,,33410,100002,Informació d'interès,E-mail,info@ccjosepmtriasipeitx.cat,True,,426561.645,4581067.584,41.377779238441946,2.1217600571556323,"<table class=""timetable-table""><tr class=""timetable-header""><th class=""period"">Període</th><th class=""weekdays"">Dies</th><th class=""hours"">Hores</th></tr><tr><td class=""timetable-period"" rowspan=2><div>De l'1 setembre al 31 juliol</div></td><td class=""timetable-day"" rowspan=1><div>De dilluns a divendres</div></td><td class=""timetable-hour"" rowspan=1><div>de 09.00&nbsp;h a 22.00&nbsp;h</div></td></tr><tr><td class=""timetable-day"" rowspan=1><div>Dissabte</div></td><td class=""timetable-hour"" rowspan=1><div>de 09.00&nbsp;h a 14.00&nbsp;h</div></td></tr><tr><td class=""timetable-period"" rowspan=1><div><p style=""margin:0"">Estiu 2026:</p><p style=""margin:0"">De l'1 agost al 31 agost</p></div></td><td class=""timetable-day"" rowspan=1><div>Tots els dies tancat</div></td><td class=""timetable-hour"" rowspan=1><div><p style=""margin:0"">Tancat</p></div></td></tr></table>"
﻿75990144518,Farmàcia Estruch Garriga,,,1996-09-18T00:00:00+02:00,2026-08-25T13:43:40.849146+02:00,,,030602,Rambla de Badal,156,,18,Sants,03,Sants-Montjuïc,08028,Barcelona,True,,693912,100002,Informació d'interès,E-mail,farmaciaestruch@hotmail.com,False,,427369.90626052115,4580568.209007134,41.37335492082793,2.131484714130835,
﻿75990121105,Farmàcia Montenegro Pons,,,1996-09-18T00:00:00+02:00,2026-09-28T13:29:26.309375+02:00,,,327102,Carrer de Solà,1,,19,les Corts,04,Les Corts,08014,Barcelona,True,,639944,100003,Informació d'interès,Web,https://www.farmaguia.net/desktop/,False,,427456.157094655,4582085.072220785,41.38702449183987,2.132334417524731,
﻿1128115652,Jardins Interior d'Illa de Tres Tombs,,,2001-05-08T00:00:00+02:00,2026-08-25T14:56:15.215614+02:00,,,192502,Carrer de Manso,24,28,10,Sant Antoni,02,Eixample,08015,Barcelona,True,,668031,100097,Variables,Text per a la web de Refugis Climàtics - detalls,<p>Durant episodis d'altes temperatures els espais exteriors poden no oferir el confort tèrmic necessari</p>,False,,429787.14651542,4580879.25774105,41.37637095451236,2.160351170118098,"<table class=""timetable-table""><tr class=""timetable-header""><th class=""period"">Període</th><th class=""weekdays"">Dies</th><th class=""hours"">Hores</th><th class=""description"">Observacions</th></tr><tr><td class=""timetable-period"" rowspan=1><div><p style=""margin:0"">Horari d’hivern:</p><p style=""margin:0"">de l'1 de novembre al 31 de març</p></div></td><td class=""timetable-day"" rowspan=2><div>Cada dia</div></td><td class=""timetable-hour"" rowspan=1><div>de 08.30&nbsp;h a 19.00&nbsp;h</div></td><td class=""timetable-description"" rowspan=2><div>Hora de tancament<br>aproximada,en funció de<br> l'horari solar (tanquen<br> quan es fa fosc, al capvespre)</div></td></tr><tr><td class=""timetable-period current"" rowspan=1><div><p style=""margin:0"">Horari d’estiu:</p><p style=""margin:0"">de l'1 d'abril al 31 d'octubre</p></div></td><td class=""timetable-hour"" rowspan=1><div>de 08.30&nbsp;h a 21.00&nbsp;h</div></td></tr></table>"
﻿92086031399,Centre d'Urgències i Emergències Socials de Barcelona,,,1989-11-23T00:00:00+01:00,2026-01-21T09:14:08.716301+01:00,,,183603,C Llacuna,25,,68,el Poblenou,10,Sant Martí,08005,BARCELONA,True,,75318,100003,Informació d'interès,Web,https://ajuntament.barcelona.cat/serveissocials/ca/canal/urgencies-i-emergencies-socials,True,,433237.71263839694,4583379.685781369,41.399185366080964,2.201335667816197,"<table class=""timetable-table""><tr class=""timetable-header""><th class=""weekdays"">Dies</th><th class=""hours"">Hores</th></tr><tr><td class=""timetable-day"" rowspan=1><div>Tots els dies</div></td><td class=""timetable-hour"" rowspan=1><div>de 00:00 h a  24:00 h</div></td></tr></table>"
﻿1313140637,Centre Comercial Diagonal Mar,,,2001-11-09T00:00:00+01:00,2026-07-07T13:04:12.088852+02:00,,,144601,Avinguda Diagonal,3,35,69,Diagonal Mar i el Front Marítim del Poblenou,10,Sant Martí,08019,Barcelona,True,,34463,100002,Informació d'interès,E-mail,info@diagonalmarcentre.com,True,,434508.573,4584617.748,41.41044081086672,2.2164033850480425,"<table class=""timetable-table""><tr class=""timetable-header""><th class=""period"">Període</th><th class=""weekdays"">Dies</th><th class=""hours"">Hores</th><th class=""description"">Observacions</th></tr><tr><td class=""timetable-period"" rowspan=1><div>Horari d'hivern:<br>de l'1 d'octubre<br>al 31 de maig</div></td><td class=""timetable-day"" rowspan=1><div>De dilluns a dissabtes</div></td><td class=""timetable-hour"" rowspan=1><div>de 09:00 h a 21:00 h</div></td><td class=""timetable-description"" rowspan=3><div><p style=""margin:0"">Horari comercial</p></div></td></tr><tr><td class=""timetable-period current"" rowspan=2><div>Horari d'estiu:<br>de l'1 de juny<br>al 30 de setembre</div></td><td class=""timetable-day"" rowspan=1><div>De dilluns a dissabte</div></td><td class=""timetable-hour"" rowspan=1><div>de 09:30 h a 22:00 h</div></td></tr><tr><td class=""timetable-day"" rowspan=1><div><p style=""margin:0"">Diumenge,</p><p style=""margin:0""> fins el 15 de setembre </p></div></td><td class=""timetable-hour"" rowspan=1><div>de 12.00&nbsp;h a 20.00&nbsp;h</div></td></tr></table>"
﻿99400783481,Llibreria The Book Bar,,,2026-06-19T12:05:26.052012+02:00,2026-09-17T11:54:23.982765+02:00,,,296202,Carrer Gran de Sant Andreu,368,370,60,Sant Andreu,09,Sant Andreu,08030,Barcelona,True,,739315,100002,Informació d'interès,E-mail,thebookbar.bcn@gmail.com,False,,432240.3,4587776.335,41.43870113501574,2.1889123947756235,
﻿99400783483,Supermercat Consum *Avinguda Roma,,,2026-06-19T12:14:22.280116+02:00,2026-06-19T12:15:39.714086+02:00,,,287201,Avinguda de Roma,32,34,09,la Nova Esquerra de l'Eixample,02,Eixample,08015,Barcelona,True,,739318,100003,Informació d'interès,Web,https://www.consum.es/va/,False,,428634.74,4581470.501,41.38159469710327,2.146501812816769,
﻿99400783484,Supermercat Consum *Lluçà,,,2026-06-19T12:16:34.107869+02:00,2026-06-19T12:17:42.826567+02:00,,,186907,Carrer de Lluçà,19,23,19,les Corts,04,Les Corts,08028,Barcelona,True,,739319,100003,Informació d'interès,Web,https://www.consum.es/va/,False,,427300.545,4581597.614,41.38262010424975,2.1305319038523947,
﻿99400783485,Supermercat Consum *c. de Sants,,,2026-06-19T12:18:38.207060+02:00,2026-06-19T12:19:39.799849+02:00,,,312400,Carrer de Sants,206,210,18,Sants,03,Sants-Montjuïc,08028,Barcelona,True,,739320,100003,Informació d'interès,Web,https://www.consum.es/va/,False,,427347.828,4580817.714,41.375600123150726,2.1311908270344957,
﻿99400783486,Supermercat Consum *Rosselló,,,2026-06-19T12:21:10.185903+02:00,2026-06-19T12:22:02.065615+02:00,,,289105,Carrer del Rosselló,334,334,07,la Dreta de l'Eixample,02,Eixample,08025,Barcelona,True,,739321,100003,Informació d'interès,Web,https://www.consum.es/va/,False,,430577.832,4583751.772,41.402311371951406,2.169476508264745,
﻿99400737908,Refugi Climàtic Pati d'Escola Bressol,99400264816,Escola Bressol Municipal Margalló,2024-06-12T15:24:01.914044+02:00,2026-05-15T10:37:03.912908+02:00,,,086200,Carrer del Concili de Trento,249,249,73,la Verneda i la Pau,10,Sant Martí,08020,Barcelona,True,,610438,100002,Informació d'interès,E-mail,ebmmargallo@bcn.cat,True,,433508.94,4585709.704,41.42019367615543,2.204323981784158,"<table class=""timetable-table""><tr class=""timetable-header""><th class=""period"">Període</th><th class=""weekdays"">Dies</th><th class=""hours"">Hores</th><th class=""prices"">Preus</th></tr><tr><td class=""timetable-period"" rowspan=1><div>De l'1 juny al 12 setembre</div></td><td class=""timetable-day"" rowspan=1><div>Dissabte</div></td><td class=""timetable-hour"" rowspan=1><div>de 10.30&nbsp;h a 13.00&nbsp;h</div></td><td class=""timetable-price"" rowspan=1><div>Entrada Gratuïta</div></td></tr></table>"
﻿99400270019,Espai Jove Palau Alòs,,,2011-05-04T10:41:13+02:00,2026-09-01T08:42:44.456708+02:00,,,031707,Carrer de Sant Pere Més Baix,55,,04,"Sant Pere, Santa Caterina i la Ribera",01,Ciutat Vella,08003,Barcelona,True,,55198,100002,Informació d'interès,E-mail,info@palaualos.cat,True,,431320.7785094772,4582180.221099458,41.388220707264985,2.178542012071502,"<table class=""timetable-table""><tr class=""timetable-header""><th class=""period"">Període</th><th class=""weekdays"">Dies</th><th class=""hours"">Hores</th></tr><tr><td class=""timetable-period"" rowspan=1><div>De l'1 setembre al 31 juliol</div></td><td class=""timetable-day"" rowspan=1><div>Cada dia</div></td><td class=""timetable-hour"" rowspan=1><div>de 09.00&nbsp;h a 22.00&nbsp;h</div></td></tr><tr><td class=""timetable-period"" rowspan=1><div>De l'1 agost al 31 agost</div></td><td class=""timetable-day"" rowspan=1><div>Tots els dies tancat</div></td><td class=""timetable-hour"" rowspan=1><div><p style=""margin:0"">Tancat</p></div></td></tr></table>"
﻿93302114541,Llac,92086020872,Parc de la Creueta del Coll,1993-10-29T00:00:00+01:00,2026-06-11T13:05:23.768519+02:00,,,230000,Passeig de la Mare de Déu del Coll,77,,29,el Coll,06,Gràcia,08023,Barcelona,True,,415481,30014,Informació d'interès,Web venda d'entrades,https://www.ae-eixample.cat/index.php/llac-del-parc-de-la-creueta-del-coll,False,,428666.627072169,4585576.173337348,41.41857571464552,2.1463993732739812,"<table class=""timetable-table""><tr class=""timetable-header""><th class=""period"">Període</th><th class=""weekdays"">Dies</th><th class=""hours"">Hores</th><th class=""prices"">Preus</th><th class=""description"">Observacions</th></tr><tr><td class=""timetable-period"" rowspan=2><div><p style=""margin:0"">Estiu 2025:</p><p style=""margin:0"">Del 6 juny al 6 setembre</p></div></td><td class=""timetable-day"" rowspan=1><div>De dilluns a divendres</div></td><td class=""timetable-hour"" rowspan=1><div>de 09.30&nbsp;h a 19.30&nbsp;h</div></td><td class=""timetable-price"" rowspan=2><div>Entrada general: 2.75 €  <ul><li>Individual :. 2,75 €</li><li>Grup (casals homologats): 2.26 €</li><li>Família nombrosa o monoparental: 1,27 €</li><li>Menors d'1 any : Gratuït</li><li>Majors de 65 anys: Gratuït (només presencial)</li><li>Abonaments de 10 sessions : 20.68 € (només presencial)</li><li>Lloguer de gandules (1/2 dia) : 1,87 € (només presencial)&nbsp;</li><li>Lloguer de gandules (dia sencer) : 3.30 € (només presencial)&nbsp;</li></ul></div></td><td class=""timetable-description"" rowspan=2><div><p style=""margin:0"">Es recomana l'ús d'escarpins, sabates aquàtiques</p><p style=""margin:0"">o mitjons d'aigua</p></div></td></tr><tr><td class=""timetable-day"" rowspan=1><div>Dissabte i diumenge</div></td><td class=""timetable-hour"" rowspan=1><div>de 10.00&nbsp;h a 20.00&nbsp;h</div></td></tr></table>"
﻿92086011059,Casal de Gent Gran Pati Llimona,,,1985-02-21T00:00:00+01:00,2026-07-29T08:51:51.599226+02:00,,,091800,Carrer del Correu Vell,5,5,02,el Barri Gòtic,01,Ciutat Vella,08002,Barcelona,True,,40773,100002,Informació d'interès,E-mail,pllimona@esport3.org,True,,431411.94,4581448.54,41.38163844622012,2.1797150985652536,"<table class=""timetable-table""><tr class=""timetable-header""><th class=""weekdays"">Dies</th><th class=""hours"">Hores</th></tr><tr><td class=""timetable-day"" rowspan=1><div>De dilluns a diumenges</div></td><td class=""timetable-hour"" rowspan=1><div>de 10.00&nbsp;h a 19.00&nbsp;h</div></td></tr></table>"
﻿92086011106,Casal Cívic i Comunitari Barcelona - Sants,,,1985-02-21T00:00:00+01:00,2026-09-01T10:03:38.180963+02:00,,,365000,C Violant Hongria Rna Aragó,135,,18,Sants,03,Sants-Montjuïc,08028,BARCELONA,True,,40976,100002,Informació d'interès,E-mail,barcelonasants.casal@gencat.cat,True,,427545.8953893179,4581309.844805536,41.38005041258112,2.1335003201135647,"<table class=""timetable-table""><tr class=""timetable-header""><th class=""period"">Període</th><th class=""weekdays"">Dies</th><th class=""hours"">Hores</th></tr><tr><td class=""timetable-period"" rowspan=2><div>De l'1 setembre al 31 juliol</div></td><td class=""timetable-day"" rowspan=1><div>De dilluns a divendres</div></td><td class=""timetable-hour"" rowspan=1><div>de 09.00&nbsp;h a 21.00&nbsp;h</div></td></tr><tr><td class=""timetable-day"" rowspan=1><div>Diumenge</div></td><td class=""timetable-hour"" rowspan=1><div>de 10.00&nbsp;h a 13.30&nbsp;h i <br>de 15.00&nbsp;h a 21.00&nbsp;h</div></td></tr><tr><td class=""timetable-period"" rowspan=1><div>De l'1 agost al 31 agost</div></td><td class=""timetable-day"" rowspan=1><div>Tots els dies tancat</div></td><td class=""timetable-hour"" rowspan=1><div><p style=""margin:0"">Tancat</p></div></td></tr></table>"
﻿92086011107,Espai de Gent Gran  El Polvorí,,,1985-01-21T00:00:00+01:00,2026-09-01T08:19:16.745262+02:00,,,151108,Carrer del Guadalquivir,2,,13,la Marina de Port,03,Sants-Montjuïc,08038,Barcelona,True,,40898,100002,Informació d'interès,E-mail,polvori@esport3.org,True,,428168.75872427796,4579479.601807136,41.36362191725007,2.1411653630200176,"<table class=""timetable-table""><tr class=""timetable-header""><th class=""period"">Període</th><th class=""weekdays"">Dies</th><th class=""hours"">Hores</th></tr><tr><td class=""timetable-period current"" rowspan=1><div>Del 3 setembre al 31 juliol</div></td><td class=""timetable-day"" rowspan=1><div>De dilluns a divendres</div></td><td class=""timetable-hour"" rowspan=1><div>de 10:00 h a 13:00 h i<BR>de 16:00 h a 19:30 h</div></td></tr><tr><td class=""timetable-period"" rowspan=1><div>De l'1 agost al 2 setembre</div></td><td class=""timetable-day"" rowspan=1><div><p style=""margin:0"">Tots els dies</p></div></td><td class=""timetable-hour"" rowspan=1><div><p style=""margin:0"">Tancat</p></div></td></tr></table>"
﻿92086011802,Filmoteca de Catalunya,,,1987-06-16T00:00:00+02:00,2026-09-18T10:24:48.027499+02:00,,,294659,Plaça de Salvador Seguí,1,9,01,el Raval,01,Ciutat Vella,08001,Barcelona,True,,40779,100002,Informació d'interès,E-mail,filmoteca.cultura@gencat.cat,True,,430681.228,4581118.569,41.37860387331031,2.171014700660908,"<table class=""timetable-table""><tr class=""timetable-header""><th class=""weekdays"">Dies</th><th class=""hours"">Hores</th></tr><tr><td class=""timetable-day"" rowspan=1><div>Dilluns</div></td><td class=""timetable-hour"" rowspan=1><div>de 10.00&nbsp;h a 14.00&nbsp;h</div></td></tr><tr><td class=""timetable-day"" rowspan=1><div><p style=""margin:0"">De dimarts a divendres</p></div></td><td class=""timetable-hour"" rowspan=1><div>de 10.00&nbsp;h a 14.00&nbsp;h i <br>de 16.00&nbsp;h a 21.00&nbsp;h</div></td></tr><tr><td class=""timetable-day"" rowspan=1><div>Dissabte i diumenge</div></td><td class=""timetable-hour"" rowspan=1><div>de 16.00&nbsp;h a 21.00&nbsp;h</div></td></tr></table>"
﻿92086011117,Casal de Gent Gran de Sant Ildefons,,,1985-02-21T00:00:00+01:00,2026-09-01T08:20:25.090831+02:00,,,196900,Carrer de Marià Cubí,111,,26,Sant Gervasi - Galvany,05,Sarrià-Sant Gervasi,08021,Barcelona,True,,568754,100002,Informació d'interès,E-mail,info@ggsantildefons.cat,False,,428731.8644646129,4583169.588911196,41.39690636103055,2.147463352453342,"<table class=""timetable-table""><tr class=""timetable-header""><th class=""period"">Període</th><th class=""weekdays"">Dies</th><th class=""hours"">Hores</th></tr><tr><td class=""timetable-period"" rowspan=1><div><p style=""margin:0"">De setembre a juliol</p></div></td><td class=""timetable-day"" rowspan=1><div>De dilluns a divendres</div></td><td class=""timetable-hour"" rowspan=1><div>de 09.30&nbsp;h a 13.30&nbsp;h i <br>de 16.30&nbsp;h a 19.30&nbsp;h</div></td></tr><tr><td class=""timetable-period"" rowspan=1><div><p style=""margin:0"">Agost</p></div></td><td class=""timetable-day"" rowspan=1><div>Tots els dies tancat</div></td><td class=""timetable-hour"" rowspan=1><div><p style=""margin:0"">Tancat</p></div></td></tr></table>"
﻿96142123016,Jardins Interior d'Illa de Montserrat Roig,,,1996-05-21T00:00:00+02:00,2026-08-25T14:58:45.359940+02:00,,,289105,Carrer del Rosselló,488,,06,la Sagrada Família,02,Eixample,08025,Barcelona,True,,192907,20001,Telèfons,Tel.,010,True,,431333.8119156561,4584469.633770393,41.40884184106481,2.178438240083388,"<table class=""timetable-table""><tr class=""timetable-header""><th class=""period"">Període</th><th class=""weekdays"">Dies</th><th class=""hours"">Hores</th><th class=""description"">Observacions</th></tr><tr><td class=""timetable-period"" rowspan=1><div><p style=""margin:0"">Horari d'hivern</p><p style=""margin:0"">de l'1 de novembre al 31 de març</p></div></td><td class=""timetable-day"" rowspan=2><div>Cada dia</div></td><td class=""timetable-hour"" rowspan=1><div>de 08.30&nbsp;h a 19.00&nbsp;h</div></td><td class=""timetable-description"" rowspan=2><div>Hora de tancament<br>aproximada,en funció de<br> l'horari solar (tanquen<br> quan es fa fosc, al capvespre)</div></td></tr><tr><td class=""timetable-period current"" rowspan=1><div><p style=""margin:0"">Horari d'estiu</p><p style=""margin:0"">de l'1 d'abril al 31 d'octubre</p></div></td><td class=""timetable-hour"" rowspan=1><div>de 08.30&nbsp;h a 21.00&nbsp;h</div></td></tr></table>"
﻿92086002379,Casal de Gent Gran Cotxeres de Sants,,,1991-03-22T00:00:00+01:00,2026-07-29T08:52:59.743663+02:00,,,134958,Pas de Fructuós Gelabert,6,,18,Sants,03,Sants-Montjuïc,08014,Barcelona,True,,39984,100002,Informació d'interès,E-mail,cotxeres@esport3.org,True,,427784.3541956293,4580728.6605295725,41.37483734331482,2.136421053260438,"<table class=""timetable-table""><tr class=""timetable-header""><th class=""period"">Període</th><th class=""weekdays"">Dies</th><th class=""hours"">Hores</th></tr><tr><td class=""timetable-period current"" rowspan=2><div>Del 3 setembre al 31 juliol</div></td><td class=""timetable-day"" rowspan=1><div>De dilluns a divendres</div></td><td class=""timetable-hour"" rowspan=1><div>de 10:00 h a 13:00 h i<BR>de 16:00 h a 19:30 h</div></td></tr><tr><td class=""timetable-day"" rowspan=1><div>Dissabte</div></td><td class=""timetable-hour"" rowspan=1><div>de 16:30 h a 19:30 h</div></td></tr><tr><td class=""timetable-period"" rowspan=1><div>De l'1 agost al 2 setembre</div></td><td class=""timetable-day"" rowspan=1><div>De dilluns a divendres</div></td><td class=""timetable-hour"" rowspan=1><div>de 16.30&nbsp;h a 19.30&nbsp;h</div></td></tr></table>"
﻿99400065443,La Masia de la Guineueta,,,2003-11-07T14:02:21+01:00,2026-09-01T10:38:03.957217+02:00,,,700899,Plaça de Ca n'Ensenya,4,,48,la Guineueta,08,Nou Barris,08042,Barcelona,True,,48417,100002,Informació d'interès,E-mail,lamasiadelaguineueta@gmail.com,True,,430600.5453801615,4587661.902508526,41.43753043898184,2.1692995352958517,"<table class=""timetable-table""><tr class=""timetable-header""><th class=""period"">Període</th><th class=""weekdays"">Dies</th><th class=""hours"">Hores</th></tr><tr><td class=""timetable-period"" rowspan=1><div><p style=""margin:0"">De setembre a juliol</p></div></td><td class=""timetable-day"" rowspan=1><div>De dilluns a divendres</div></td><td class=""timetable-hour"" rowspan=1><div>de 09.00&nbsp;h a 14.00&nbsp;h i <br>de 16.00&nbsp;h a 21.30&nbsp;h</div></td></tr><tr><td class=""timetable-period"" rowspan=1><div><p style=""margin:0"">Agost</p></div></td><td class=""timetable-day"" rowspan=1><div><p style=""margin:0"">Tots els dies</p></div></td><td class=""timetable-hour"" rowspan=1><div><p style=""margin:0"">Tancat</p></div></td></tr></table>"
﻿99117134859,Jardins Interior d'Illa de Clotilde Cerdà,,,1999-04-27T00:00:00+02:00,2026-08-25T15:00:37.455438+02:00,,,197302,Carrer de la Marina,197,,05,el Fort Pienc,02,Eixample,08013,Barcelona,True,,201879,20001,Telèfons,Tel.,010,True,,431369.9617523292,4583548.582760089,41.4005493193399,2.178975150453768,"<table class=""timetable-table""><tr class=""timetable-header""><th class=""period"">Període</th><th class=""weekdays"">Dies</th><th class=""hours"">Hores</th><th class=""description"">Observacions</th></tr><tr><td class=""timetable-period"" rowspan=1><div><p style=""margin:0"">Horari d’hivern:</p><p style=""margin:0"">de l'1 de novembre al 31 de març</p></div></td><td class=""timetable-day"" rowspan=2><div>Cada dia</div></td><td class=""timetable-hour"" rowspan=1><div>de 09.30&nbsp;h a 19.00&nbsp;h</div></td><td class=""timetable-description"" rowspan=2><div>Hora de tancament<br>aproximada,en funció de<br> l'horari solar (tanquen<br> quan es fa fosc, al capvespre)</div></td></tr><tr><td class=""timetable-period current"" rowspan=1><div><p style=""margin:0"">Horari d’estiu:</p><p style=""margin:0"">de l'1 d'abril al 31 d'octubre</p></div></td><td class=""timetable-hour"" rowspan=1><div>de 09.30&nbsp;h a 21.00&nbsp;h</div></td></tr></table>"
﻿92086011921,Parc de la Ciutadella,,,1988-07-13T00:00:00+02:00,2026-07-29T08:51:50.430970+02:00,,,201400,Passeig de Picasso,21,,04,"Sant Pere, Santa Caterina i la Ribera",01,Ciutat Vella,08003,Barcelona,True,,73977,100003,Informació d'interès,Web,https://link.bcn.cat/cPdlC,True,,431890.6660134717,4581965.649308547,41.38633657544665,2.185381778970792,"<table class=""timetable-table""><tr class=""timetable-header""><th class=""weekdays"">Dies</th><th class=""hours"">Hores</th></tr><tr><td class=""timetable-day"" rowspan=1><div>Tots els dies</div></td><td class=""timetable-hour"" rowspan=1><div><p style=""margin:0"">De 07:00 h del matí fins al capvespre</p></div></td></tr></table>"
﻿92086011925,Jardins de Ramon Margalef i López,,,1985-04-01T00:00:00+02:00,2026-07-29T08:51:50.304327+02:00,,,116402,Av Estadi,42,,11,el Poble-sec,03,Sants-Montjuïc,08038,BARCELONA,True,,73887,100003,Informació d'interès,Web,https://link.bcn.cat/cJddM,True,,429158.3870412853,4579744.284431306,41.36609351846864,2.1529654736615242,"<table class=""timetable-table""><tr class=""timetable-header""><th class=""period"">Període</th><th class=""weekdays"">Dies</th><th class=""hours"">Hores</th><th class=""description"">Observacions</th></tr><tr><td class=""timetable-period"" rowspan=1><div><p style=""margin:0"">Horari d'hivern</p><p style=""margin:0"">de l'1 de novembre al 31 de març</p></div></td><td class=""timetable-day"" rowspan=2><div>Cada dia excepte 19 juliol</div></td><td class=""timetable-hour"" rowspan=1><div>de 08.00&nbsp;h a 19.00&nbsp;h</div></td><td class=""timetable-description"" rowspan=2><div>Hora de tancament<br>aproximada,en funció de<br> l'horari solar (tanquen<br> quan es fa fosc, al capvespre)</div></td></tr><tr><td class=""timetable-period"" rowspan=1><div><p style=""margin:0"">Horari d'estiu</p><p style=""margin:0"">de l'1 d'abril al 31 d'octubre</p></div></td><td class=""timetable-hour"" rowspan=1><div>de 08.00&nbsp;h a 21.00&nbsp;h</div></td></tr></table>"
﻿92086011942,Turó Park - Parc del Poeta Eduard Marquina,,,1985-04-01T00:00:00+02:00,2026-08-25T14:49:16.472617+02:00,,,143507,Avinguda de Pau Casals,19,,26,Sant Gervasi - Galvany,05,Sarrià-Sant Gervasi,08021,Barcelona,True,,73990,100003,Informació d'interès,Web,https://link.bcn.cat/cETP,True,,428265.0380661559,4582863.1898014555,41.39410523623182,2.1419158924657906,"<table class=""timetable-table""><tr class=""timetable-header""><th class=""period"">Període</th><th class=""weekdays"">Dies</th><th class=""hours"">Hores</th><th class=""description"">Observacions</th></tr><tr><td class=""timetable-period"" rowspan=1><div><p style=""margin:0"">Horari d'hivern</p><p style=""margin:0"">de l'1 de novembre al 31 de març</p></div></td><td class=""timetable-day"" rowspan=2><div>Cada dia</div></td><td class=""timetable-hour"" rowspan=1><div>de 08.00&nbsp;h a 19.00&nbsp;h</div></td><td class=""timetable-description"" rowspan=2><div>Hora de tancament<br>aproximada,en funció de<br> l'horari solar (tanquen<br> quan es fa fosc, al capvespre)</div></td></tr><tr><td class=""timetable-period current"" rowspan=1><div><p style=""margin:0"">Horari d'estiu</p><p style=""margin:0"">de l'1 d'abril al 31 d'octubre</p></div></td><td class=""timetable-hour"" rowspan=1><div>de 08.00&nbsp;h a 21.00&nbsp;h</div></td></tr></table>"
﻿92086026574,Casal de Gent Gran Bascònia,,,1988-04-12T00:00:00+02:00,2026-09-01T08:21:49.511839+02:00,,,354604,Carrer de Bascònia,42,,60,Sant Andreu,09,Sant Andreu,08030,Barcelona,False,,42103,100002,Informació d'interès,E-mail,gestiocggbasconia@bcn.cat,True,,432082.4700340257,4587491.479469377,41.43612220833439,2.1870553596811515,"<table class=""timetable-table""><tr class=""timetable-header""><th class=""period"">Període</th><th class=""weekdays"">Dies</th><th class=""hours"">Hores</th></tr><tr><td class=""timetable-period"" rowspan=2><div>De l'1 setembre al 31 juliol</div></td><td class=""timetable-day"" rowspan=1><div>De dilluns a divendres</div></td><td class=""timetable-hour"" rowspan=1><div>de 09.30&nbsp;h a 13.00&nbsp;h i <br>de 16.00&nbsp;h a 19.30&nbsp;h</div></td></tr><tr><td class=""timetable-day"" rowspan=1><div>Dissabte i diumenge</div></td><td class=""timetable-hour"" rowspan=1><div>de 10.00&nbsp;h a 13.00&nbsp;h i <br>de 16.00&nbsp;h a 19.30&nbsp;h</div></td></tr><tr><td class=""timetable-period"" rowspan=1><div>De l'1 agost al 31 agost</div></td><td class=""timetable-day"" rowspan=1><div>Cada dia</div></td><td class=""timetable-hour"" rowspan=1><div>de 16.00&nbsp;h a 20.00&nbsp;h</div></td></tr></table>"
﻿94286172503,Biblioteca Montbau - Albert Pérez Baró,,,1994-10-13T00:00:00+01:00,2026-08-31T14:08:14.295505+02:00,,,025500,Carrer de l'Arquitectura,8,,40,Montbau,07,Horta-Guinardó,08035,Barcelona,True,,44778,100002,Informació d'interès,E-mail,b.barcelona.m@diba.cat,True,,428308.10781821585,4586757.384843004,41.4291824617034,2.1419696195097804,"<table class=""timetable-table""><tr class=""timetable-header""><th class=""period"">Període</th><th class=""weekdays"">Dies</th><th class=""hours"">Hores</th></tr><tr><td class=""timetable-period current"" rowspan=4><div><p style=""margin:0"">Horari habitual</p><p style=""margin:0"">al llarg de l'any</p></div></td><td class=""timetable-day"" rowspan=1><div><p style=""margin:0"">Dilluns, dimarts, dijous i divendres </p><p style=""margin:0"">excepte dimarts 23 de juny</p></div></td><td class=""timetable-hour"" rowspan=1><div>de 15.00&nbsp;h a 20.00&nbsp;h</div></td></tr><tr><td class=""timetable-day"" rowspan=1><div><p style=""margin:0"">Dimarts 23 de juny</p></div></td><td class=""timetable-hour"" rowspan=1><div>de 09.30&nbsp;h a 13.30&nbsp;h</div></td></tr><tr><td class=""timetable-day"" rowspan=1><div>Dimecres</div></td><td class=""timetable-hour"" rowspan=1><div>de 09.30&nbsp;h a 13.30&nbsp;h i <br>de 15.00&nbsp;h a 20.00&nbsp;h</div></td></tr><tr><td class=""timetable-day"" rowspan=1><div>Dissabte</div></td><td class=""timetable-hour"" rowspan=1><div>de 10.00&nbsp;h a 14.00&nbsp;h</div></td></tr><tr><td class=""timetable-period"" rowspan=2><div><p style=""margin:0"">Estiu 2026</p><p style=""margin:0"">Del 24 juny al 31 juliol</p><p style=""margin:0""><br></p></div></td><td class=""timetable-day"" rowspan=1><div>Dilluns, dimarts, dijous i divendres</div></td><td class=""timetable-hour"" rowspan=1><div>de 15.00&nbsp;h a 20.00&nbsp;h</div></td></tr><tr><td class=""timetable-day"" rowspan=1><div>Dimecres</div></td><td class=""timetable-hour"" rowspan=1><div>de 09.30&nbsp;h a 13.30&nbsp;h i <br>de 15.00&nbsp;h a 20.00&nbsp;h</div></td></tr><tr><td class=""timetable-period"" rowspan=1><div>De l'1 agost al 31 agost</div></td><td class=""timetable-day"" rowspan=1><div><p style=""margin:0"">Tots els dies</p></div></td><td class=""timetable-hour"" rowspan=1><div><p style=""margin:0"">Tancada</p></div></td></tr><tr><td class=""timetable-period"" rowspan=2><div>De l'1 setembre al 24 setembre</div></td><td class=""timetable-day"" rowspan=1><div>Dilluns, dimarts, dijous i divendres</div></td><td class=""timetable-hour"" rowspan=1><div>de 15.00&nbsp;h a 20.00&nbsp;h</div></td></tr><tr><td class=""timetable-day"" rowspan=1><div>Dimecres</div></td><td class=""timetable-hour"" rowspan=1><div>de 09.30&nbsp;h a 13.30&nbsp;h i <br>de 15.00&nbsp;h a 20.00&nbsp;h</div></td></tr></table>"
﻿97178123551,Centre Esportiu Municipal Sardenya,,,1997-06-27T00:00:00+02:00,2026-07-29T08:52:26.048138+02:00,,,076807,Carrer de Sardenya,549,553,32,el Camp d'en Grassot i Gràcia Nova,06,Gràcia,08024,Barcelona,True,,46293,100002,Informació d'interès,E-mail,infosardenya@forus.es,True,,429982.781,4584853.968,41.41218684797987,2.1622308992048866,"<table class=""timetable-table""><tr class=""timetable-header""><th class=""weekdays"">Dies</th><th class=""hours"">Hores</th></tr><tr><td class=""timetable-day"" rowspan=1><div>De dilluns a divendres</div></td><td class=""timetable-hour"" rowspan=1><div>de 07.00&nbsp;h a 23.00&nbsp;h</div></td></tr><tr><td class=""timetable-day"" rowspan=1><div>Dissabte</div></td><td class=""timetable-hour"" rowspan=1><div>de 08.00&nbsp;h a 20.00&nbsp;h</div></td></tr><tr><td class=""timetable-day"" rowspan=1><div>Diumenge</div></td><td class=""timetable-hour"" rowspan=1><div>de 09.00&nbsp;h a 20.00&nbsp;h</div></td></tr><tr><td class=""timetable-day"" rowspan=1><div><p style=""margin:0"">Festius</p></div></td><td class=""timetable-hour"" rowspan=1><div>de 09.00&nbsp;h a 15.00&nbsp;h</div></td></tr></table>"
﻿92132091748,Centre Esportiu Municipal del Carmel,,,1992-05-11T00:00:00+02:00,2026-05-29T14:02:12.587660+02:00,,,248800,Carrer de Pedrell,192,202,37,el Carmel,07,Horta-Guinardó,08032,Barcelona,True,,43600,100002,Informació d'interès,E-mail,horta@eurofitness.com,True,,429688.78349906,4586080.4507286,41.42320763393713,2.158570959948397,"<table class=""timetable-table""><tr class=""timetable-header""><th class=""weekdays"">Dies</th><th class=""hours"">Hores</th></tr><tr><td class=""timetable-day"" rowspan=1><div>De dilluns a divendres</div></td><td class=""timetable-hour"" rowspan=1><div>de 07:00 h a 22:00 h</div></td></tr><tr><td class=""timetable-day"" rowspan=1><div>dissabtes i diumenges i festius</div></td><td class=""timetable-hour"" rowspan=1><div>de 09:00 h a 14:30 h</div></td></tr></table>"
﻿99400766097,Botiga Sien-Té,,,2025-10-27T12:00:12.041582+01:00,2026-05-08T14:03:08.548748+02:00,,,286300,Carrer de Rogent,96,96,64,el Camp de l'Arpa del Clot,10,Sant Martí,08026,Barcelona,True,,693617,100002,Informació d'interès,E-mail,hola@siente.es,True,,431698.093,4584670.779,41.410684528191354,2.1827735777250425,"<table class=""timetable-table""><tr class=""timetable-header""><th class=""weekdays"">Dies</th><th class=""hours"">Hores</th></tr><tr><td class=""timetable-day"" rowspan=1><div>De dilluns a dissabte</div></td><td class=""timetable-hour"" rowspan=1><div>de 10.30&nbsp;h a 14.00&nbsp;h i <br>de 17.00&nbsp;h a 20.30&nbsp;h</div></td></tr></table>"
﻿99400419021,Serralleria Soyma,,,2016-01-16T09:30:04+01:00,2026-09-22T09:34:07.230161+02:00,,,246000,Carrer del Parlament,35,,10,Sant Antoni,02,Eixample,08015,Barcelona,True,,756678,100002,Informació d'interès,E-mail,serralleriasoyma@hotmail.com,False,,429988.3427232271,4580920.185123635,41.37675710410811,2.1627522249525404,"<table class=""timetable-table""><tr class=""timetable-header""><th class=""weekdays"">Dies</th><th class=""hours"">Hores</th></tr><tr><td class=""timetable-day"" rowspan=1><div>De dilluns a divendres</div></td><td class=""timetable-hour"" rowspan=1><div>de 09.00&nbsp;h a 13.30&nbsp;h i <br>de 16.00&nbsp;h a 19.30&nbsp;h</div></td></tr><tr><td class=""timetable-day"" rowspan=1><div>Dissabte</div></td><td class=""timetable-hour"" rowspan=1><div>de 10.00&nbsp;h a 13.30&nbsp;h</div></td></tr></table>"
﻿92086017856,Centre Cívic Can Deu,,,1986-12-09T00:00:00+01:00,2026-09-01T09:24:48.890974+02:00,,,086403,Plaça de la Concòrdia,13,,19,les Corts,04,Les Corts,08014,Barcelona,True,,41370,100002,Informació d'interès,E-mail,info@cccandeu.cat,True,,427471.55495053215,4582059.327475302,41.386794007741514,2.1325216465394625,"<table class=""timetable-table""><tr class=""timetable-header""><th class=""period"">Període</th><th class=""weekdays"">Dies</th><th class=""hours"">Hores</th></tr><tr><td class=""timetable-period current"" rowspan=4><div>De l'1 setembre al 31 juliol</div></td><td class=""timetable-day"" rowspan=1><div>Dilluns, dimarts i dimecres</div></td><td class=""timetable-hour"" rowspan=1><div>de 09.00&nbsp;h a 22.00&nbsp;h</div></td></tr><tr><td class=""timetable-day"" rowspan=1><div>Dijous</div></td><td class=""timetable-hour"" rowspan=1><div>de 09.00&nbsp;h a 23.00&nbsp;h</div></td></tr><tr><td class=""timetable-day"" rowspan=1><div>Divendres i dissabte</div></td><td class=""timetable-hour"" rowspan=1><div>de 09.00&nbsp;h a 00.00&nbsp;h</div></td></tr><tr><td class=""timetable-day"" rowspan=1><div>Diumenge</div></td><td class=""timetable-hour"" rowspan=1><div>de 10.00&nbsp;h a 14.00&nbsp;h</div></td></tr><tr><td class=""timetable-period"" rowspan=1><div><p style=""margin:0"">Estiu 2026</p><p style=""margin:0"">De l'1 agost al 31 agost</p></div></td><td class=""timetable-day"" rowspan=1><div>Tots els dies</div></td><td class=""timetable-hour"" rowspan=1><div>Tancat</div></td></tr></table>"
﻿99400153850,Casal de Gent Gran Joan Casanelles,,,2006-02-15T11:22:30+01:00,2026-09-01T08:35:32.436225+02:00,,,086200,C Concili de Trento,35,,65,el Clot,10,Sant Martí,08018,BARCELONA,True,,51273,100002,Informació d'interès,E-mail,casalgg.joancasanelles@bcn.cat,True,,432544.15109880094,4584770.485080481,41.411654002846696,2.1928845041999008,"<table class=""timetable-table""><tr class=""timetable-header""><th class=""period"">Període</th><th class=""weekdays"">Dies</th><th class=""hours"">Hores</th></tr><tr><td class=""timetable-period"" rowspan=1><div>de l'1 de setembre<br>al 31 de juliol</div></td><td class=""timetable-day"" rowspan=1><div>De dilluns a divendres</div></td><td class=""timetable-hour"" rowspan=1><div>de 09.30&nbsp;h a 13.30&nbsp;h i <br>de 16.00&nbsp;h a 19.00&nbsp;h</div></td></tr><tr><td class=""timetable-period"" rowspan=1><div>de l'1 d'agost<br>al 31 d'agost</div></td><td class=""timetable-day"" rowspan=1><div>Tots els dies tancat</div></td><td class=""timetable-hour"" rowspan=1><div><p style=""margin:0"">Tancat</p></div></td></tr></table>"
﻿99400145611,Fisioterapia Soledad Pérez,,,2005-10-20T12:44:23+02:00,2026-05-08T14:29:18.463866+02:00,,,067103,Rambla del Carmel,6,,37,el Carmel,07,Horta-Guinardó,08032,Barcelona,True,,711024,100002,Informació d'interès,E-mail,soledadpt.fisio@gmail.com,False,,429583.3434947225,4586496.255655348,41.42694338605664,2.1572608442026797,"<table class=""timetable-table""><tr class=""timetable-header""><th class=""weekdays"">Dies</th><th class=""hours"">Hores</th></tr><tr><td class=""timetable-day"" rowspan=1><div>De dilluns a divendres</div></td><td class=""timetable-hour"" rowspan=1><div>de 10.00&nbsp;h a 20.00&nbsp;h</div></td></tr></table>"
﻿92086005093,Centre Cívic Sant Martí,,,1984-05-30T00:00:00+02:00,2026-09-01T09:26:55.634847+02:00,,,322608,Carrer de la Selva de Mar,215,,72,Sant Martí de Provençals,10,Sant Martí,08020,Barcelona,True,,507097,100002,Informació d'interès,E-mail,informacio@ccsantmarti.net,False,,433025.44031465036,4585321.292806155,41.41665521642997,2.198581654422569,"<table class=""timetable-table""><tr class=""timetable-header""><th class=""period"">Període</th><th class=""weekdays"">Dies</th><th class=""hours"">Hores</th></tr><tr><td class=""timetable-period current"" rowspan=3><div>De l'1 setembre al 31 juliol</div></td><td class=""timetable-day"" rowspan=1><div>De dilluns a divendres excepte 23 juny</div></td><td class=""timetable-hour"" rowspan=1><div>de 09.00&nbsp;h a 14.00&nbsp;h i <br>de 16.00&nbsp;h a 22.00&nbsp;h</div></td></tr><tr><td class=""timetable-day"" rowspan=1><div><p style=""margin:0"">Dimarts 23 de juny</p></div></td><td class=""timetable-hour"" rowspan=1><div>de 09.00&nbsp;h a 14.00&nbsp;h</div></td></tr><tr><td class=""timetable-day"" rowspan=1><div><p style=""margin:0"">Dissabte </p><p style=""margin:0"">Tancat 12 de setembre</p></div></td><td class=""timetable-hour"" rowspan=1><div>de 10.00&nbsp;h a 14.00&nbsp;h</div></td></tr><tr><td class=""timetable-period"" rowspan=1><div><p style=""margin:0"">Estiu 2026</p><p style=""margin:0"">De l'1 agost al 31 agost</p></div></td><td class=""timetable-day"" rowspan=1><div><p style=""margin:0"">Tots els dies</p></div></td><td class=""timetable-hour"" rowspan=1><div><p style=""margin:0"">Tancat</p></div></td></tr></table>"
﻿92086005760,Biblioteca Canyelles - M. Àngels Rivas,,,1986-05-21T00:00:00+02:00,2026-08-31T14:01:11.593728+02:00,,,153158,Ronda de la Guineueta Vella,34,,49,Canyelles,08,Nou Barris,08042,Barcelona,True,,40108,100002,Informació d'interès,E-mail,b.barcelona.c@diba.cat,True,,430192.91719055106,4588362.404601604,41.44380423947468,2.1643398502586457,"<table class=""timetable-table""><tr class=""timetable-header""><th class=""period"">Període</th><th class=""weekdays"">Dies</th><th class=""hours"">Hores</th></tr><tr><td class=""timetable-period current"" rowspan=4><div><p style=""margin:0"">Horari habitual</p><p style=""margin:0"">al llarg de l'any</p></div></td><td class=""timetable-day"" rowspan=1><div><p style=""margin:0"">Dilluns, dimecres, dijous i divendres</p></div></td><td class=""timetable-hour"" rowspan=1><div>de 15.00&nbsp;h a 20.00&nbsp;h</div></td></tr><tr><td class=""timetable-day"" rowspan=1><div>Dimarts excepte 23 juny</div></td><td class=""timetable-hour"" rowspan=1><div>de 09.30&nbsp;h a 13.30&nbsp;h i <br>de 15.00&nbsp;h a 20.00&nbsp;h</div></td></tr><tr><td class=""timetable-day"" rowspan=1><div><p style=""margin:0"">Dimarts 23 de juny</p></div></td><td class=""timetable-hour"" rowspan=1><div>de 09.30&nbsp;h a 13.30&nbsp;h</div></td></tr><tr><td class=""timetable-day"" rowspan=1><div>Dissabte</div></td><td class=""timetable-hour"" rowspan=1><div>de 10:00 h a 14:00 h</div></td></tr><tr><td class=""timetable-period"" rowspan=2><div><p style=""margin:0"">Estiu 2026</p><p style=""margin:0"">Del 24 juny al 31 de juliol</p></div></td><td class=""timetable-day"" rowspan=1><div>Dilluns, dimecres, dijous i divendres</div></td><td class=""timetable-hour"" rowspan=1><div>de 15.00&nbsp;h a 20.00&nbsp;h</div></td></tr><tr><td class=""timetable-day"" rowspan=1><div>Dimarts</div></td><td class=""timetable-hour"" rowspan=1><div>de 09.30&nbsp;h a 13.30&nbsp;h i <br>de 15.00&nbsp;h a 20.00&nbsp;h</div></td></tr><tr><td class=""timetable-period"" rowspan=1><div>De l'1 agost al 31 juliol</div></td><td class=""timetable-day"" rowspan=1><div><p style=""margin:0"">Tots els dies</p></div></td><td class=""timetable-hour"" rowspan=1><div><p style=""margin:0"">Tancat</p></div></td></tr><tr><td class=""timetable-period"" rowspan=2><div>De l'1 setembre al 24 setembre</div></td><td class=""timetable-day"" rowspan=1><div>Dilluns, dimecres, dijous i divendres</div></td><td class=""timetable-hour"" rowspan=1><div>de 15.00&nbsp;h a 20.00&nbsp;h</div></td></tr><tr><td class=""timetable-day"" rowspan=1><div>Dimarts</div></td><td class=""timetable-hour"" rowspan=1><div>de 09.30&nbsp;h a 13.30&nbsp;h i <br>de 15.00&nbsp;h a 20.00&nbsp;h</div></td></tr></table>"
﻿95143083146,Jardins de la Maternitat,,,1995-05-23T00:00:00+02:00,2026-02-20T08:04:40.778891+01:00,,,343903,Trav Corts,159,,20,la Maternitat i Sant Ramon,04,Les Corts,08028,BARCELONA,True,,78530,100003,Informació d'interès,Web,https://link.bcn.cat/cJdlM,True,,426941.20523647795,4581457.295236274,41.381323760046705,2.1262516820863993,"<table class=""timetable-table""><tr class=""timetable-header""><th class=""period"">Període</th><th class=""weekdays"">Dies</th><th class=""hours"">Hores</th></tr><tr><td class=""timetable-period"" rowspan=1><div>Tot l'any</div></td><td class=""timetable-day"" rowspan=1><div>De dilluns a divendres</div></td><td class=""timetable-hour"" rowspan=1><div>de 07:00 h a 22:00 h</div></td></tr><tr><td class=""timetable-period"" rowspan=2><div>D'octubre a març</div></td><td class=""timetable-day"" rowspan=1><div>dissabtes</div></td><td class=""timetable-hour"" rowspan=1><div>de 07:00 h a 18:00 h</div></td></tr><tr><td class=""timetable-day"" rowspan=1><div>diumenges</div></td><td class=""timetable-hour"" rowspan=1><div>de 10:00 h a 18:00 h</div></td></tr><tr><td class=""timetable-period"" rowspan=2><div>Abril</div></td><td class=""timetable-day"" rowspan=1><div>dissabtes</div></td><td class=""timetable-hour"" rowspan=1><div>de 07:00 h a 20:00 h</div></td></tr><tr><td class=""timetable-day"" rowspan=1><div>diumenges</div></td><td class=""timetable-hour"" rowspan=1><div>de 10:00 h a 20:00 h</div></td></tr><tr><td class=""timetable-period"" rowspan=2><div>De maig a agost</div></td><td class=""timetable-day"" rowspan=1><div>dissabtes</div></td><td class=""timetable-hour"" rowspan=1><div>de 07:00 h a 21:00 h</div></td></tr><tr><td class=""timetable-day"" rowspan=1><div>diumenges</div></td><td class=""timetable-hour"" rowspan=1><div>de 10:00 h a 21:00 h</div></td></tr><tr><td class=""timetable-period"" rowspan=2><div>Setembre</div></td><td class=""timetable-day"" rowspan=1><div>dissabtes</div></td><td class=""timetable-hour"" rowspan=1><div>de 07:00 h a 20:00 h</div></td></tr><tr><td class=""timetable-day"" rowspan=1><div>diumenges</div></td><td class=""timetable-hour"" rowspan=1><div>de 10:00 h a 20:00 h</div></td></tr></table>"
﻿96113125023,Parc del Poblenou,,,1996-04-22T00:00:00+02:00,2026-02-20T08:04:25.112593+01:00,,,700654,Av Litoral,59,,68,el Poblenou,10,Sant Martí,08005,BARCELONA,True,,78916,100003,Informació d'interès,Web,https://link.bcn.cat/cPdP,True,,433748.6157166563,4583163.413991481,41.397279718190724,2.207470604184096,
﻿99186122857,Centre Esportiu Municipal Les Corts,,,1999-07-05T00:00:00+02:00,2026-07-29T08:52:16.921793+02:00,,,343903,Trav Corts,252,,19,les Corts,04,Les Corts,08014,BARCELONA,True,,47161,100002,Informació d'interès,E-mail,infolescorts@forus.es,True,,427560.00512404495,4581904.730002864,41.38540957993892,2.1335979261241165,"<table class=""timetable-table""><tr class=""timetable-header""><th class=""weekdays"">Dies</th><th class=""hours"">Hores</th></tr><tr><td class=""timetable-day"" rowspan=1><div>De dilluns a divendres</div></td><td class=""timetable-hour"" rowspan=1><div>de 06.30&nbsp;h a 23.00&nbsp;h</div></td></tr><tr><td class=""timetable-day"" rowspan=1><div>Dissabte</div></td><td class=""timetable-hour"" rowspan=1><div>de 08.00&nbsp;h a 20.00&nbsp;h</div></td></tr><tr><td class=""timetable-day"" rowspan=1><div>Diumenge</div></td><td class=""timetable-hour"" rowspan=1><div>de 09.00&nbsp;h a 20.00&nbsp;h</div></td></tr><tr><td class=""timetable-day"" rowspan=1><div><p style=""margin:0"">Festius</p></div></td><td class=""timetable-hour"" rowspan=1><div>de 09.00&nbsp;h a 15.00&nbsp;h</div></td></tr></table>"
﻿99400069155,Mercat Fort Pienc,,,2003-12-03T14:07:07+01:00,2026-06-17T09:59:02.408208+02:00,,,701420,Pl Fort Pienc,3,,05,el Fort Pienc,02,Eixample,08013,BARCELONA,True,,661817,100003,Informació d'interès,Web,https://mercatdefortpienc.com/,False,,431663.0410129589,4583015.567018728,41.39577357186832,2.182541089615223,"<table class=""timetable-table""><tr class=""timetable-header""><th class=""period"">Període</th><th class=""weekdays"">Dies</th><th class=""hours"">Hores</th></tr><tr><td class=""timetable-period current"" rowspan=3><div>De l'1 setembre al 30 juny</div></td><td class=""timetable-day"" rowspan=1><div>Dimarts, dimecres i dijous</div></td><td class=""timetable-hour"" rowspan=1><div>de 08.00&nbsp;h a 14.00&nbsp;h</div></td></tr><tr><td class=""timetable-day"" rowspan=1><div>Divendres</div></td><td class=""timetable-hour"" rowspan=1><div>de 08.00&nbsp;h a 20.00&nbsp;h</div></td></tr><tr><td class=""timetable-day"" rowspan=1><div>Dissabte</div></td><td class=""timetable-hour"" rowspan=1><div>de 08.00&nbsp;h a 15.00&nbsp;h</div></td></tr><tr><td class=""timetable-period"" rowspan=1><div>De l'1 juliol al 31 agost</div></td><td class=""timetable-day"" rowspan=1><div>Dimarts, dimecres, dijous, divendres i dissabte</div></td><td class=""timetable-hour"" rowspan=1><div>de 08.00&nbsp;h a 14.00&nbsp;h</div></td></tr></table>"
﻿95026131423,Centre de Serveis Socials Maternitat-Sant Ramon,,,1995-01-26T00:00:00+01:00,2026-06-19T11:50:45.702496+02:00,,,343903,Travessera de les Corts,122,,20,la Maternitat i Sant Ramon,04,Les Corts,08028,Barcelona,True,,18653,2000,Responsables,Responsables,M José Salvadores Francés,False,,426919.82947706984,4581306.426704129,41.37996300751053,2.1260142603721954,"<table class=""timetable-table""><tr class=""timetable-header""><th class=""period"">Període</th><th class=""weekdays"">Dies</th><th class=""hours"">Hores</th></tr><tr><td class=""timetable-period"" rowspan=2><div>De l'1 octubre al 23 desembre</div></td><td class=""timetable-day"" rowspan=1><div>Dilluns, dimarts, dimecres i divendres</div></td><td class=""timetable-hour"" rowspan=1><div>de 09.00&nbsp;h a 13.30&nbsp;h</div></td></tr><tr><td class=""timetable-day"" rowspan=1><div>Dijous</div></td><td class=""timetable-hour"" rowspan=1><div>de 15.00&nbsp;h a 18.30&nbsp;h</div></td></tr><tr><td class=""timetable-period"" rowspan=1><div>Del 24 desembre al 6 gener</div></td><td class=""timetable-day"" rowspan=1><div><p style=""margin:0"">De dilluns a divendres </p><p style=""margin:0"">Tancat 24 de desembre i 31 de desembre</p></div></td><td class=""timetable-hour"" rowspan=1><div>de 09.00&nbsp;h a 13.30&nbsp;h</div></td></tr><tr><td class=""timetable-period"" rowspan=2><div>Del 7 gener al 30 abril</div></td><td class=""timetable-day"" rowspan=1><div>Dilluns, dimarts, dimecres i divendres</div></td><td class=""timetable-hour"" rowspan=1><div>de 09.00&nbsp;h a 13.30&nbsp;h</div></td></tr><tr><td class=""timetable-day"" rowspan=1><div>Dijous</div></td><td class=""timetable-hour"" rowspan=1><div>de 15.00&nbsp;h a 18.30&nbsp;h</div></td></tr><tr><td class=""timetable-period"" rowspan=2><div>De l'1 maig al 30 juny</div></td><td class=""timetable-day"" rowspan=1><div>Dilluns, dimarts, dimecres i divendres</div></td><td class=""timetable-hour"" rowspan=1><div>de 09.00&nbsp;h a 13.30&nbsp;h</div></td></tr><tr><td class=""timetable-day"" rowspan=1><div>Dijous</div></td><td class=""timetable-hour"" rowspan=1><div>de 15.00&nbsp;h a 18.00&nbsp;h</div></td></tr><tr><td class=""timetable-period"" rowspan=1><div>De l'1 juliol al 31 agost</div></td><td class=""timetable-day"" rowspan=1><div>De dilluns a divendres</div></td><td class=""timetable-hour"" rowspan=1><div>de 09.00&nbsp;h a 13.30&nbsp;h</div></td></tr><tr><td class=""timetable-period current"" rowspan=2><div>De l'1 setembre al 30 setembre</div></td><td class=""timetable-day"" rowspan=1><div>Dilluns, dimarts, dimecres i divendres</div></td><td class=""timetable-hour"" rowspan=1><div>de 09.00&nbsp;h a 13.30&nbsp;h</div></td></tr><tr><td class=""timetable-day"" rowspan=1><div>Dijous</div></td><td class=""timetable-hour"" rowspan=1><div>de 15.00&nbsp;h a 18.00&nbsp;h</div></td></tr></table>"
﻿95062123700,Jardins Interiors d'Illa del Carlit,,,1995-03-03T00:00:00+01:00,2026-08-25T14:59:54.825934+02:00,,,286504,Carrer de Roger de Flor,146,146,07,la Dreta de l'Eixample,02,Eixample,08013,Barcelona,True,,183607,20001,Telèfons,Tel.,010,True,,431056.848,4583191.558,41.39730692489515,2.1752703802550593,"<table class=""timetable-table""><tr class=""timetable-header""><th class=""period"">Període</th><th class=""weekdays"">Dies</th><th class=""hours"">Hores</th><th class=""description"">Observacions</th></tr><tr><td class=""timetable-period"" rowspan=1><div><p style=""margin:0"">Horari d'hivern:</p><p style=""margin:0"">de l'1 de novembre al 31 de març</p></div></td><td class=""timetable-day"" rowspan=2><div>Cada dia</div></td><td class=""timetable-hour"" rowspan=1><div>de 09.00&nbsp;h a 19.00&nbsp;h</div></td><td class=""timetable-description"" rowspan=2><div>Hora de tancament<br>aproximada,en funció de<br> l'horari solar (tanquen<br> quan es fa fosc, al capvespre)</div></td></tr><tr><td class=""timetable-period current"" rowspan=1><div><p style=""margin:0"">Horari d'estiu:</p><p style=""margin:0"">de l'1 d'abril al 31 d'octubre</p></div></td><td class=""timetable-hour"" rowspan=1><div>de 09.00&nbsp;h a 21.00&nbsp;h</div></td></tr></table>"
﻿99400659716,Biblioteca Gabriel García Márquez,,,2020-11-10T15:44:05+01:00,2026-07-16T14:56:36.175621+02:00,,,701941,Plaça de Carmen Balcells Segalà,1,1,72,Sant Martí de Provençals,10,Sant Martí,08020,Barcelona,False,,448031,100002,Informació d'interès,E-mail,b.barcelona.ggm@diba.cat,False,,433155.984,4585366.644,41.41707455085268,2.200138583889526,"<table class=""timetable-table""><tr class=""timetable-header""><th class=""weekdays"">Dies</th><th class=""hours"">Hores</th></tr><tr><td class=""timetable-day"" rowspan=1><div><p style=""margin:0"">Dilluns i dimecres</p></div></td><td class=""timetable-hour"" rowspan=1><div>de 09.30&nbsp;h a 13.30&nbsp;h i <br>de 15.30&nbsp;h a 20.30&nbsp;h</div></td></tr><tr><td class=""timetable-day"" rowspan=1><div><p style=""margin:0"">Dimarts, dijous i divendres </p><p style=""margin:0"">excepte 23 de juny</p></div></td><td class=""timetable-hour"" rowspan=1><div>de 09.30&nbsp;h a 20.30&nbsp;h</div></td></tr><tr><td class=""timetable-day"" rowspan=1><div><p style=""margin:0"">Dimarts 23 de juny</p></div></td><td class=""timetable-hour"" rowspan=1><div>de 09.30&nbsp;h a 13.30&nbsp;h</div></td></tr><tr><td class=""timetable-day"" rowspan=1><div>Dissabte</div></td><td class=""timetable-hour"" rowspan=1><div>de 10.00&nbsp;h a 14.00&nbsp;h i <br>de 16.00&nbsp;h a 20.00&nbsp;h</div></td></tr><tr><td class=""timetable-day"" rowspan=1><div>Diumenge</div></td><td class=""timetable-hour"" rowspan=1><div>de 10.00&nbsp;h a 14.00&nbsp;h</div></td></tr></table>"
﻿95128134914,Centre Comercial Maremàgnum,,,1995-05-08T00:00:00+02:00,2026-07-02T13:56:27.941064+02:00,,,541576,Moll Espanya,5,,02,el Barri Gòtic,01,Ciutat Vella,08039,BARCELONA,True,,45101,100002,Informació d'interès,E-mail,maremagnum@maremagnum.es,True,,431699.80410681455,4580793.35871181,41.37576189535446,2.1832313335687172,"<table class=""timetable-table""><tr class=""timetable-header""><th class=""weekdays"">Dies</th><th class=""hours"">Hores</th><th class=""description"">Observacions</th></tr><tr><td class=""timetable-day"" rowspan=1><div>Tots els dies i festius<BR>excepte 1 de gener<BR> 6 de gener</div></td><td class=""timetable-hour"" rowspan=1><div>de 10.00&nbsp;h a 22.00&nbsp;h</div></td><td class=""timetable-description"" rowspan=2><div>Atenció:<br> El 24 i 31 de desembre<br>és opcional tancar dues<br> hores abans.<br><br>El dia 25 de desembre<br>és opcional obrir o no.</div></td></tr><tr><td class=""timetable-day"" rowspan=1><div>1 de gener<BR> 6 de gener</div></td><td class=""timetable-hour"" rowspan=1><div>de 12:00 h a 22:00 h</div></td></tr></table>"
﻿96082091627,Cotilleria Alfonsita y Boxer Club,,,1996-03-22T00:00:00+01:00,2026-05-11T13:39:20.447557+02:00,,,119003,Passeig de Fabra i Puig,223,,44,Vilapicina i la Torre Llobeta,08,Nou Barris,08016,Barcelona,True,,191620,20001,Telèfons,Tel.,93 352 30 51,True,,431100.9626914761,4586844.093578343,41.43020783509657,2.17538208314432,
﻿92086029816,Casal de Gent Gran Navas,,,1989-03-15T00:00:00+01:00,2026-05-29T14:12:50.917543+02:00,,,062100,Carrer de Capella,14,14,63,Navas,09,Sant Andreu,08041,Barcelona,True,,42073,100002,Informació d'interès,E-mail,gestionavas@bcn.cat,True,,431605.225,4585364.873,41.41692810584817,2.1815840610342696,"<table class=""timetable-table""><tr class=""timetable-header""><th class=""period"">Període</th><th class=""weekdays"">Dies</th><th class=""hours"">Hores</th></tr><tr><td class=""timetable-period"" rowspan=2><div><p style=""margin:0"">De setembre a juliol</p></div></td><td class=""timetable-day"" rowspan=1><div>De dilluns a divendres</div></td><td class=""timetable-hour"" rowspan=1><div>de 09.30&nbsp;h a 13.00&nbsp;h i <br>de 16.00&nbsp;h a 19.30&nbsp;h</div></td></tr><tr><td class=""timetable-day"" rowspan=1><div>Dissabte i diumenge</div></td><td class=""timetable-hour"" rowspan=1><div>de 10.00&nbsp;h a 13.00&nbsp;h i <br>de 16.00&nbsp;h a 19.30&nbsp;h</div></td></tr><tr><td class=""timetable-period"" rowspan=3><div><p style=""margin:0"">Agost</p></div></td><td class=""timetable-day"" rowspan=1><div>De dilluns a divendres</div></td><td class=""timetable-hour"" rowspan=1><div>de 16.00&nbsp;h a 20.00&nbsp;h</div></td></tr><tr><td class=""timetable-day"" rowspan=1><div>Dissabte</div></td><td class=""timetable-hour"" rowspan=1><div>de 10.00&nbsp;h a 13.15&nbsp;h</div></td></tr><tr><td class=""timetable-day"" rowspan=1><div>Diumenge</div></td><td class=""timetable-hour"" rowspan=1><div>de 16.00&nbsp;h a 20.00&nbsp;h</div></td></tr></table>"
﻿99322140211,CaixaForum Barcelona,,,1999-11-18T00:00:00+01:00,2026-09-18T10:22:48.952859+02:00,,,198702,Avinguda de Francesc Ferrer i Guàrdia,6,8,14,la Font de la Guatlla,03,Sants-Montjuïc,08004,Barcelona,True,,47522,100002,Informació d'interès,E-mail,icaixaforumbcn@magmacultura.com,True,,428880.404,4580324.35,41.37129346461749,2.1495740199541986,"<table class=""timetable-table""><tr class=""timetable-header""><th class=""weekdays"">Dies</th><th class=""hours"">Hores</th><th class=""prices"">Preus</th><th class=""description"">Observacions</th></tr><tr><td class=""timetable-day"" rowspan=1><div><p style=""margin:0"">Cada dia i festius excepte 24 desembre, 31 desembre, 1 gener, 5 gener</p><p style=""margin:0"">Tancat 25 desembre, 1 gener i 6 gener</p></div></td><td class=""timetable-hour"" rowspan=1><div>de 10:00 h a 20:00 h</div></td><td class=""timetable-price"" rowspan=2><div>Entrada general: 6 € <p style=""margin:0"">(inclou totes les exposicions del centre)</p><p style=""margin:0""><br></p><p style=""margin:0""><strong>Entrada reduïda 25% descompte:</strong></p><p style=""margin:0"">. Carnet Família Nombrosa</p><p style=""margin:0""><br></p><p style=""margin:0""><strong>Entrada gratuïta:</strong></p><p style=""margin:0"">. Clients de CaixaBank</p><p style=""margin:0"">(s'ha de presentar qualsevol targeta de CaixaBank)</p><p style=""margin:0"">. Fins els 16 anys</p><p style=""margin:0"">. Docents</p><p style=""margin:0"">. Premsa</p><p style=""margin:0"">. Persones amb discapacitat i acompanyants</p><p style=""margin:0"">. ICOM</p><p style=""margin:0"">. Carnet Jove Europeu</p><p style=""margin:0"">. 15 de febrer (Santa Eulàlia)</p><p style=""margin:0"">. 18 de maig (Dia Internacional dels Museus)</p><p style=""margin:0"">. 24 de setembre (La Mercè)</p></div></td><td class=""timetable-description"" rowspan=3><div><p style=""margin:0""><br></p><p style=""margin:0""><br></p><p style=""margin:0""><br></p><p style=""margin:0""><br></p><p style=""margin:0""><br></p><p style=""margin:0"">L'accés a l'espai habilitat com a refugi climàtic és gratuït</p></div></td></tr><tr><td class=""timetable-day"" rowspan=1><div>24 desembre, <br>31 desembre i <br>5 gener</div></td><td class=""timetable-hour"" rowspan=1><div>de 10:00 h a 18:00 h</div></td></tr><tr><td class=""timetable-day"" rowspan=1><div><p style=""margin:0"">Nit dels Museus 2026</p><p style=""margin:0"">16 de maig</p></div></td><td class=""timetable-hour"" rowspan=1><div>de 19.00&nbsp;h a 01.00&nbsp;h</div></td><td class=""timetable-price"" rowspan=1><div>Entrada Gratuïta <p style=""margin:0""><span style=""color: rgb(0, 0, 0);"">Cal reserva prèvia</span></p></div></td></tr></table>"
﻿99400780869,Refugi Climàtic Pati d'Escola,92168164444,Escola Antoni Brusi,2026-05-07T10:52:48.423078+02:00,2026-05-07T10:55:42.874328+02:00,,,076807,Carrer de Sardenya,29,29,67,la Vila Olímpica del Poblenou,10,Sant Martí,08005,Barcelona,True,,732213,100003,Informació d'interès,Web,https://agora.xtec.cat/ceipantonibrusi/,True,,432280.278,4582441.675,41.39065690222334,2.1899880492947745,"<table class=""timetable-table""><tr class=""timetable-header""><th class=""period"">Període</th><th class=""weekdays"">Dies</th><th class=""hours"">Hores</th><th class=""prices"">Preus</th></tr><tr><td class=""timetable-period"" rowspan=2><div><p style=""margin:0"">Juny</p></div></td><td class=""timetable-day"" rowspan=1><div><p style=""margin:0"">Dissabte</p><p style=""margin:0"">6, 13 i 20 de juny</p></div></td><td class=""timetable-hour"" rowspan=1><div>d'11.00&nbsp;h a 14.00&nbsp;h</div></td><td  rowspan=1><div></div></td></tr><tr><td class=""timetable-day"" rowspan=1><div><p style=""margin:0"">Del 25 juny al 30 de juny</p></div></td><td class=""timetable-hour"" rowspan=1><div>de 18.00&nbsp;h a 21.00&nbsp;h</div></td><td class=""timetable-price"" rowspan=2><div>Entrada Gratuïta</div></td></tr><tr><td class=""timetable-period"" rowspan=1><div><p style=""margin:0"">Juliol</p></div></td><td class=""timetable-day"" rowspan=1><div>Cada dia</div></td><td class=""timetable-hour"" rowspan=1><div>de 18.00&nbsp;h a 21.00&nbsp;h</div></td></tr></table>"
﻿99400098833,Biblioteca El Bon Pastor –  Josefina Castellví,,,2004-11-05T11:02:12+01:00,2026-07-17T10:30:48.065477+02:00,,,116209,Carrer d'Estadella,64,,59,el Bon Pastor,09,Sant Andreu,08030,Barcelona,True,,50062,100002,Informació d'interès,E-mail,b.barcelona.bp@diba.cat,True,,433553.71377933485,4587374.891897248,41.43519522535179,2.204676708689729,"<table class=""timetable-table""><tr class=""timetable-header""><th class=""period"">Període</th><th class=""weekdays"">Dies</th><th class=""hours"">Hores</th></tr><tr><td class=""timetable-period current"" rowspan=5><div><p style=""margin:0"">Horari habitual</p><p style=""margin:0"">al llarg de l'any</p></div></td><td class=""timetable-day"" rowspan=1><div>Dilluns i divendres</div></td><td class=""timetable-hour"" rowspan=1><div>de 15.00&nbsp;h a 20.00&nbsp;h</div></td></tr><tr><td class=""timetable-day"" rowspan=1><div><p style=""margin:0"">Dimarts i dijous </p><p style=""margin:0"">excepte dimarts 23 de juny</p></div></td><td class=""timetable-hour"" rowspan=1><div>de 09.30&nbsp;h a 13.30&nbsp;h i <br>de 15.00&nbsp;h a 20.00&nbsp;h</div></td></tr><tr><td class=""timetable-day"" rowspan=1><div><p style=""margin:0"">Dimarts 23 de juny</p></div></td><td class=""timetable-hour"" rowspan=1><div>de 09.30&nbsp;h a 13.30&nbsp;h</div></td></tr><tr><td class=""timetable-day"" rowspan=1><div>Dimecres</div></td><td class=""timetable-hour"" rowspan=1><div>de 09.30&nbsp;h a 20.00&nbsp;h</div></td></tr><tr><td class=""timetable-day"" rowspan=1><div>Dissabte</div></td><td class=""timetable-hour"" rowspan=1><div>de 10.00&nbsp;h a 14.00&nbsp;h</div></td></tr><tr><td class=""timetable-period"" rowspan=3><div><p style=""margin:0"">Estiu 2026</p><p style=""margin:0"">Del 24 juny al 24 setembre</p></div></td><td class=""timetable-day"" rowspan=1><div>Dilluns i divendres</div></td><td class=""timetable-hour"" rowspan=1><div>de 15.00&nbsp;h a 20.00&nbsp;h</div></td></tr><tr><td class=""timetable-day"" rowspan=1><div>Dimarts i dijous</div></td><td class=""timetable-hour"" rowspan=1><div>de 09.30&nbsp;h a 13.30&nbsp;h i <br>de 15.00&nbsp;h a 20.00&nbsp;h</div></td></tr><tr><td class=""timetable-day"" rowspan=1><div>Dimecres</div></td><td class=""timetable-hour"" rowspan=1><div>de 09.30&nbsp;h a 20.00&nbsp;h</div></td></tr></table>"
﻿92086009775,Mercat Carmel,,,1985-01-17T00:00:00+01:00,2026-06-17T09:58:24.735045+02:00,,,185700,C Llobregós,149,,37,el Carmel,07,Horta-Guinardó,08032,BARCELONA,True,,73308,100003,Informació d'interès,Web,http://www.barcelona.cat/mercats,True,,429458.62777962926,4586141.851083153,41.42374046652592,2.1558097621188934,"<table class=""timetable-table""><tr class=""timetable-header""><th class=""period"">Període</th><th class=""weekdays"">Dies</th><th class=""hours"">Hores</th></tr><tr><td class=""timetable-period current"" rowspan=4><div>De l'1 setembre al 30 juny</div></td><td class=""timetable-day"" rowspan=1><div>Dilluns, dimarts i dimecres</div></td><td class=""timetable-hour"" rowspan=1><div>de 07.30&nbsp;h a 14.00&nbsp;h</div></td></tr><tr><td class=""timetable-day"" rowspan=1><div>Dijous</div></td><td class=""timetable-hour"" rowspan=1><div>de 07.30&nbsp;h a 14.00&nbsp;h i <br>de 17.00&nbsp;h a 20.00&nbsp;h</div></td></tr><tr><td class=""timetable-day"" rowspan=1><div>Divendres</div></td><td class=""timetable-hour"" rowspan=1><div>de 07.00&nbsp;h a 20.30&nbsp;h</div></td></tr><tr><td class=""timetable-day"" rowspan=1><div>Dissabte</div></td><td class=""timetable-hour"" rowspan=1><div>de 07.00&nbsp;h a 15.00&nbsp;h</div></td></tr><tr><td class=""timetable-period"" rowspan=3><div>De l'1 juliol al 31 agost</div></td><td class=""timetable-day"" rowspan=1><div>Dilluns, dimarts, dimecres i divendres</div></td><td class=""timetable-hour"" rowspan=1><div>de 07.30&nbsp;h a 14.00&nbsp;h</div></td></tr><tr><td class=""timetable-day"" rowspan=1><div>Dijous</div></td><td class=""timetable-hour"" rowspan=1><div>de 07.30&nbsp;h a 14.00&nbsp;h i <br>de 17.00&nbsp;h a 20.00&nbsp;h</div></td></tr><tr><td class=""timetable-day"" rowspan=1><div>Dissabte</div></td><td class=""timetable-hour"" rowspan=1><div>de 07.00&nbsp;h a 15.00&nbsp;h</div></td></tr></table>"
﻿99400766191,Clinica Dental Nova de Sant Andreu,,,2025-10-28T10:20:08.818433+01:00,2026-08-31T10:31:21.067299+02:00,,,296202,Carrer Gran de Sant Andreu,142,146,60,Sant Andreu,09,Sant Andreu,08030,Barcelona,True,,693918,100003,Informació d'interès,Web,https://novadesantandreu.com/,False,,432277.643,4587000.897,41.431720184646906,2.189446245542977,
﻿99400766193,Botiga CityDogs Store - Sant Andreu,,,2025-10-28T10:31:34.688046+01:00,2026-08-31T10:30:29.335089+02:00,,,101100,Carrer del Doctor Balari i Jovany,9,9,60,Sant Andreu,09,Sant Andreu,08030,Barcelona,True,,693838,100003,Informació d'interès,Web,https://www.citydogs.store/,False,,432383.525,4587407.803,41.4353939688989,2.190667879148261,"<table class=""timetable-table""><tr class=""timetable-header""><th class=""weekdays"">Dies</th><th class=""hours"">Hores</th></tr><tr><td class=""timetable-day"" rowspan=1><div>Dilluns</div></td><td class=""timetable-hour"" rowspan=1><div>de 16.30&nbsp;h a 20.30&nbsp;h</div></td></tr><tr><td class=""timetable-day"" rowspan=1><div><p style=""margin:0"">De dimarts a dissabte</p></div></td><td class=""timetable-hour"" rowspan=1><div>d'11.00&nbsp;h a 14.30&nbsp;h i <br>de 16.30&nbsp;h a 20.30&nbsp;h</div></td></tr></table>"
﻿99400658632,Llibreria,99400655544,KBr - Fundación Mapfre,2020-10-08T10:14:02+02:00,2026-09-18T10:47:45.096482+02:00,,,700654,Av Litoral,30,,67,la Vila Olímpica del Poblenou,10,Sant Martí,08005,BARCELONA,True,,63613,100002,Informació d'interès,E-mail,infokbr@fundacionmapfre.org,True,,432898.25018288346,4582145.943750667,41.388045120393976,2.1974118249248673,"<table class=""timetable-table""><tr class=""timetable-header""><th class=""period"">Període</th><th class=""weekdays"">Dies</th><th class=""hours"">Hores</th></tr><tr><td class=""timetable-period"" rowspan=2><div>De l'1 octubre al 31 març</div></td><td class=""timetable-day"" rowspan=1><div><p style=""margin:0"">Dimarts, dimecres, dijous, divendres, dissabte i diumenge</p><p style=""margin:0"">Tancament:&nbsp;25 de desembre 1 i 6 de gener</p><p style=""margin:0"">Horaris especials:&nbsp;24 i 31 de desembre i 5 de gener</p></div></td><td class=""timetable-hour"" rowspan=1><div>d'11:00 h a 19:00 h</div></td></tr><tr><td class=""timetable-day"" rowspan=1><div>24 desembre, <br>31 desembre i <br>5 gener</div></td><td class=""timetable-hour"" rowspan=1><div>d'11.00&nbsp;h a 15.00&nbsp;h</div></td></tr><tr><td class=""timetable-period"" rowspan=1><div>De l'1 abril al 30 setembre</div></td><td class=""timetable-day"" rowspan=1><div>Dimarts, dimecres, dijous, divendres, dissabte i diumenge i  festius</div></td><td class=""timetable-hour"" rowspan=1><div>d'11.00&nbsp;h a 20.00&nbsp;h</div></td></tr></table>"
﻿99400287230,Casal de Gent Gran Vilapicina i Torre Llobeta,,,2012-02-28T12:18:38+01:00,2026-07-27T13:35:35.424226+02:00,,,701719,Plaça de Carmen Laforet,11,,44,Vilapicina i la Torre Llobeta,08,Nou Barris,08016,Barcelona,True,,55404,100002,Informació d'interès,E-mail,infovilapicina@esport3.org,True,,431188.352918094,4586477.784165574,41.42691611188821,2.1764696039707148,"<table class=""timetable-table""><tr class=""timetable-header""><th class=""period"">Període</th><th class=""weekdays"">Dies</th><th class=""hours"">Hores</th></tr><tr><td class=""timetable-period current"" rowspan=1><div><p style=""margin:0"">De setembre a juliol</p></div></td><td class=""timetable-day"" rowspan=1><div>De dilluns a divendres</div></td><td class=""timetable-hour"" rowspan=1><div>de 09.30&nbsp;h a 14.00&nbsp;h i <br>de 16.00&nbsp;h a 20.00&nbsp;h</div></td></tr><tr><td class=""timetable-period"" rowspan=1><div><p style=""margin:0"">Agost</p></div></td><td class=""timetable-day"" rowspan=1><div>De dilluns a divendres</div></td><td class=""timetable-hour"" rowspan=1><div>de 09.30&nbsp;h a 13.30&nbsp;h</div></td></tr></table>"
﻿92086010494,Jardins del Palau de Pedralbes,,,1990-03-12T00:00:00+01:00,2026-09-08T12:21:39.085612+02:00,,,144601,Av Diagonal,686,,21,Pedralbes,04,Les Corts,08034,BARCELONA,True,,74057,100003,Informació d'interès,Web,https://link.bcn.cat/cEjdPdP,True,,426293.53040473606,4582044.054369566,41.38654937434819,2.1184352989192647,"<table class=""timetable-table""><tr class=""timetable-header""><th class=""period"">Període</th><th class=""weekdays"">Dies</th><th class=""hours"">Hores</th><th class=""description"">Observacions</th></tr><tr><td class=""timetable-period"" rowspan=1><div>de l'1 de novembre<br>al 31 de març</div></td><td class=""timetable-day"" rowspan=1><div>Cada dia</div></td><td class=""timetable-hour"" rowspan=1><div>de 10:00 h a 19:00 h</div></td><td class=""timetable-description"" rowspan=2><div><p style=""margin:0"">Abans tenien un horari de tancament aproximat, en funció de l'horari solar</p><p style=""margin:0"">(tancaven quan es feia fosc, al capvespre).</p><p style=""margin:0""><br></p><p style=""margin:0"">Tanquen quan es celebren actes institucionals en el Palau.</p><p style=""margin:0""><br></p></div></td></tr><tr><td class=""timetable-period"" rowspan=1><div>de l'1 d'abril<br>al 31 d'octubre</div></td><td class=""timetable-day"" rowspan=1><div>Cada dia</div></td><td class=""timetable-hour"" rowspan=1><div>de 10.00&nbsp;h a 20.00&nbsp;h</div></td></tr></table>"
﻿99400780969,Espai  amb Jocs d'Aigua a la Plaça Lolita Torrentó,,,2026-05-08T11:10:57.123960+02:00,2026-07-06T08:45:03.902551+02:00,,,209900,Avinguda Meridiana,181,181,64,el Camp de l'Arpa del Clot,10,Sant Martí,08026,Barcelona,True,,732466,100097,Variables,Text per a la web de Refugis Climàtics - detalls,<p>Previsió de posada en marxa durant la segona quinzena de juny de 2026</p><p>Durant episodis d'altes temperatures els espais exteriors poden no oferir el confort tèrmic necessari</p>,False,,432018.39,4584940.435,41.4131403890548,2.186575234391829,"<table class=""timetable-table""><tr class=""timetable-header""><th class=""period"">Període</th><th class=""weekdays"">Dies</th><th class=""hours"">Hores</th><th class=""description"">Observacions</th></tr><tr><td class=""timetable-period current"" rowspan=1><div><p style=""margin:0"">De juny a setembre</p></div></td><td class=""timetable-day"" rowspan=1><div>Tots els dies</div></td><td class=""timetable-hour"" rowspan=1><div>de 10.00&nbsp;h a 20.00&nbsp;h</div></td><td class=""timetable-description"" rowspan=1><div><p style=""margin:0"">Quan s’activa el polsador, la instal·lació fa una seqüencia</p><p style=""margin:0"">de funcionament que dura un temps inferior als 5 minuts</p></div></td></tr></table>"
﻿92086010501,Piscina Descoberta,92086010504,Centre Esportiu Municipal Can Caralleu,1987-10-06T00:00:00+01:00,2026-05-29T11:59:52.929620+02:00,,,098854,Carrer dels Esports,2,8,23,Sarrià,05,Sarrià-Sant Gervasi,08017,Barcelona,True,,535480,100002,Informació d'interès,E-mail,cancaralleu@cancaralleu.cat,False,,425696.74199999997,4583716.892,41.40156094221535,2.1110929977178143,"<table class=""timetable-table""><tr class=""timetable-header""><th class=""period"">Període</th><th class=""weekdays"">Dies</th><th class=""hours"">Hores</th><th class=""prices"">Preus</th><th class=""description"">Observacions</th></tr><tr><td class=""timetable-period"" rowspan=3><div><p style=""margin:0"">Estiu 2026:</p><p style=""margin:0"">Del 13 juny al 31 juliol</p></div></td><td class=""timetable-day"" rowspan=1><div>De dilluns a divendres</div></td><td class=""timetable-hour"" rowspan=1><div>de 07.00&nbsp;h a 22.00&nbsp;h</div></td><td class=""timetable-price"" rowspan=9><div>Entrada general: 16.77 € <p style=""margin:0"">Infants de 4 a 15 anys: 7.10 €</p><p style=""margin:0"">Targeta rosa: 7.10 €</p><p style=""margin:0"">Menors de 4 anys: gratuït</p></div></td><td class=""timetable-description"" rowspan=9><div><p style=""margin:0"">Aforament limitat. Venda d’entrades</p><p style=""margin:0""> condicionada per l’aforament</p></div></td></tr><tr><td class=""timetable-day"" rowspan=1><div>Dissabte</div></td><td class=""timetable-hour"" rowspan=1><div>de 08.00&nbsp;h a 20.00&nbsp;h</div></td></tr><tr><td class=""timetable-day"" rowspan=1><div>Diumenge i  festius</div></td><td class=""timetable-hour"" rowspan=1><div>de 09.00&nbsp;h a 18.00&nbsp;h</div></td></tr><tr><td class=""timetable-period"" rowspan=3><div>De l'1 agost al 31 agost</div></td><td class=""timetable-day"" rowspan=1><div>De dilluns a divendres</div></td><td class=""timetable-hour"" rowspan=1><div>de 08.00&nbsp;h a 21.00&nbsp;h</div></td></tr><tr><td class=""timetable-day"" rowspan=1><div>Dissabte</div></td><td class=""timetable-hour"" rowspan=1><div>de 08.00&nbsp;h a 20.00&nbsp;h</div></td></tr><tr><td class=""timetable-day"" rowspan=1><div>Diumenge i  festius</div></td><td class=""timetable-hour"" rowspan=1><div>de 09.00&nbsp;h a 18.00&nbsp;h</div></td></tr><tr><td class=""timetable-period"" rowspan=3><div>De l'1 setembre al 10 setembre</div></td><td class=""timetable-day"" rowspan=1><div>De dilluns a divendres</div></td><td class=""timetable-hour"" rowspan=1><div>de 07.00&nbsp;h a 22.00&nbsp;h</div></td></tr><tr><td class=""timetable-day"" rowspan=1><div>Dissabte</div></td><td class=""timetable-hour"" rowspan=1><div>de 08.00&nbsp;h a 20.00&nbsp;h</div></td></tr><tr><td class=""timetable-day"" rowspan=1><div>Diumenge i  festius</div></td><td class=""timetable-hour"" rowspan=1><div>de 09.00&nbsp;h a 18.00&nbsp;h</div></td></tr></table>"
﻿99400781746,Refugi Climàtic,92086010965,Església Evangèlica Baptista de Gràcia,2026-05-21T12:13:27.090066+02:00,2026-09-17T13:04:31.651315+02:00,,,356803,Carrer de Verdi,189,195,31,la Vila de Gràcia,06,Gràcia,08012,Barcelona,True,,,,,,,,,429168.974,4584417.141,41.40818120958115,2.1525456960814227,"<table class=""timetable-table""><tr class=""timetable-header""><th class=""period"">Període</th><th class=""weekdays"">Dies</th><th class=""hours"">Hores</th></tr><tr><td class=""timetable-period current"" rowspan=1><div><p style=""margin:0"">De setembre a juliol</p></div></td><td class=""timetable-day"" rowspan=1><div>Cada dia</div></td><td class=""timetable-hour"" rowspan=1><div>de 16.00&nbsp;h a 20.00&nbsp;h</div></td></tr><tr><td class=""timetable-period"" rowspan=1><div><p style=""margin:0"">Agost</p></div></td><td class=""timetable-day"" rowspan=1><div><p style=""margin:0"">Tots els dies</p></div></td><td class=""timetable-hour"" rowspan=1><div><p style=""margin:0"">Tancat</p></div></td></tr></table>"
﻿99400766145,Herbolari Vnatura,,,2025-10-27T14:49:06.876334+01:00,2025-10-28T13:31:32.450792+01:00,,,119003,Passeig de Fabra i Puig,201,205,44,Vilapicina i la Torre Llobeta,08,Nou Barris,08016,Barcelona,True,,693739,100002,Informació d'interès,E-mail,vnatura2@gmail.com,False,,431172.691,4586838.702,41.4301654248268,2.176241091847199,"<table class=""timetable-table""><tr class=""timetable-header""><th class=""weekdays"">Dies</th><th class=""hours"">Hores</th></tr><tr><td class=""timetable-day"" rowspan=1><div>De dilluns a divendres</div></td><td class=""timetable-hour"" rowspan=1><div>de 10.00&nbsp;h a 14.00&nbsp;h i <br>de 17.00&nbsp;h a 20.30&nbsp;h</div></td></tr><tr><td class=""timetable-day"" rowspan=1><div>Dissabte</div></td><td class=""timetable-hour"" rowspan=1><div>de 10.00&nbsp;h a 14.00&nbsp;h</div></td></tr></table>"
﻿99400766158,Peixateria El Rei del Peix,,,2025-10-27T15:47:49.157691+01:00,2025-11-18T14:33:34.329016+01:00,,,701326,Rambla de Fabra i Puig,78,78,60,Sant Andreu,09,Sant Andreu,08030,Barcelona,True,,693753,20001,Telèfons,Tel.,938322550,True,,431990.034,4586843.519,41.430278433112036,2.1860219574411572,"<table class=""timetable-table""><tr class=""timetable-header""><th class=""weekdays"">Dies</th><th class=""hours"">Hores</th></tr><tr><td class=""timetable-day"" rowspan=1><div>Dimarts, dimecres, dijous i divendres</div></td><td class=""timetable-hour"" rowspan=1><div>de 08.30&nbsp;h a 20.30&nbsp;h</div></td></tr><tr><td class=""timetable-day"" rowspan=1><div>Dissabte</div></td><td class=""timetable-hour"" rowspan=1><div>de 08.30&nbsp;h a 14.00&nbsp;h</div></td></tr></table>"
﻿99400766159,Xarcuteria Gasch *Fabra i Puig,,,2025-10-27T15:55:03.318470+01:00,2026-09-17T13:34:08.447179+02:00,,,701326,Rambla de Fabra i Puig,88,92,60,Sant Andreu,09,Sant Andreu,08030,Barcelona,True,,693758,100002,Informació d'interès,E-mail,lagavexarcuters@gmail.com,False,,431960.909,4586844.269,41.43028272144688,2.1856733239249997,"<table class=""timetable-table""><tr class=""timetable-header""><th class=""weekdays"">Dies</th><th class=""hours"">Hores</th></tr><tr><td class=""timetable-day"" rowspan=1><div>De dilluns a divendres</div></td><td class=""timetable-hour"" rowspan=1><div>de 09.00&nbsp;h a 14.00&nbsp;h i <br>de 17.30&nbsp;h a 20.30&nbsp;h</div></td></tr><tr><td class=""timetable-day"" rowspan=1><div>Dissabte</div></td><td class=""timetable-hour"" rowspan=1><div>de 09.00&nbsp;h a 14.00&nbsp;h</div></td></tr></table>"
﻿99400766165,Cafeteria Several Café,,,2025-10-27T17:26:34.286654+01:00,2026-08-31T12:09:37.255231+02:00,,,296202,Carrer Gran de Sant Andreu,165,167,60,Sant Andreu,09,Sant Andreu,08030,Barcelona,True,,693770,20001,Telèfons,Tel.,634243571,False,,432260.274,4587090.303,41.43252396909711,2.1892283599721654,"<table class=""timetable-table""><tr class=""timetable-header""><th class=""weekdays"">Dies</th><th class=""hours"">Hores</th></tr><tr><td class=""timetable-day"" rowspan=1><div>De dilluns a divendres</div></td><td class=""timetable-hour"" rowspan=1><div>de 08.30&nbsp;h a 20.00&nbsp;h</div></td></tr><tr><td class=""timetable-day"" rowspan=1><div>Dissabte</div></td><td class=""timetable-hour"" rowspan=1><div>de 09.00&nbsp;h a 20.00&nbsp;h</div></td></tr><tr><td class=""timetable-day"" rowspan=1><div>Diumenge</div></td><td class=""timetable-hour"" rowspan=1><div>de 09.00&nbsp;h a 13.00&nbsp;h</div></td></tr></table>"
﻿99400766166,Formatgeria Ireneu,,,2025-10-27T17:32:19.206659+01:00,2026-08-31T11:21:14.688927+02:00,,,296202,Carrer Gran de Sant Andreu,117,117,60,Sant Andreu,09,Sant Andreu,08030,Barcelona,True,,693772,100002,Informació d'interès,E-mail,info@formatgeriaireneu.com,False,,432268.534,4586926.48,41.4310491680113,2.1893455711355734,"<table class=""timetable-table""><tr class=""timetable-header""><th class=""weekdays"">Dies</th><th class=""hours"">Hores</th></tr><tr><td class=""timetable-day"" rowspan=1><div>De dilluns a dissabte</div></td><td class=""timetable-hour"" rowspan=1><div>de 09.00&nbsp;h a 14.00&nbsp;h i <br>de 17.00&nbsp;h a 20.30&nbsp;h</div></td></tr></table>"
﻿99400766115,Immobilària Comprarcasa Gand House,,,2025-10-27T13:10:46.101447+01:00,2025-11-18T14:18:44.319521+01:00,,,196707,Carrer de Marià Aguiló,72,72,68,el Poblenou,10,Sant Martí,08005,Barcelona,True,,693658,100003,Informació d'interès,Web,https://www.gandhouse.com/,False,,433319.893,4583668.321,41.40179184649322,2.2022868930471806,"<table class=""timetable-table""><tr class=""timetable-header""><th class=""weekdays"">Dies</th><th class=""hours"">Hores</th></tr><tr><td class=""timetable-day"" rowspan=1><div>De dilluns a dijous</div></td><td class=""timetable-hour"" rowspan=1><div>de 10.00&nbsp;h a 19.00&nbsp;h</div></td></tr><tr><td class=""timetable-day"" rowspan=1><div>Divendres</div></td><td class=""timetable-hour"" rowspan=1><div>de 10.00&nbsp;h a 15.00&nbsp;h</div></td></tr></table>"
﻿92086002380,Centre Cívic Cotxeres de Sants,,,1984-05-30T00:00:00+02:00,2026-09-01T07:47:23.367482+02:00,,,312400,Carrer de Sants,79,,18,Sants,03,Sants-Montjuïc,08014,Barcelona,True,,39646,100002,Informació d'interès,E-mail,cotxeres-casinet@secretariat.cat,True,,427824.72279217,4580779.459042303,41.37529848802473,2.136897693555585,"<table class=""timetable-table""><tr class=""timetable-header""><th class=""period"">Període</th><th class=""weekdays"">Dies</th><th class=""hours"">Hores</th></tr><tr><td class=""timetable-period"" rowspan=3><div>De l'1 setembre al 31 juliol</div></td><td class=""timetable-day"" rowspan=1><div><p style=""margin:0"">De dilluns a divendres</p><p style=""margin:0""> excepte dijous 2 d'abril</p></div></td><td class=""timetable-hour"" rowspan=1><div>de 09.00&nbsp;h a 14.30&nbsp;h i <br>de 15.30&nbsp;h a 21.30&nbsp;h</div></td></tr><tr><td class=""timetable-day"" rowspan=1><div><p style=""margin:0"">Dijous 2 d'abril</p></div></td><td class=""timetable-hour"" rowspan=1><div>de 09.00&nbsp;h a 14.30&nbsp;h</div></td></tr><tr><td class=""timetable-day"" rowspan=1><div><p style=""margin:0"">Dissabte </p><p style=""margin:0"">Tancat 4 d'abril</p></div></td><td class=""timetable-hour"" rowspan=1><div>de 09.30&nbsp;h a 14.30&nbsp;h i <br>de 16.30&nbsp;h a 21.30&nbsp;h</div></td></tr><tr><td class=""timetable-period"" rowspan=1><div><p style=""margin:0"">Estiu 2025</p><p style=""margin:0"">De l'1 agost al 17 agost</p></div></td><td class=""timetable-day"" rowspan=1><div>Tots els dies tancat</div></td><td class=""timetable-hour"" rowspan=1><div><p style=""margin:0"">Tancat</p></div></td></tr><tr><td class=""timetable-period"" rowspan=1><div>Del 18 agost al 29 agost</div></td><td class=""timetable-day"" rowspan=1><div>De dilluns a dissabte</div></td><td class=""timetable-hour"" rowspan=1><div>de 09.00&nbsp;h a 21.30&nbsp;h</div></td></tr></table>"
﻿92086000174,Museu Etnològic i de Cultures del Món *Parc Montjuïc,,,1984-05-30T00:00:00+02:00,2026-09-16T14:30:02.241966+02:00,,,316809,Passeig de Santa Madrona,16,,11,el Poble-sec,03,Sants-Montjuïc,08038,Barcelona,True,,39359,100002,Informació d'interès,E-mail,reservesmeb@bcn.cat,True,,429415.5354705268,4580074.878257027,41.369093660609174,2.156001328720349,"<table class=""timetable-table""><tr class=""timetable-header""><th class=""period"">Període</th><th class=""weekdays"">Dies</th><th class=""hours"">Hores</th><th class=""prices"">Preus</th><th class=""description"">Observacions</th></tr><tr><td class=""timetable-period"" rowspan=2><div>De l'1 octubre al 30 abril</div></td><td class=""timetable-day"" rowspan=1><div><p style=""margin:0"">De dimarts a dissabte</p></div></td><td class=""timetable-hour"" rowspan=1><div>de 10:00 h a 19:00 h</div></td><td class=""timetable-price"" rowspan=3><div>Entrada general: 5.2 € <p style=""margin:0""><br></p><p style=""margin:0""><strong>Reduïda</strong> (caldrà acreditar la condició): 3.70 €</p><p style=""margin:0"">- Persones de 16 a 29 anys</p><p style=""margin:0"">- Persones de 65 anys o més</p><p style=""margin:0"">- Titulars targeta rosa reduïda</p><p style=""margin:0"">- Persones a l'atur</p><p style=""margin:0"">- Titulars del carnet de familia nombrosa o monoparental</p><p style=""margin:0"">- Titulars del carnet de Biblioteques de Barcelona</p><p style=""margin:0"">- Famílies màxim 2 adults, sempre que un sigui tutor legal</p><p style=""margin:0""><br></p><p style=""margin:0""><strong>Gratuïta</strong> (caldrà acreditar la condició):</p><p style=""margin:0"">- El 1r diumenge de cada mes de 10 a 20 h</p><p style=""margin:0"">- Tots els diumenges de 15 a 20 h</p><p style=""margin:0"">- Menors de 16 anys</p><p style=""margin:0"">- Registrats al programa Gaudir+BCN</p><p style=""margin:0"">- Titulars targeta rosa gratuïta</p><p style=""margin:0"">- Titulars passi metropolità d'acompanyant d'un discapacitat</p><p style=""margin:0"">- Carnet de l'ICOM</p><p style=""margin:0"">- Membres acreditats Ass. Museòlegs Catalunya</p><p style=""margin:0"">- Professors ensenyament reglat</p><p style=""margin:0"">acreditats</p><p style=""margin:0"">- Professors ensenyament reglat</p><p style=""margin:0"">quan aconpanyin grups d'estudiants</p><p style=""margin:0"">- Els guies turístics en lexercici de la seva feina</p><p style=""margin:0"">- Els periodistes acreditats</p><p style=""margin:0"">- Titulars targeta BCN Card</p><p style=""margin:0"">- 12 de febrer (Santa Eulàlia)</p><p style=""margin:0"">- 18 de maig(Dia Internacional dels Museus)</p><p style=""margin:0"">-  24 de setembre (Mare de Déu de la Mercè)</p></div></td><td class=""timetable-description"" rowspan=4><div><p style=""margin:0""><br></p><p style=""margin:0""><br></p><p style=""margin:0""><br></p><p style=""margin:0""><br></p><p style=""margin:0""><br></p><p style=""margin:0""><br></p><p style=""margin:0""><br></p><p style=""margin:0"">L'espai habilitat com a refugi climàtic és d'accés gratuït</p></div></td></tr><tr><td class=""timetable-day"" rowspan=1><div><p style=""margin:0"">Diumenge i festius </p><p style=""margin:0"">Tancat  25 desembre, 26 desembre, 1 gener i 6 gener</p></div></td><td class=""timetable-hour"" rowspan=2><div>de 10:00 h a 20:00 h</div></td></tr><tr><td class=""timetable-period current"" rowspan=2><div>De l'1 maig al 30 setembre</div></td><td class=""timetable-day"" rowspan=1><div><p style=""margin:0"">De dimarts a diumenge i festius</p><p style=""margin:0"">Tancat 1 de maig i 24 de juny </p></div></td></tr><tr><td class=""timetable-day"" rowspan=1><div><p style=""margin:0"">La Nit dels Museus 2026:</p><p style=""margin:0"">16 de maig</p></div></td><td class=""timetable-hour"" rowspan=1><div>de 19.00&nbsp;h a 01.00&nbsp;h</div></td><td class=""timetable-price"" rowspan=1><div>Entrada Gratuïta</div></td></tr></table>"
﻿92086029921,Parc de Can Sabaté,,,1989-04-12T00:00:00+02:00,2026-07-29T08:51:42.031612+02:00,,,212406,C Mineria,16,,13,la Marina de Port,03,Sants-Montjuïc,08038,BARCELONA,True,,74962,100003,Informació d'interès,Web,https://link.bcn.cat/cPdCS,True,,427883.8954769356,4579565.986902864,41.36437449049291,2.137749555318519,"<table class=""timetable-table""><tr class=""timetable-header""><th class=""period"">Període</th><th class=""weekdays"">Dies</th><th class=""hours"">Hores</th><th class=""description"">Observacions</th></tr><tr><td class=""timetable-period"" rowspan=1><div><p style=""margin:0"">Horari d’hivern:</p><p style=""margin:0""> de l'1 de novembre al 31 de març</p></div></td><td class=""timetable-day"" rowspan=2><div>Cada dia</div></td><td class=""timetable-hour"" rowspan=1><div>de 09.45&nbsp;h a 21.00&nbsp;h</div></td><td class=""timetable-description"" rowspan=2><div>Hora de tancament<br>aproximada,en funció de<br> l'horari solar (tanquen<br> quan es fa fosc, al capvespre)</div></td></tr><tr><td class=""timetable-period"" rowspan=1><div><p style=""margin:0"">Horari d’estiu: </p><p style=""margin:0"">de l'1 d'abril al 31 d'octubre</p></div></td><td class=""timetable-hour"" rowspan=1><div>de 09.45&nbsp;h a 21.00&nbsp;h</div></td></tr></table>"
﻿94110141919,Casal Cívic i Comunitari Barcelona - Horta,,,1994-04-20T00:00:00+02:00,2026-09-01T09:56:02.790724+02:00,,,337401,Carrer de Tolrà,13,21,37,el Carmel,07,Horta-Guinardó,08032,Barcelona,True,,44430,100002,Informació d'interès,E-mail,cc.barcelonahorta@gencat.cat,True,,429504.97133719997,4586458.91794389,41.42660022666088,2.1563273455132608,"<table class=""timetable-table""><tr class=""timetable-header""><th class=""period"">Període</th><th class=""weekdays"">Dies</th><th class=""hours"">Hores</th></tr><tr><td class=""timetable-period"" rowspan=2><div>De l'1 setembre al 31 juliol</div></td><td class=""timetable-day"" rowspan=1><div>De dilluns a divendres</div></td><td class=""timetable-hour"" rowspan=1><div>de 09.00&nbsp;h a 21.00&nbsp;h</div></td></tr><tr><td class=""timetable-day"" rowspan=1><div>Dissabte</div></td><td class=""timetable-hour"" rowspan=1><div>de 10.00&nbsp;h a 21.00&nbsp;h</div></td></tr><tr><td class=""timetable-period"" rowspan=1><div>De l'1 agost al 31 agost</div></td><td class=""timetable-day"" rowspan=1><div>Tots els dies tancat</div></td><td class=""timetable-hour"" rowspan=1><div><p style=""margin:0"">Tancat</p></div></td></tr></table>"
﻿92168153135,Centre Esportiu Municipal Can Felipa,,,1989-09-07T00:00:00+02:00,2026-09-16T10:55:21.484849+02:00,,,700802,Pl Josep M. Huertas Claveria,1,,68,el Poblenou,10,Sant Martí,08005,BARCELONA,True,,43612,100002,Informació d'interès,E-mail,canfelipa@canfelipa.com,True,,433173.2731653361,4583879.2838958185,41.40367975860696,2.20050971216533,"<table class=""timetable-table""><tr class=""timetable-header""><th class=""weekdays"">Dies</th><th class=""hours"">Hores</th></tr><tr><td class=""timetable-day"" rowspan=1><div>De dilluns a divendres</div></td><td class=""timetable-hour"" rowspan=1><div>de 06:00 h a 23:00 h</div></td></tr><tr><td class=""timetable-day"" rowspan=1><div>dissabtes</div></td><td class=""timetable-hour"" rowspan=1><div>de 08.00&nbsp;h a 19.00&nbsp;h</div></td></tr><tr><td class=""timetable-day"" rowspan=1><div>diumenges i festius</div></td><td class=""timetable-hour"" rowspan=1><div>de 09.00&nbsp;h a 15.00&nbsp;h</div></td></tr></table>"
﻿99400757467,Espai de Refresc de la Plaça de les Caramelles,,,2025-05-08T12:07:24.446812+02:00,2026-06-01T10:35:22.692802+02:00,,,700779,Plaça de les Caramelles,1,1,01,el Raval,01,Ciutat Vella,08001,Barcelona,True,,666072,100097,Variables,Text per a la web de Refugis Climàtics - detalls,<p>Durant episodis d'altes temperatures els espais exteriors poden no oferir el confort tèrmic necessari</p>,False,,430376.892,4581471.872,41.38175968835791,2.1673349156201747,"<table class=""timetable-table""><tr class=""timetable-header""><th class=""period"">Període</th><th class=""weekdays"">Dies</th><th class=""hours"">Hores</th><th class=""description"">Observacions</th></tr><tr><td class=""timetable-period current"" rowspan=1><div>Del 29 maig al 30 setembre</div></td><td class=""timetable-day"" rowspan=1><div>Tots els dies</div></td><td class=""timetable-hour"" rowspan=1><div>de 10.00&nbsp;h a 20.00&nbsp;h</div></td><td class=""timetable-description"" rowspan=1><div><p style=""margin:0"">Quan s’activa el polsador, la instal·lació fa una seqüencia</p><p style=""margin:0"">de funcionament que dura un temps inferior als 5 minuts</p></div></td></tr></table>"
﻿99400757468,Espai amb Jocs d'Aigua a la Font de la plaça Maresme,,,2025-05-08T12:10:32.193287+02:00,2026-06-01T10:28:42.468159+02:00,,,700780,Plaça del Maresme,1,1,70,el Besòs i el Maresme,10,Sant Martí,08019,Barcelona,True,,666073,100097,Variables,Text per a la web de Refugis Climàtics - detalls,<p>Durant episodis d'altes temperatures els espais exteriors poden no oferir el confort tèrmic necessari</p>,False,,434497.0175723086,4584877.839556141,41.41278244849366,2.2162369809440987,"<table class=""timetable-table""><tr class=""timetable-header""><th class=""period"">Període</th><th class=""weekdays"">Dies</th><th class=""hours"">Hores</th><th class=""description"">Observacions</th></tr><tr><td class=""timetable-period current"" rowspan=1><div>Del 29 maig al 30 setembre</div></td><td class=""timetable-day"" rowspan=1><div>Tots els dies</div></td><td class=""timetable-hour"" rowspan=1><div>de 10.00&nbsp;h a 20.00&nbsp;h</div></td><td class=""timetable-description"" rowspan=1><div><p style=""margin:0"">Quan s’activa el polsador, la instal·lació fa una seqüencia</p><p style=""margin:0"">de funcionament que dura un temps inferior als 5 minuts</p></div></td></tr></table>"
﻿75990419327,El Manantial de la Salut *Xuclà,,,1997-03-22T00:00:00+01:00,2025-11-18T14:46:46.487437+01:00,,,368802,Carrer d'en Xuclà,23,,01,el Raval,01,Ciutat Vella,08001,Barcelona,True,,70551,100003,Informació d'interès,Web,https://www.manantial-salud.com,True,,430564.08396709984,4581684.064786639,41.38368702001916,2.169549116748894,"<table class=""timetable-table""><tr class=""timetable-header""><th class=""weekdays"">Dies</th><th class=""hours"">Hores</th></tr><tr><td class=""timetable-day"" rowspan=1><div>De dilluns a divendres</div></td><td class=""timetable-hour"" rowspan=1><div>de 09.00&nbsp;h a 20.30&nbsp;h</div></td></tr><tr><td class=""timetable-day"" rowspan=1><div>Dissabte</div></td><td class=""timetable-hour"" rowspan=1><div>de 09.00&nbsp;h a 14.00&nbsp;h</div></td></tr></table>"
﻿93053131509,Centre Esportiu Municipal Parc de la Ciutadella,,,1993-02-22T00:00:00+01:00,2026-05-29T14:02:10.292948+02:00,,,079306,Passeig de Circumval·lació,1,1,04,"Sant Pere, Santa Caterina i la Ribera",01,Ciutat Vella,08003,Barcelona,True,,43900,100002,Informació d'interès,E-mail,info-ciutadella@okeymas.es,True,,431975.8,4581875.0,41.38552732576981,2.1864100992429276,"<table class=""timetable-table""><tr class=""timetable-header""><th class=""weekdays"">Dies</th><th class=""hours"">Hores</th></tr><tr><td class=""timetable-day"" rowspan=1><div>De dilluns a divendres</div></td><td class=""timetable-hour"" rowspan=1><div>de 07:00 h a 23:00 h</div></td></tr><tr><td class=""timetable-day"" rowspan=1><div>Dissabte</div></td><td class=""timetable-hour"" rowspan=1><div>de 08:00 h a 20:00 h</div></td></tr><tr><td class=""timetable-day"" rowspan=1><div>Diumenge i festius</div></td><td class=""timetable-hour"" rowspan=1><div>de 08.00&nbsp;h a 15.00&nbsp;h</div></td></tr></table>"
﻿93307114429,Piscines Cobertes,93118140808,Centre Esportiu Municipal Horta,1993-11-03T00:00:00+01:00,2026-07-27T12:30:13.501109+02:00,,,122303,Carrer de Feliu i Codina,27,,43,Horta,07,Horta-Guinardó,08031,Barcelona,True,,44126,100002,Informació d'interès,E-mail,info@hortaesportiva.cat,True,,429892.06731816585,4587359.232311038,41.43474287058415,2.1608551476985176,"<table class=""timetable-table""><tr class=""timetable-header""><th class=""weekdays"">Dies</th><th class=""hours"">Hores</th></tr><tr><td class=""timetable-day"" rowspan=1><div>De dilluns a divendres</div></td><td class=""timetable-hour"" rowspan=1><div>de 07:00 h a 23:00 h</div></td></tr><tr><td class=""timetable-day"" rowspan=1><div>Dissabte</div></td><td class=""timetable-hour"" rowspan=1><div>de 08:00 h a 20:00 h</div></td></tr><tr><td class=""timetable-day"" rowspan=1><div>Diumenge i  festius</div></td><td class=""timetable-hour"" rowspan=1><div>de 09:00 h a 14:00 h</div></td></tr></table>"
﻿99400766053,Fundació Privada Gentis *Raval,,,2025-10-27T09:23:12.146308+01:00,2026-05-08T14:00:12.133722+02:00,,,310303,Carrer de Maria Casas Mira,10,10,01,el Raval,01,Ciutat Vella,08001,Barcelona,True,,693527,100002,Informació d'interès,E-mail,info@gentis.org,True,,430611.25,4581225.602,41.37956185569253,2.1701656612976454,"<table class=""timetable-table""><tr class=""timetable-header""><th class=""weekdays"">Dies</th><th class=""hours"">Hores</th></tr><tr><td class=""timetable-day"" rowspan=1><div>De dilluns a divendres</div></td><td class=""timetable-hour"" rowspan=1><div>de 08.00&nbsp;h a 15.00&nbsp;h</div></td></tr></table>"
﻿75990069902,Farmàcia Colomer Méndez,,,1996-09-18T00:00:00+02:00,2026-09-22T10:30:47.956613+02:00,,,169409,Gran Via de les Corts Catalanes,424,,10,Sant Antoni,02,Eixample,08015,Barcelona,True,,640128,100003,Informació d'interès,Web,https://www.farmaguia.net/desktop/,False,,429160.6457523198,4581012.052054451,41.37751208078399,2.152844347656314,"<table class=""timetable-table""><tr class=""timetable-header""><th class=""weekdays"">Dies</th><th class=""hours"">Hores</th></tr><tr><td class=""timetable-day"" rowspan=1><div>De dilluns a divendres</div></td><td class=""timetable-hour"" rowspan=1><div>de 09.00&nbsp;h a 21.00&nbsp;h</div></td></tr><tr><td class=""timetable-day"" rowspan=1><div>Dissabte</div></td><td class=""timetable-hour"" rowspan=1><div>de 09.00&nbsp;h a 14.00&nbsp;h</div></td></tr></table>"
﻿99400787913,Xarcuteria Subirats,,,2026-09-22T10:01:18.225735+02:00,2026-09-22T10:11:26.655189+02:00,,,323203,Carrer de Sepúlveda,167,167,10,Sant Antoni,02,Eixample,08011,Barcelona,True,,756685,100002,Informació d'interès,E-mail,info@annasubirats.com,False,,429952.567,4581630.129,41.38314822665092,2.162242379430935,"<table class=""timetable-table""><tr class=""timetable-header""><th class=""weekdays"">Dies</th><th class=""hours"">Hores</th></tr><tr><td class=""timetable-day"" rowspan=1><div>De dilluns a divendres</div></td><td class=""timetable-hour"" rowspan=1><div>de 09.00&nbsp;h a 14.30&nbsp;h i <br>de 17.30&nbsp;h a 20.30&nbsp;h</div></td></tr><tr><td class=""timetable-day"" rowspan=1><div>Dissabte</div></td><td class=""timetable-hour"" rowspan=1><div>de 09.00&nbsp;h a 14.30&nbsp;h</div></td></tr></table>"
﻿99400762003,Refugi climàtic,92086015374,Seu del Districte de les Corts,2025-07-25T14:25:47.701608+02:00,2026-08-06T09:57:19.461365+02:00,,,084907,Plaça de Comas,18,,19,les Corts,04,Les Corts,08028,Barcelona,True,,680520,100003,Informació d'interès,Web,http://ajuntament.barcelona.cat/lescorts,True,,427240.3762247957,4581933.959648992,41.38564399418199,2.129771989264385,"<table class=""timetable-table""><tr class=""timetable-header""><th class=""period"">Període</th><th class=""weekdays"">Dies</th><th class=""hours"">Hores</th></tr><tr><td class=""timetable-period current"" rowspan=1><div><p style=""margin:0"">Horari al llarg de l'any</p></div></td><td class=""timetable-day"" rowspan=2><div>De dilluns a divendres</div></td><td class=""timetable-hour"" rowspan=1><div>de 07.30&nbsp;h a 21.00&nbsp;h</div></td></tr><tr><td class=""timetable-period"" rowspan=1><div>Del 10 agost al 23 agost</div></td><td class=""timetable-hour"" rowspan=1><div>de 07.30&nbsp;h a 18.00&nbsp;h</div></td></tr></table>"
﻿99400780769,Jardins de la Casa de les Aigües,,,2026-05-05T14:45:09.397458+02:00,2026-05-05T14:46:47.524606+02:00,,,281409,Carretera de Ribes,103,111,57,la Trinitat Vella,09,Sant Andreu,08033,Barcelona,True,,731970,100097,Variables,Text per a la web de Refugis Climàtics - detalls,<p>Durant episodis d'altes temperatures els espais exteriors poden no oferir el confort tèrmic necessari</p>,False,,432323.968,4589541.293,41.45460452482002,2.1897160488532585,
﻿99400780950,Espai comunitari Torre Júlia,,,2026-05-08T09:32:48.186640+02:00,2026-06-11T10:59:28.046577+02:00,,,120807,Via Favència,348,350,52,la Prosperitat,08,Nou Barris,08016,Barcelona,True,,,,,,,,,431584.616,4588588.627,41.44596154372715,2.1809725946070917,"<table class=""timetable-table""><tr class=""timetable-header""><th class=""weekdays"">Dies</th><th class=""hours"">Hores</th></tr><tr><td class=""timetable-day"" rowspan=1><div>De dilluns a divendres</div></td><td class=""timetable-hour"" rowspan=1><div>de 16.00&nbsp;h a 20.30&nbsp;h</div></td></tr><tr><td class=""timetable-day"" rowspan=1><div>Dissabte</div></td><td class=""timetable-hour"" rowspan=1><div>de 10.00&nbsp;h a 13.00&nbsp;h</div></td></tr></table>"
﻿94125142139,Piscines Descobertes,92168175397,Centre Esportiu Municipal Piscines Bernat Picornell,1994-05-05T00:00:00+02:00,2026-07-06T13:34:27.930882+02:00,,,116402,Avinguda de l'Estadi,30,38,11,el Poble-sec,03,Sants-Montjuïc,08038,Barcelona,True,,77798,100003,Informació d'interès,Web,https://forus.es/ca/centres-forus/barcelona/picornell/,True,,428962.879,4579768.026,41.36629012228984,2.1506253005136693,"<table class=""timetable-table""><tr class=""timetable-header""><th class=""period"">Període</th><th class=""weekdays"">Dies</th><th class=""hours"">Hores</th><th class=""prices"">Preus</th><th class=""description"">Observacions</th></tr><tr><td class=""timetable-period"" rowspan=2><div>De l'1 abril al 30 abril</div></td><td class=""timetable-day"" rowspan=1><div>De dilluns a dissabte</div></td><td class=""timetable-hour"" rowspan=1><div>de 10.00&nbsp;h a 17.00&nbsp;h</div></td><td class=""timetable-price"" rowspan=10><div>Entrada general de: 9.25 a 15.1 € <p style=""margin:0"">Entrada adult: 15.10 €</p><p style=""margin:0"">Entrada infants i gent gran: 9.25 €</p><p style=""margin:0"">Entrada joves 10.10 €</p></div></td><td class=""timetable-description"" rowspan=10><div><p style=""margin:0"">Venda d'entrades </p><p style=""margin:0"">subjectes a l'aforament</p><p style=""margin:0"">de la piscina</p></div></td></tr><tr><td class=""timetable-day"" rowspan=1><div>Diumenge i festius</div></td><td class=""timetable-hour"" rowspan=1><div>de 10.00&nbsp;h a 16.00&nbsp;h</div></td></tr><tr><td class=""timetable-period"" rowspan=2><div>De l'1 maig al 31 maig</div></td><td class=""timetable-day"" rowspan=1><div>De dilluns a dissabte</div></td><td class=""timetable-hour"" rowspan=1><div>de 10.00&nbsp;h a 19.00&nbsp;h</div></td></tr><tr><td class=""timetable-day"" rowspan=1><div>Diumenge i festius</div></td><td class=""timetable-hour"" rowspan=1><div>de 10.00&nbsp;h a 16.00&nbsp;h</div></td></tr><tr><td class=""timetable-period"" rowspan=2><div>De l'1 juny al 31 agost</div></td><td class=""timetable-day"" rowspan=1><div>De dilluns a dissabte</div></td><td class=""timetable-hour"" rowspan=1><div>de 10.00&nbsp;h a 20.30&nbsp;h</div></td></tr><tr><td class=""timetable-day"" rowspan=1><div>Diumenge i  festius</div></td><td class=""timetable-hour"" rowspan=1><div>de 10:00 h a 19:00 h</div></td></tr><tr><td class=""timetable-period current"" rowspan=2><div>De l'1 setembre al 30 setembre</div></td><td class=""timetable-day"" rowspan=1><div>De dilluns a dissabte</div></td><td class=""timetable-hour"" rowspan=1><div>de 10.00&nbsp;h a 18.00&nbsp;h</div></td></tr><tr><td class=""timetable-day"" rowspan=1><div>Diumenge i festius</div></td><td class=""timetable-hour"" rowspan=1><div>de 10.00&nbsp;h a 16.00&nbsp;h</div></td></tr><tr><td class=""timetable-period"" rowspan=2><div>De l'1 octubre al 31 octubre</div></td><td class=""timetable-day"" rowspan=1><div>De dilluns a dissabte</div></td><td class=""timetable-hour"" rowspan=1><div>de 10.00&nbsp;h a 17.00&nbsp;h</div></td></tr><tr><td class=""timetable-day"" rowspan=1><div>Diumenge i  festius</div></td><td class=""timetable-hour"" rowspan=1><div>de 10.00&nbsp;h a 16.00&nbsp;h</div></td></tr></table>"
﻿92086002693,Centre Esportiu Municipal Piscina Sant Jordi,,,1987-11-03T00:00:00+01:00,2026-07-29T08:52:53.344555+02:00,,,245802,Carrer de París,114,114,09,la Nova Esquerra de l'Eixample,02,Eixample,08029,Barcelona,True,,39771,100002,Informació d'interès,E-mail,psj@natacio.cat,True,,428714.032,4582298.912,41.38906292191068,2.1473525398016187,"<table class=""timetable-table""><tr class=""timetable-header""><th class=""weekdays"">Dies</th><th class=""hours"">Hores</th><th class=""description"">Observacions</th></tr><tr><td class=""timetable-day"" rowspan=1><div>De dilluns a divendres</div></td><td class=""timetable-hour"" rowspan=1><div>de 07:00 h a 22:00 h</div></td><td class=""timetable-description"" rowspan=3><div><p style=""margin:0"">Tancarà abans els dies:</p><p style=""margin:0"">dissabte de Setmana</p><p style=""margin:0"">Santa tanca a les 14 h</p><p style=""margin:0""><br></p><p style=""margin:0"">5 de gener, 23 de juny,</p><p style=""margin:0"">24 i 31 de desembre</p><p style=""margin:0"">tanca a les 19 h</p></div></td></tr><tr><td class=""timetable-day"" rowspan=1><div>Dissabte</div></td><td class=""timetable-hour"" rowspan=1><div>de 08:00 h a 20:00 h</div></td></tr><tr><td class=""timetable-day"" rowspan=1><div><p style=""margin:0"">Diumenges i festius excepte</p><p style=""margin:0"">1 i 6  de gener,</p><p style=""margin:0"">1 maig i</p><p style=""margin:0"">25 i 26 de desembre </p></div></td><td class=""timetable-hour"" rowspan=1><div>de 09:00 h a 14:00 h</div></td></tr></table>"
﻿92086010421,Casal de Gent Gran de la Verneda Alta,,,1987-10-19T00:00:00+01:00,2026-08-03T13:44:07.640457+02:00,,,700037,Carrer de Binèfar,16,,73,la Verneda i la Pau,10,Sant Martí,08020,Barcelona,True,,40923,100002,Informació d'interès,E-mail,casalgg.vernedaalta@bcn.cat,True,,433526.72425898875,4586271.985638606,41.4252594528991,2.204474971878569,"<table class=""timetable-table""><tr class=""timetable-header""><th class=""period"">Període</th><th class=""weekdays"">Dies</th><th class=""hours"">Hores</th></tr><tr><td class=""timetable-period current"" rowspan=2><div>de l'1 de setembre<br>al 31 de juliol</div></td><td class=""timetable-day"" rowspan=1><div>De dilluns a divendres</div></td><td class=""timetable-hour"" rowspan=1><div>de 09.30&nbsp;h a 13.30&nbsp;h i <br>de 16.00&nbsp;h a 19.00&nbsp;h</div></td></tr><tr><td class=""timetable-day"" rowspan=1><div>Dissabte</div></td><td class=""timetable-hour"" rowspan=1><div>de 09.30&nbsp;h a 13.30&nbsp;h</div></td></tr><tr><td class=""timetable-period"" rowspan=1><div>de l'1 d'agost<br>al 31 d'agost</div></td><td class=""timetable-day"" rowspan=1><div>De dilluns a divendres</div></td><td class=""timetable-hour"" rowspan=1><div>de 10.00&nbsp;h a 13.30&nbsp;h</div></td></tr></table>"
﻿75990130798,Farmàcia Borràs,,,1996-09-18T00:00:00+02:00,2026-06-23T09:02:16.100956+02:00,,,351901,Passeig de Valldaura,247,,52,la Prosperitat,08,Nou Barris,08016,Barcelona,True,,639874,100003,Informació d'interès,Web,https://www.farmaguia.net/desktop/,False,,431490.9467030468,4587842.442931285,41.4392329590609,2.1799359733337313,
﻿92168151955,Centre d'Arts Santa Mònica,,,1988-05-20T00:00:00+02:00,2026-09-07T12:13:33.020034+02:00,,,034308,Carrer la Rambla,7,,01,el Raval,01,Ciutat Vella,08002,Barcelona,True,,426544,100002,Informació d'interès,E-mail,santamonica@gencat.cat,False,,431064.4822496146,4580965.574901734,41.37725882473504,2.175614994736913,"<table class=""timetable-table""><tr class=""timetable-header""><th class=""weekdays"">Dies</th><th class=""hours"">Hores</th><th class=""prices"">Preus</th></tr><tr><td class=""timetable-day"" rowspan=1><div><p style=""margin:0"">De dimarts a diumenge i festius </p><p style=""margin:0"">Excepte 24 i 31 de desembre</p><p style=""margin:0"">Tancat: 25 desembre, 26 desembre,1 gener, 6 gener i 1 maig</p></div></td><td class=""timetable-hour"" rowspan=1><div>d'11.00&nbsp;h a 20.30&nbsp;h</div></td><td class=""timetable-price"" rowspan=3><div>Entrada Gratuïta</div></td></tr><tr><td class=""timetable-day"" rowspan=1><div>24 desembre i <br>31 desembre</div></td><td class=""timetable-hour"" rowspan=1><div>d'11.00&nbsp;h a 17.00&nbsp;h</div></td></tr><tr><td class=""timetable-day"" rowspan=1><div><p style=""margin:0"">La Nit dels Museus 2026:</p><p style=""margin:0"">16 de maig</p></div></td><td class=""timetable-hour"" rowspan=1><div>de 19.00&nbsp;h a 01.00&nbsp;h</div></td></tr></table>"
﻿93308093528,Centre Comercial L'Illa Diagonal,,,1993-11-04T00:00:00+01:00,2026-07-02T13:13:27.688997+02:00,,,144601,Avinguda Diagonal,545,545,19,les Corts,04,Les Corts,08029,Barcelona,True,,44224,100002,Informació d'interès,E-mail,info@lilla.com,True,,427675.34,4582390.899,41.38979868797783,2.134919168957345,"<table class=""timetable-table""><tr class=""timetable-header""><th class=""period"">Període</th><th class=""weekdays"">Dies</th><th class=""hours"">Hores</th></tr><tr><td class=""timetable-period"" rowspan=1><div>Horari d'hivern:<br>de l'1 d'octubre<br>al 31 de maig</div></td><td class=""timetable-day"" rowspan=1><div>De dilluns a dissabtes</div></td><td class=""timetable-hour"" rowspan=1><div>de 09:30 h a 21:00 h</div></td></tr><tr><td class=""timetable-period current"" rowspan=2><div>Horari d'estiu:<br>de l'1 de juny<br>al 30 de setembre</div></td><td class=""timetable-day"" rowspan=1><div>De dilluns a dissabtes</div></td><td class=""timetable-hour"" rowspan=1><div>de 09.30&nbsp;h a 21.30&nbsp;h</div></td></tr><tr><td class=""timetable-day"" rowspan=1><div>Diumenge</div></td><td class=""timetable-hour"" rowspan=1><div>de 12.00&nbsp;h a 20.00&nbsp;h</div></td></tr></table>"
﻿92086031534,Centre Cívic El Carmel,,,1990-01-08T00:00:00+01:00,2026-09-01T07:46:29.453819+02:00,,,320307,Carrer del Santuari,27,29,37,el Carmel,07,Horta-Guinardó,08032,Barcelona,True,,41899,100002,Informació d'interès,E-mail,cccarmel@bcn.cat,True,,429067.69,4585760.072,41.42026751883118,2.1511765613690907,"<table class=""timetable-table""><tr class=""timetable-header""><th class=""period"">Període</th><th class=""weekdays"">Dies</th><th class=""hours"">Hores</th></tr><tr><td class=""timetable-period current"" rowspan=3><div>De l'1 setembre al 28 juliol</div></td><td class=""timetable-day"" rowspan=1><div>Dilluns, dimecres, dijous i divendres</div></td><td class=""timetable-hour"" rowspan=1><div>de 09.00&nbsp;h a 21.30&nbsp;h</div></td></tr><tr><td class=""timetable-day"" rowspan=1><div>Dimarts</div></td><td class=""timetable-hour"" rowspan=1><div>de 09.00&nbsp;h a 14.00&nbsp;h i <br>de 16.00&nbsp;h a 21.30&nbsp;h</div></td></tr><tr><td class=""timetable-day"" rowspan=1><div>Dissabte</div></td><td class=""timetable-hour"" rowspan=1><div>de 10.00&nbsp;h a 14.00&nbsp;h</div></td></tr><tr><td class=""timetable-period"" rowspan=1><div><p style=""margin:0"">Estiu 2026</p><p style=""margin:0"">Del 29 juliol al 31 agost</p></div></td><td class=""timetable-day"" rowspan=1><div>Tots els dies tancat</div></td><td class=""timetable-hour"" rowspan=1><div><p style=""margin:0"">Tancat</p></div></td></tr></table>"
﻿92086011949,Park Güell,,,1987-10-28T00:00:00+01:00,2026-09-16T14:35:10.041589+02:00,,,234908,Carrer d'Olot,2,4,30,la Salut,06,Gràcia,08024,Barcelona,True,,40828,100002,Informació d'interès,E-mail,parkguell@bsmsa.cat,True,,429158.069,4584932.08,41.41281810185847,2.1523549505739523,"<table class=""timetable-table""><tr class=""timetable-header""><th class=""period"">Període</th><th class=""weekdays"">Dies</th><th class=""hours"">Hores</th><th class=""prices"">Preus</th><th class=""description"">Observacions</th></tr><tr><td class=""timetable-period"" rowspan=1><div>Del 29 març al 30 juny</div></td><td class=""timetable-day"" rowspan=6><div>Tots els dies</div></td><td class=""timetable-hour"" rowspan=1><div>de 09.30&nbsp;h a 19.30&nbsp;h</div></td><td class=""timetable-price"" rowspan=5><div>Entrada general: 18 € <p style=""margin:0""><br></p><p style=""margin:0"">Entrada reduïda: 13.50 €</p><p style=""margin:0"">· Nens i nenes de 7 a 12 anys</p><p style=""margin:0"">· Majors de 65 anys i Targeta Rosa</p><p style=""margin:0"">reduïda</p><p style=""margin:0"">. Persones amb discapacitats</p><p style=""margin:0"">+ acompanyant</p><p style=""margin:0""><br></p><p style=""margin:0"">Entrada gratuïta:</p><p style=""margin:0"">· Persones empadronades a Barcelona,</p><p style=""margin:0"">prèvia reserva d'entrada al <a href=""https://parkguell.barcelona/ca/planifica-la-teva-visita/passi-verd"" target=""_blank"">web del Park Güell</a></p><p style=""margin:0"">· El veïns i veïnes dels barris adjacents al</p><p style=""margin:0"">Parc (El Coll, Vallcarca-Penitents,</p><p style=""margin:0"">la Salut, el Carmel, Can Baró i Baix</p><p style=""margin:0"">Guinardó) hi tenen accés lliure</p><p style=""margin:0"">durant tots els dies de l'any mitjançant</p><p style=""margin:0"">una targeta personal i intransferible</p><p style=""margin:0"">· Nens i nenes de 0 a 6 anys</p><p style=""margin:0"">· Targeta Rosa Gratuïta</p><p style=""margin:0"">·</p><p style=""margin:0"">· Entrada MUHBA/Ruta del</p><p style=""margin:0"">Modernisme: 14.50 €</p></div></td><td class=""timetable-description"" rowspan=5><div><p style=""margin:0""><br></p><p style=""margin:0""><br></p><p style=""margin:0""><br></p><p style=""margin:0""><br></p><p style=""margin:0""><br></p><p style=""margin:0""><br></p><p style=""margin:0"">Venda&nbsp;d’entrades&nbsp;exclusivament&nbsp;al&nbsp;<a href=""https://parkguell.barcelona/ca/compra-entrades"" target=""_blank"">web</a></p><p style=""margin:0""><br></p><p style=""margin:0"">L'espai habilitat com a refugi climàtic és d'accés gratuït</p></div></td></tr><tr><td class=""timetable-period current"" rowspan=1><div>De l'1 juliol al 31 agost</div></td><td class=""timetable-hour"" rowspan=1><div>de 09.00&nbsp;h a 19.30&nbsp;h</div></td></tr><tr><td class=""timetable-period current"" rowspan=1><div>De l'1 setembre al 24 octubre</div></td><td class=""timetable-hour"" rowspan=1><div>de 09.30&nbsp;h a 19.30&nbsp;h</div></td></tr><tr><td class=""timetable-period"" rowspan=1><div>Del 25 octubre al 6 febrer</div></td><td class=""timetable-hour"" rowspan=1><div>de 09:30 h a 17:30 h</div></td></tr><tr><td class=""timetable-period"" rowspan=1><div>Del 7 febrer al 28 març</div></td><td class=""timetable-hour"" rowspan=1><div>de 09.30&nbsp;h a 18.00&nbsp;h</div></td></tr><tr><td class=""timetable-period current"" rowspan=1><div><p style=""margin:0"">Tot l'any</p></div></td><td class=""timetable-hour"" rowspan=1><div>de 07.00&nbsp;h a 09.30&nbsp;h i <br>de 18.30&nbsp;h a 22.00&nbsp;h</div></td><td class=""timetable-price"" rowspan=1><div>Entrada Gratuïta</div></td><td class=""timetable-description"" rowspan=1><div><p style=""margin:0"">Aquestes&nbsp;dues&nbsp;franges&nbsp;horàries&nbsp;són&nbsp;franges&nbsp;on&nbsp;no&nbsp;es&nbsp;permeten&nbsp;visites&nbsp;turístiques&nbsp;i&nbsp;estan&nbsp;reservades&nbsp;a&nbsp;la&nbsp;ciutadania:</p><p style=""margin:0"">·&nbsp;A&nbsp;les&nbsp;persones&nbsp;dels&nbsp;barris&nbsp;adjacents,&nbsp;amb&nbsp;carnet&nbsp;de&nbsp;veí&nbsp;o&nbsp;veïna&nbsp;(sense&nbsp;reserva)</p><p style=""margin:0"">·&nbsp;A&nbsp;les&nbsp;persones&nbsp;empadronades&nbsp;a&nbsp;Barcelona,&nbsp;prèvia&nbsp;reserva&nbsp;d&#39;entrada&nbsp;al&nbsp;<a href=""https://parkguell.barcelona/ca/planifica-la-teva-visita/passi-verd"" rel=""noopener noreferrer"" target=""_blank"">web&nbsp;del&nbsp;Park&nbsp;Güell</a></p></div></td></tr></table>"
﻿92086011954,Parc del Guinardó,,,1985-04-01T00:00:00+02:00,2026-02-20T08:04:22.302627+01:00,,,141206,Garriga i Roca,1,,35,el Guinardó,07,Horta-Guinardó,08041,BARCELONA,True,,73847,100003,Informació d'interès,Web,https://link.bcn.cat/cEPdG,True,,430607.59972452524,4585658.752029341,41.41948943678852,2.169613897166294,
﻿92086011958,Parc del Turó de la Peira,,,1985-04-01T00:00:00+02:00,2026-02-20T08:04:21.985179+01:00,,,119003,Passeig de Fabra i Puig,396,406,46,el Turó de la Peira,08,Nou Barris,08031,Barcelona,True,,73854,100003,Informació d'interès,Web,https://link.bcn.cat/cPdTdlP,True,,430107.247,4587214.961,41.43346223343624,2.1634471242007627,
﻿92086009788,Mercat Clot,,,1985-01-17T00:00:00+01:00,2026-07-13T12:18:42.894431+02:00,,,209004,Plaça del Mercat,26,,65,el Clot,10,Sant Martí,08018,Barcelona,True,,73297,100003,Informació d'interès,Web,http://www.barcelona.cat/mercats,True,,432185.5746711287,4584325.60634667,41.40761694241932,2.1886443723650215,"<table class=""timetable-table""><tr class=""timetable-header""><th class=""period"">Període</th><th class=""weekdays"">Dies</th><th class=""hours"">Hores</th></tr><tr><td class=""timetable-period current"" rowspan=4><div>De l'1 setembre al 31 juliol</div></td><td class=""timetable-day"" rowspan=1><div>Dilluns</div></td><td class=""timetable-hour"" rowspan=1><div>de 08.00&nbsp;h a 14.00&nbsp;h</div></td></tr><tr><td class=""timetable-day"" rowspan=1><div>Dimarts, dimecres i dijous</div></td><td class=""timetable-hour"" rowspan=1><div>de 08.00&nbsp;h a 14.00&nbsp;h i <br>de 17.00&nbsp;h a 20.30&nbsp;h</div></td></tr><tr><td class=""timetable-day"" rowspan=1><div>Divendres</div></td><td class=""timetable-hour"" rowspan=1><div>de 08.00&nbsp;h a 20.00&nbsp;h</div></td></tr><tr><td class=""timetable-day"" rowspan=1><div>Dissabte</div></td><td class=""timetable-hour"" rowspan=1><div>de 08.00&nbsp;h a 15.00&nbsp;h</div></td></tr><tr><td class=""timetable-period"" rowspan=2><div>De l'1 agost al 31 agost</div></td><td class=""timetable-day"" rowspan=1><div>De dilluns a divendres</div></td><td class=""timetable-hour"" rowspan=1><div>de 08.00&nbsp;h a 14.00&nbsp;h</div></td></tr><tr><td class=""timetable-day"" rowspan=1><div>Dissabte</div></td><td class=""timetable-hour"" rowspan=1><div>de 08.00&nbsp;h a 15.00&nbsp;h</div></td></tr></table>"
﻿92086009791,Mercat Poblenou - Unió,,,1985-01-17T00:00:00+01:00,2026-07-23T08:03:04.246020+02:00,,,349003,Pl Unió,25,,68,el Poblenou,10,Sant Martí,08005,BARCELONA,True,,746782,100003,Informació d'interès,Web,https://mercatpoblenou.es,False,,433581.77325563296,4583580.411891241,41.40102174848232,2.2054291963991535,"<table class=""timetable-table""><tr class=""timetable-header""><th class=""period"">Període</th><th class=""weekdays"">Dies</th><th class=""hours"">Hores</th></tr><tr><td class=""timetable-period current"" rowspan=3><div>De l'1 setembre al 30 juny</div></td><td class=""timetable-day"" rowspan=1><div>De dilluns a dijous</div></td><td class=""timetable-hour"" rowspan=1><div>de 08:30 h a 14:00 h</div></td></tr><tr><td class=""timetable-day"" rowspan=1><div>Divendres</div></td><td class=""timetable-hour"" rowspan=1><div>de 08.30&nbsp;h a 15.00&nbsp;h i <br>de 16.30&nbsp;h a 20.30&nbsp;h</div></td></tr><tr><td class=""timetable-day"" rowspan=1><div>Dissabte</div></td><td class=""timetable-hour"" rowspan=1><div>de 08:30 h a 15:00 h</div></td></tr><tr><td class=""timetable-period"" rowspan=3><div>De l'1 juliol al 31 juliol</div></td><td class=""timetable-day"" rowspan=1><div>Dilluns</div></td><td class=""timetable-hour"" rowspan=1><div>de 08.30&nbsp;h a 14.00&nbsp;h</div></td></tr><tr><td class=""timetable-day"" rowspan=1><div>Dimarts, dimecres, dijous i divendres</div></td><td class=""timetable-hour"" rowspan=1><div>de 08.30&nbsp;h a 14.00&nbsp;h i <br>de 17.00&nbsp;h a 20.30&nbsp;h</div></td></tr><tr><td class=""timetable-day"" rowspan=1><div>Dissabte</div></td><td class=""timetable-hour"" rowspan=1><div>de 08.30&nbsp;h a 15.00&nbsp;h</div></td></tr><tr><td class=""timetable-period"" rowspan=3><div>De l'1 agost al 31 agost</div></td><td class=""timetable-day"" rowspan=1><div>De dilluns a dijous</div></td><td class=""timetable-hour"" rowspan=1><div>de 08.30&nbsp;h a 14.00&nbsp;h</div></td></tr><tr><td class=""timetable-day"" rowspan=1><div>Divendres</div></td><td class=""timetable-hour"" rowspan=1><div>de 08.30&nbsp;h a 14.00&nbsp;h i <br>de 17.00&nbsp;h a 20.30&nbsp;h</div></td></tr><tr><td class=""timetable-day"" rowspan=1><div>Dissabte</div></td><td class=""timetable-hour"" rowspan=1><div>de 08.30&nbsp;h a 15.00&nbsp;h</div></td></tr></table>"
﻿92086030520,Jardins de la Torre de Les Aigües,,,1989-08-07T00:00:00+02:00,2026-08-25T14:56:55.860608+02:00,,,176801,Carrer de Roger de Llúria,56,56,07,la Dreta de l'Eixample,02,Eixample,08009,Barcelona,True,,168075,20006,Telèfons,Informació,010,True,,430540.97697704,4582728.34524999,41.39309052605406,2.169153046082549,"<table class=""timetable-table""><tr class=""timetable-header""><th class=""period"">Període</th><th class=""weekdays"">Dies</th><th class=""hours"">Hores</th><th class=""description"">Observacions</th></tr><tr><td class=""timetable-period"" rowspan=1><div>de l'1 de novembre<br>al 31 de març</div></td><td class=""timetable-day"" rowspan=2><div>Cada dia</div></td><td class=""timetable-hour"" rowspan=1><div>de 08.30&nbsp;h a 19.00&nbsp;h</div></td><td class=""timetable-description"" rowspan=2><div>Hora de tancament<br>aproximada,en funció de<br> l'horari solar (tanquen<br> quan es fa fosc, al capvespre)</div></td></tr><tr><td class=""timetable-period current"" rowspan=1><div>de l'1 d'abril<br>al 31 d'octubre</div></td><td class=""timetable-hour"" rowspan=1><div>de 08.30&nbsp;h a 21.00&nbsp;h</div></td></tr></table>"
﻿92086021426,Biblioteca La Marina de Port – Francesc Candel,,,1987-06-09T00:00:00+02:00,2026-08-31T14:04:46.584340+02:00,,,369102,Carrer de l'Amnistia Internacional,10,,13,la Marina de Port,03,Sants-Montjuïc,08038,Barcelona,True,,41497,100002,Informació d'interès,E-mail,b.barcelona.fc@diba.cat,True,,427759.39574896777,4579282.385645893,41.3618090328203,2.136294923801782,"<table class=""timetable-table""><tr class=""timetable-header""><th class=""period"">Període</th><th class=""weekdays"">Dies</th><th class=""hours"">Hores</th></tr><tr><td class=""timetable-period current"" rowspan=5><div><p style=""margin:0"">Horari habitual</p><p style=""margin:0"">al llarg de l'any</p></div></td><td class=""timetable-day"" rowspan=1><div><p style=""margin:0"">Dilluns i dimecres</p><p style=""margin:0""><br></p></div></td><td class=""timetable-hour"" rowspan=1><div>de 15.00&nbsp;h a 20.00&nbsp;h</div></td></tr><tr><td class=""timetable-day"" rowspan=1><div><p style=""margin:0"">Dimarts i divendres </p><p style=""margin:0"">excepte dimarts 23 de juny</p></div></td><td class=""timetable-hour"" rowspan=1><div>de 09.30&nbsp;h a 13.30&nbsp;h i <br>de 15.00&nbsp;h a 20.00&nbsp;h</div></td></tr><tr><td class=""timetable-day"" rowspan=1><div><p style=""margin:0"">Dimarts 23 de juny</p></div></td><td class=""timetable-hour"" rowspan=1><div>de 09.30&nbsp;h a 13.30&nbsp;h</div></td></tr><tr><td class=""timetable-day"" rowspan=1><div>Dijous</div></td><td class=""timetable-hour"" rowspan=1><div>de 09.30&nbsp;h a 20.00&nbsp;h</div></td></tr><tr><td class=""timetable-day"" rowspan=1><div>Dissabte</div></td><td class=""timetable-hour"" rowspan=1><div>de 10.00&nbsp;h a 14.00&nbsp;h</div></td></tr><tr><td class=""timetable-period"" rowspan=3><div><p style=""margin:0"">Estiu 2026</p><p style=""margin:0"">Del 24 juny al 31 juliol</p></div></td><td class=""timetable-day"" rowspan=1><div><p style=""margin:0"">Dilluns i dimecres</p><p style=""margin:0""><br></p></div></td><td class=""timetable-hour"" rowspan=1><div>de 15.00&nbsp;h a 20.00&nbsp;h</div></td></tr><tr><td class=""timetable-day"" rowspan=1><div>Dimarts i divendres</div></td><td class=""timetable-hour"" rowspan=1><div>de 09.30&nbsp;h a 13.30&nbsp;h i <br>de 15.00&nbsp;h a 20.00&nbsp;h</div></td></tr><tr><td class=""timetable-day"" rowspan=1><div>Dijous</div></td><td class=""timetable-hour"" rowspan=1><div>de 09.30&nbsp;h a 20.00&nbsp;h</div></td></tr><tr><td class=""timetable-period"" rowspan=1><div>De l'1 agost al 31 agost</div></td><td class=""timetable-day"" rowspan=1><div><p style=""margin:0"">Tots els dies</p></div></td><td class=""timetable-hour"" rowspan=1><div><p style=""margin:0"">Tancada</p></div></td></tr><tr><td class=""timetable-period"" rowspan=3><div>De l'1 setembre al 24 setembre</div></td><td class=""timetable-day"" rowspan=1><div><p style=""margin:0"">Dilluns i dimecres</p><p style=""margin:0""><br></p></div></td><td class=""timetable-hour"" rowspan=1><div>de 15.00&nbsp;h a 20.00&nbsp;h</div></td></tr><tr><td class=""timetable-day"" rowspan=1><div>Dimarts i divendres</div></td><td class=""timetable-hour"" rowspan=1><div>de 09.30&nbsp;h a 13.30&nbsp;h i <br>de 15.00&nbsp;h a 20.00&nbsp;h</div></td></tr><tr><td class=""timetable-day"" rowspan=1><div>Dijous</div></td><td class=""timetable-hour"" rowspan=1><div>de 09.30&nbsp;h a 20.00&nbsp;h</div></td></tr></table>"
﻿92086005115,Centre Cívic La Sagrera La Barraca,,,1984-05-30T00:00:00+02:00,2026-09-01T07:59:29.574995+02:00,,,201308,Carrer de Martí Molins,29,,61,la Sagrera,09,Sant Andreu,08027,Barcelona,True,,697134,100002,Informació d'interès,E-mail,direccio@cclasagrera.cat,False,,432244.9097293351,4586141.181659135,41.42397425702554,2.1891508567064406,"<table class=""timetable-table""><tr class=""timetable-header""><th class=""period"">Període</th><th class=""weekdays"">Dies</th><th class=""hours"">Hores</th><th class=""description"">Observacions</th></tr><tr><td class=""timetable-period current"" rowspan=2><div>De l'1 setembre al 31 juliol</div></td><td class=""timetable-day"" rowspan=1><div>De dilluns a divendres</div></td><td class=""timetable-hour"" rowspan=1><div>de 10:00 h a 14:30 h i<BR>de 16:00 h a 21:30 h</div></td><td  rowspan=2><div></div></td></tr><tr><td class=""timetable-day"" rowspan=1><div>Dissabte</div></td><td class=""timetable-hour"" rowspan=1><div>de 10:00 h a 14:00 h i<BR>de 16:00 h a 20:00 h</div></td></tr><tr><td class=""timetable-period"" rowspan=1><div>De l'1 agost al 31 agost</div></td><td class=""timetable-day"" rowspan=1><div>Cada dia</div></td><td class=""timetable-hour"" rowspan=1><div>de 16.00&nbsp;h a 20.00&nbsp;h</div></td><td class=""timetable-description"" rowspan=1><div><p style=""margin:0"">Durant el mes d'agost obre només</p><p style=""margin:0"">com a Refugi Climàtic</p></div></td></tr></table>"
﻿92086033691,Casal de Gent Gran Joan Maragall,,,1990-11-19T00:00:00+01:00,2026-08-03T13:42:51.879346+02:00,,,040504,Carrer de Bermejo,1,5,70,el Besòs i el Maresme,10,Sant Martí,08019,Barcelona,True,,42040,100002,Informació d'interès,E-mail,casalgg.joanmaragall@bcn.cat,True,,434604.855,4584946.712,41.41341154715092,2.2175197284798105,"<table class=""timetable-table""><tr class=""timetable-header""><th class=""period"">Període</th><th class=""weekdays"">Dies</th><th class=""hours"">Hores</th></tr><tr><td class=""timetable-period current"" rowspan=2><div>de l'1 de setembre<br>al 31 de juliol</div></td><td class=""timetable-day"" rowspan=1><div>De dilluns a divendres</div></td><td class=""timetable-hour"" rowspan=1><div>de 09.30&nbsp;h a 13.30&nbsp;h i <br>de 16.00&nbsp;h a 19.00&nbsp;h</div></td></tr><tr><td class=""timetable-day"" rowspan=1><div>Diumenge</div></td><td class=""timetable-hour"" rowspan=1><div>de 09.30&nbsp;h a 13.30&nbsp;h</div></td></tr><tr><td class=""timetable-period"" rowspan=1><div>de l'1 d'agost<br>al 31 d'agost</div></td><td class=""timetable-day"" rowspan=1><div>De dilluns a divendres</div></td><td class=""timetable-hour"" rowspan=1><div>de 16.00&nbsp;h a 19.30&nbsp;h</div></td></tr></table>"
﻿92086005147,Centre Esportiu Municipal Júpiter,,,1989-10-09T00:00:00+01:00,2026-05-29T14:02:14.838834+02:00,,,003406,C Agricultura,232,,72,Sant Martí de Provençals,10,Sant Martí,08020,BARCELONA,True,,39923,100002,Informació d'interès,E-mail,info@jupitersport.cat,True,,433313.9564896275,4585438.673718891,41.41773642679193,2.2020207794886266,"<table class=""timetable-table""><tr class=""timetable-header""><th class=""weekdays"">Dies</th><th class=""hours"">Hores</th></tr><tr><td class=""timetable-day"" rowspan=1><div>De dilluns a divendres</div></td><td class=""timetable-hour"" rowspan=1><div>de 07:00 h a 23:00 h</div></td></tr><tr><td class=""timetable-day"" rowspan=1><div>Dissabte</div></td><td class=""timetable-hour"" rowspan=1><div>de 09:00 h a 20:00 h</div></td></tr><tr><td class=""timetable-day"" rowspan=1><div>Diumenge i  festius</div></td><td class=""timetable-hour"" rowspan=1><div>de 09:00 h a 15:00 h</div></td></tr></table>"
﻿99400304670,Centre Cultural Albareda,,,2012-11-09T15:44:37+01:00,2026-09-01T10:08:56.201976+02:00,,,005401,Carrer d'Albareda,22,24,11,el Poble-sec,03,Sants-Montjuïc,08004,Barcelona,True,,55538,100002,Informació d'interès,E-mail,ccalbareda@ccalbareda.cat,True,,430864.255,4580606.285,41.374005626997096,2.1732617379790393,"<table class=""timetable-table""><tr class=""timetable-header""><th class=""period"">Període</th><th class=""weekdays"">Dies</th><th class=""hours"">Hores</th></tr><tr><td class=""timetable-period current"" rowspan=3><div>De l'1 setembre al 31 juliol</div></td><td class=""timetable-day"" rowspan=1><div><p style=""margin:0"">De dilluns a divendres </p><p style=""margin:0"">excepte 2 d'abril</p></div></td><td class=""timetable-hour"" rowspan=1><div>de 09.00&nbsp;h a 14.00&nbsp;h i <br>de 16.00&nbsp;h a 22.00&nbsp;h</div></td></tr><tr><td class=""timetable-day"" rowspan=1><div><p style=""margin:0"">Dijous 2 d'abril</p></div></td><td class=""timetable-hour"" rowspan=1><div>de 09.00&nbsp;h a 14.00&nbsp;h</div></td></tr><tr><td class=""timetable-day"" rowspan=1><div><p style=""margin:0"">Dissabte </p><p style=""margin:0"">Tancat 4 d'abril</p></div></td><td class=""timetable-hour"" rowspan=1><div>de 09.00&nbsp;h a 15.00&nbsp;h</div></td></tr><tr><td class=""timetable-period"" rowspan=1><div><p style=""margin:0"">Estiu 2026</p><p style=""margin:0"">De l'1 agost al 31 agost</p></div></td><td class=""timetable-day"" rowspan=1><div>Tots els dies</div></td><td class=""timetable-hour"" rowspan=1><div>Tancat</div></td></tr></table>"
﻿92086033482,Casal de Gent Gran Montmany,,,1990-09-10T00:00:00+02:00,2026-09-01T10:23:30.375729+02:00,,,216600,C Montmany,45,,31,la Vila de Gràcia,06,Gràcia,08012,BARCELONA,True,,41788,100002,Informació d'interès,E-mail,casalmontmany@gmail.com,True,,429720.0436754306,4584064.370390842,41.4050523058095,2.1591792231310674,"<table class=""timetable-table""><tr class=""timetable-header""><th class=""period"">Període</th><th class=""weekdays"">Dies</th><th class=""hours"">Hores</th></tr><tr><td class=""timetable-period"" rowspan=1><div><p style=""margin:0"">De setembre a juliol</p></div></td><td class=""timetable-day"" rowspan=1><div>De dilluns a divendres</div></td><td class=""timetable-hour"" rowspan=1><div>de 09.30&nbsp;h a 13.00&nbsp;h i <br>de 16.00&nbsp;h a 19.30&nbsp;h</div></td></tr><tr><td class=""timetable-period"" rowspan=1><div><p style=""margin:0"">Agost</p></div></td><td class=""timetable-day"" rowspan=1><div><p style=""margin:0"">Tots els dies</p></div></td><td class=""timetable-hour"" rowspan=1><div><p style=""margin:0"">Tancat</p></div></td></tr></table>"
﻿92086031155,Biblioteca La Vila Olímpica - Xavier Benguerel,,,1990-07-18T00:00:00+02:00,2026-08-31T14:34:01.805446+02:00,,,044200,Avinguda del Bogatell,17,,67,la Vila Olímpica del Poblenou,10,Sant Martí,08005,Barcelona,True,,41867,100002,Informació d'interès,E-mail,b.barcelona.xb@diba.cat,True,,432929.1547852954,4582633.490999706,41.39243891008077,2.1977274463120198,"<table class=""timetable-table""><tr class=""timetable-header""><th class=""period"">Període</th><th class=""weekdays"">Dies</th><th class=""hours"">Hores</th></tr><tr><td class=""timetable-period current"" rowspan=5><div><p style=""margin:0"">Horari habitual</p><p style=""margin:0"">al llarg de l'any</p></div></td><td class=""timetable-day"" rowspan=1><div>Dilluns i Dimecres</div></td><td class=""timetable-hour"" rowspan=1><div>de 15.30&nbsp;h a 20.00&nbsp;h</div></td></tr><tr><td class=""timetable-day"" rowspan=1><div>Dimarts excepte 23 juny</div></td><td class=""timetable-hour"" rowspan=1><div>de 09.30&nbsp;h a 20.00&nbsp;h</div></td></tr><tr><td class=""timetable-day"" rowspan=1><div><p style=""margin:0"">Dimarts 23 de juny</p></div></td><td class=""timetable-hour"" rowspan=1><div>de 09.30&nbsp;h a 13.30&nbsp;h</div></td></tr><tr><td class=""timetable-day"" rowspan=1><div>Dijous i divendres</div></td><td class=""timetable-hour"" rowspan=1><div>de 09.30&nbsp;h a 13.30&nbsp;h i <br>de 15.30&nbsp;h a 20.00&nbsp;h</div></td></tr><tr><td class=""timetable-day"" rowspan=1><div>Dissabte</div></td><td class=""timetable-hour"" rowspan=1><div>de 10.00&nbsp;h a 14.00&nbsp;h</div></td></tr><tr><td class=""timetable-period"" rowspan=3><div><p style=""margin:0"">Estiu 2026</p><p style=""margin:0"">Del 24 juny al 31 juliol</p></div></td><td class=""timetable-day"" rowspan=1><div>Dilluns i Dimecres</div></td><td class=""timetable-hour"" rowspan=1><div>de 15.30&nbsp;h a 20.00&nbsp;h</div></td></tr><tr><td class=""timetable-day"" rowspan=1><div>Dimarts</div></td><td class=""timetable-hour"" rowspan=1><div>de 09.30&nbsp;h a 20.00&nbsp;h</div></td></tr><tr><td class=""timetable-day"" rowspan=1><div>Dijous i divendres</div></td><td class=""timetable-hour"" rowspan=1><div>de 09.30&nbsp;h a 13.30&nbsp;h i <br>de 15.30&nbsp;h a 20.00&nbsp;h</div></td></tr><tr><td class=""timetable-period"" rowspan=1><div>De l'1 agost al 31 agost</div></td><td class=""timetable-day"" rowspan=1><div><p style=""margin:0"">Tots els dies</p></div></td><td class=""timetable-hour"" rowspan=1><div><p style=""margin:0"">Tancada</p></div></td></tr><tr><td class=""timetable-period"" rowspan=3><div>De l'1 setembre al 24 setembre</div></td><td class=""timetable-day"" rowspan=1><div>Dilluns i Dimecres</div></td><td class=""timetable-hour"" rowspan=1><div>de 15.30&nbsp;h a 20.00&nbsp;h</div></td></tr><tr><td class=""timetable-day"" rowspan=1><div>Dimarts</div></td><td class=""timetable-hour"" rowspan=1><div>de 09.30&nbsp;h a 20.00&nbsp;h</div></td></tr><tr><td class=""timetable-day"" rowspan=1><div>Dijous i divendres</div></td><td class=""timetable-hour"" rowspan=1><div>de 09.30&nbsp;h a 13.30&nbsp;h i <br>de 15.30&nbsp;h a 20.00&nbsp;h</div></td></tr></table>"
﻿92086031187,Piscina Coberta,92168175469,Centre Esportiu Municipal Perill,1989-10-26T00:00:00+01:00,2026-07-27T12:57:22.777262+02:00,,,251102,Carrer del Perill,16,22,31,la Vila de Gràcia,06,Gràcia,08012,Barcelona,True,,167534,20001,Telèfons,Tel.,932081750,True,,429907.677,4583435.858,41.399407901769216,2.1614965888302153,"<table class=""timetable-table""><tr class=""timetable-header""><th class=""weekdays"">Dies</th><th class=""hours"">Hores</th></tr><tr><td class=""timetable-day"" rowspan=1><div>De dilluns a divendres</div></td><td class=""timetable-hour"" rowspan=1><div>de 07:00 h a 23:00 h</div></td></tr><tr><td class=""timetable-day"" rowspan=1><div>Dissabte</div></td><td class=""timetable-hour"" rowspan=1><div>de 08:00 h a 21:00 h</div></td></tr><tr><td class=""timetable-day"" rowspan=1><div>Diumenge i  festius</div></td><td class=""timetable-hour"" rowspan=1><div>de 08:00 h a 15:00 h</div></td></tr></table>"
﻿99400781055,Botiga Moda Collell,,,2026-05-11T13:18:20.751607+02:00,2026-09-01T10:29:30.093945+02:00,,,329505,Carrer del Tajo,69,69,43,Horta,07,Horta-Guinardó,08032,Barcelona,True,,732652,100097,Variables,Text per a la web de Refugis Climàtics - detalls,"<p>Els microrefugis climàtics estan pensats per passar-hi una estona curta. Són espais d'entitats privades o comerços. Per això, els seus horaris poden fluctuar i no coincidir amb els indicats aquí. Més informació: https://barcelona.cat/refugisclimatics#i-com-es-un-microrefugi-climatic</p>",False,,429841.308,4586784.186,41.42955923053625,2.1603144029963812,"<table class=""timetable-table""><tr class=""timetable-header""><th class=""period"">Període</th><th class=""weekdays"">Dies</th><th class=""hours"">Hores</th></tr><tr><td class=""timetable-period current"" rowspan=2><div><p style=""margin:0"">De setembre a juliol</p></div></td><td class=""timetable-day"" rowspan=1><div>De dilluns a divendres</div></td><td class=""timetable-hour"" rowspan=1><div>de 10.00&nbsp;h a 14.00&nbsp;h i <br>de 17.00&nbsp;h a 20.00&nbsp;h</div></td></tr><tr><td class=""timetable-day"" rowspan=1><div>Dissabte</div></td><td class=""timetable-hour"" rowspan=1><div>de 10.00&nbsp;h a 14.00&nbsp;h</div></td></tr><tr><td class=""timetable-period"" rowspan=1><div><p style=""margin:0"">Agost</p></div></td><td class=""timetable-day"" rowspan=1><div><p style=""margin:0"">Tots els dies</p></div></td><td class=""timetable-hour"" rowspan=1><div><p style=""margin:0"">Tancat</p></div></td></tr></table>"
﻿99400787914,Botiga La Crema Concept Store,,,2026-09-22T10:05:11.873435+02:00,2026-09-22T10:14:02.217499+02:00,,,198407,Carrer del Marquès de Campo Sagrado,13,15,10,Sant Antoni,02,Eixample,08015,Barcelona,True,,756689,20001,Telèfons,Tel.,639062633,False,,430088.234,4580828.886,41.37594348606312,2.163957202190213,"<table class=""timetable-table""><tr class=""timetable-header""><th class=""weekdays"">Dies</th><th class=""hours"">Hores</th></tr><tr><td class=""timetable-day"" rowspan=1><div>Dimecres i dijous</div></td><td class=""timetable-hour"" rowspan=1><div>de 12.00&nbsp;h a 14.00&nbsp;h i <br>de 16.00&nbsp;h a 20.00&nbsp;h</div></td></tr><tr><td class=""timetable-day"" rowspan=1><div>Divendres</div></td><td class=""timetable-hour"" rowspan=1><div>de 12.00&nbsp;h a 20.00&nbsp;h</div></td></tr><tr><td class=""timetable-day"" rowspan=1><div>Dissabte</div></td><td class=""timetable-hour"" rowspan=1><div>d'11.00&nbsp;h a 20.00&nbsp;h</div></td></tr><tr><td class=""timetable-day"" rowspan=1><div>Diumenge</div></td><td class=""timetable-hour"" rowspan=1><div>d'11.00&nbsp;h a 14.30&nbsp;h</div></td></tr></table>"
﻿99400787917,Botiga Petit Gegant,,,2026-09-22T10:22:31.605566+02:00,2026-09-22T10:26:07.515680+02:00,,,246000,Carrer del Parlament,6,6,10,Sant Antoni,02,Eixample,08015,Barcelona,True,,756701,100002,Informació d'interès,E-mail,petitgegant@gmail.com,False,,429878.962,4580781.277,41.375496478916695,2.1614603783802093,"<table class=""timetable-table""><tr class=""timetable-header""><th class=""weekdays"">Dies</th><th class=""hours"">Hores</th></tr><tr><td class=""timetable-day"" rowspan=1><div>De dilluns a divendres</div></td><td class=""timetable-hour"" rowspan=1><div>de 10.00&nbsp;h a 14.00&nbsp;h i <br>de 16.30&nbsp;h a 20.00&nbsp;h</div></td></tr><tr><td class=""timetable-day"" rowspan=1><div>Dissabte</div></td><td class=""timetable-hour"" rowspan=1><div>de 10.00&nbsp;h a 14.00&nbsp;h i <br>de 17.00&nbsp;h a 20.00&nbsp;h</div></td></tr></table>"
﻿92086008698,Biblioteca Fernando Arranz,92086008695,Facultat de Nàutica - UPC,1986-05-16T00:00:00+02:00,2026-09-01T09:08:25.280129+02:00,,,240707,Pla de Palau,18,18,03,la Barceloneta,01,Ciutat Vella,08003,Barcelona,True,,40081,100002,Informació d'interès,E-mail,biblioteca.fnb@upc.es,True,,431812.866,4581521.937,41.38233359131663,2.184501281654909,"<table class=""timetable-table""><tr class=""timetable-header""><th class=""period"">Període</th><th class=""weekdays"">Dies</th><th class=""hours"">Hores</th></tr><tr><td class=""timetable-period current"" rowspan=2><div><p style=""margin:0"">Horari al llarg del curs</p></div></td><td class=""timetable-day"" rowspan=1><div>De dilluns a dijous</div></td><td class=""timetable-hour"" rowspan=1><div>de 09:00 h a 19:30 h</div></td></tr><tr><td class=""timetable-day"" rowspan=1><div>Divendres</div></td><td class=""timetable-hour"" rowspan=1><div>de 09.00&nbsp;h a 17.00&nbsp;h</div></td></tr><tr><td class=""timetable-period"" rowspan=1><div>De l'1 juliol al 31 juliol</div></td><td class=""timetable-day"" rowspan=1><div>De dilluns a divendres</div></td><td class=""timetable-hour"" rowspan=1><div>de 09.00&nbsp;h a 14.00&nbsp;h</div></td></tr><tr><td class=""timetable-period"" rowspan=1><div>De l'1 agost al 31 agost</div></td><td class=""timetable-day"" rowspan=1><div><p style=""margin:0"">Tots els dies</p></div></td><td class=""timetable-hour"" rowspan=1><div><p style=""margin:0"">Tancada</p></div></td></tr><tr><td class=""timetable-period"" rowspan=1><div>De l'1 setembre al 13 setembre</div></td><td class=""timetable-day"" rowspan=1><div>De dilluns a divendres</div></td><td class=""timetable-hour"" rowspan=1><div>de 09.00&nbsp;h a 14.00&nbsp;h</div></td></tr></table>"
﻿92086020872,Parc de la Creueta del Coll,,,1987-05-05T00:00:00+02:00,2026-07-29T08:51:44.218153+02:00,,,230000,Pg Mare de Déu del Coll,77,,29,el Coll,06,Gràcia,08023,BARCELONA,True,,74578,100003,Informació d'interès,Web,https://link.bcn.cat/cPdlCdC,True,,428655.06968450494,4585652.736681833,41.419264262411424,2.1462520569914068,"<table class=""timetable-table""><tr class=""timetable-header""><th class=""period"">Període</th><th class=""weekdays"">Dies</th><th class=""hours"">Hores</th><th class=""description"">Observacions</th></tr><tr><td class=""timetable-period"" rowspan=1><div><p style=""margin:0"">Horari d’hivern: </p><p style=""margin:0"">de l'1 de novembre al 31 de març</p></div></td><td class=""timetable-day"" rowspan=2><div>Cada dia</div></td><td class=""timetable-hour"" rowspan=1><div>de 08.00&nbsp;h a 19.00&nbsp;h</div></td><td class=""timetable-description"" rowspan=2><div>Hora de tancament<br>aproximada,en funció de<br> l'horari solar (tanquen<br> quan es fa fosc, al<br> capvespre)</div></td></tr><tr><td class=""timetable-period"" rowspan=1><div><p style=""margin:0"">Horari d’estiu: </p><p style=""margin:0"">de l'1 d'abril al 31 d'octubre</p></div></td><td class=""timetable-hour"" rowspan=1><div>de 08.00&nbsp;h a 21.00&nbsp;h</div></td></tr></table>"
﻿99400194129,Interior d'Illa Jardins de Maria Matilde Almendros,,,2007-10-30T12:54:28+01:00,2026-08-25T15:02:02.867462+02:00,,,054509,Carrer de Calàbria,90,92,10,Sant Antoni,02,Eixample,08015,Barcelona,True,,668017,100097,Variables,Text per a la web de Refugis Climàtics - detalls,<p>Durant episodis d'altes temperatures els espais exteriors poden no oferir el confort tèrmic necessari</p>,False,,429431.84906843,4581185.33468025,41.37909660891617,2.1560671072867783,"<table class=""timetable-table""><tr class=""timetable-header""><th class=""period"">Període</th><th class=""weekdays"">Dies</th><th class=""hours"">Hores</th><th class=""description"">Observacions</th></tr><tr><td class=""timetable-period"" rowspan=1><div>de l'1 de novembre<br>al 31 de març</div></td><td class=""timetable-day"" rowspan=1><div>Tots els dies</div></td><td class=""timetable-hour"" rowspan=1><div>de 10:00 h a 19:00 h</div></td><td class=""timetable-description"" rowspan=2><div>Hora de tancament<br>aproximada,en funció de<br> l'horari solar (tanquen<br> quan es fa fosc, al capvespre)</div></td></tr><tr><td class=""timetable-period current"" rowspan=1><div>de l'1 d'abril<br>al 31 d'octubre</div></td><td class=""timetable-day"" rowspan=1><div>Tots els dies</div></td><td class=""timetable-hour"" rowspan=1><div>de 10:00 h a 21:00 h</div></td></tr></table>"
﻿99400260339,Jardins Constança d'Aragó,,,2010-11-29T14:37:19+01:00,2026-08-25T15:00:59.880503+02:00,,,286504,Carrer de Roger de Flor,194,,07,la Dreta de l'Eixample,02,Eixample,08013,Barcelona,True,,223599,20001,Telèfons,Tel.,010,True,,430847.43386595347,4583370.142394142,41.39889739448143,2.172745125885269,"<table class=""timetable-table""><tr class=""timetable-header""><th class=""period"">Període</th><th class=""weekdays"">Dies</th><th class=""hours"">Hores</th><th class=""description"">Observacions</th></tr><tr><td class=""timetable-period"" rowspan=1><div><p style=""margin:0"">Horari d’hivern:</p><p style=""margin:0"">de l'1 de novembre al 31 de març</p></div></td><td class=""timetable-day"" rowspan=2><div>Cada dia</div></td><td class=""timetable-hour"" rowspan=1><div>de 09.30&nbsp;h a 19.00&nbsp;h</div></td><td class=""timetable-description"" rowspan=2><div>Hora de tancament<br>aproximada,en funció de<br> l'horari solar (tanquen<br> quan es fa fosc, al capvespre)</div></td></tr><tr><td class=""timetable-period current"" rowspan=1><div><p style=""margin:0"">Horari d’estiu:</p><p style=""margin:0"">de l'1 d'abril al 31 d'octubre</p></div></td><td class=""timetable-hour"" rowspan=1><div>de 09.30&nbsp;h a 21.00&nbsp;h</div></td></tr></table>"
﻿99400367586,Museu Etnològic i de Cultures del Món *c.  Montcada,,,2015-01-13T15:11:53+01:00,2026-09-16T14:29:03.573002+02:00,,,217501,Carrer de Montcada,12,,04,"Sant Pere, Santa Caterina i la Ribera",01,Ciutat Vella,08003,Barcelona,True,,56649,100002,Informació d'interès,E-mail,reservesmeb@bcn.cat,True,,431517.09467293386,4581827.984576506,41.38506495287382,2.18092969589886,"<table class=""timetable-table""><tr class=""timetable-header""><th class=""period"">Període</th><th class=""weekdays"">Dies</th><th class=""hours"">Hores</th><th class=""prices"">Preus</th><th class=""description"">Observacions</th></tr><tr><td class=""timetable-period"" rowspan=2><div>De l'1 octubre al 30 abril</div></td><td class=""timetable-day"" rowspan=1><div><p style=""margin:0"">De dimarts a dissabte</p></div></td><td class=""timetable-hour"" rowspan=1><div>de 10:00 h a 19:00 h</div></td><td class=""timetable-price"" rowspan=3><div>Entrada general: 5.2 € <p style=""margin:0""><br></p><p style=""margin:0""><strong>Reduïda</strong> (caldrà acreditar la condició): 3.70 €</p><p style=""margin:0"">- Persones de 16 a 29 anys</p><p style=""margin:0"">- Persones de 65 anys o més</p><p style=""margin:0"">- Titulars targeta rosa reduïda</p><p style=""margin:0"">- Persones a l'atur</p><p style=""margin:0"">- Titulars del carnet de familia nombrosa o monoparental</p><p style=""margin:0"">- Titulars del carnet de Biblioteques de Barcelona</p><p style=""margin:0"">- Famílies màxim 2 adults, sempre que un sigui tutor legal</p><p style=""margin:0""><br></p><p style=""margin:0""><strong>Gratuïta</strong> (caldrà acreditar la condició):</p><p style=""margin:0"">- El 1r diumenge de cada mes de 10 a 20 h</p><p style=""margin:0"">- Tots els diumenges de 15 a 20 h</p><p style=""margin:0"">- Menors de 16 anys</p><p style=""margin:0"">- Registrats al programa Gaudir+BCN</p><p style=""margin:0"">- Titulars targeta rosa gratuïta</p><p style=""margin:0"">- Titulars passi metropolità d'acompanyant d'un discapacitat</p><p style=""margin:0"">- Carnet de l'ICOM</p><p style=""margin:0"">- Membres acreditats Ass. Museòlegs Catalunya</p><p style=""margin:0"">- Professors ensenyament reglat</p><p style=""margin:0"">acreditats</p><p style=""margin:0"">- Professors ensenyament reglat</p><p style=""margin:0"">quan aconpanyin grups d'estudiants</p><p style=""margin:0"">- Els guies turístics en lexercici de la seva feina</p><p style=""margin:0"">- Els periodistes acreditats</p><p style=""margin:0"">- Titulars targeta BCN Card</p><p style=""margin:0"">- 12 de febrer (Santa Eulàlia)</p><p style=""margin:0"">- 18 de maig(Dia Internacional dels Museus)</p><p style=""margin:0"">- 24 de setembre (Mare de Déu de la Mercè)</p><p style=""margin:0""><br></p><p style=""margin:0""><strong>Exposició temporal Seu Montcada</strong>:&nbsp;3,00 €&nbsp;(general),&nbsp;2,10 €&nbsp;(reduïda)</p><p style=""margin:0""><br></p></div></td><td class=""timetable-description"" rowspan=4><div><p style=""margin:0""><br></p><p style=""margin:0""><br></p><p style=""margin:0""><br></p><p style=""margin:0""><br></p><p style=""margin:0""><br></p><p style=""margin:0""><br></p><p style=""margin:0"">L'espai habilitat com a refugi climàtic és d'accés gratuït</p></div></td></tr><tr><td class=""timetable-day"" rowspan=1><div><p style=""margin:0"">Diumenge i festius </p><p style=""margin:0"">Tancat  25 desembre, 26 desembre, 1 gener i 6 gener</p></div></td><td class=""timetable-hour"" rowspan=2><div>de 10:00 h a 20:00 h</div></td></tr><tr><td class=""timetable-period current"" rowspan=2><div>De l'1 maig al 30 setembre</div></td><td class=""timetable-day"" rowspan=1><div><p style=""margin:0"">De dimarts a diumenge i festius</p><p style=""margin:0"">Tancat 1 de maig i 24 de juny </p></div></td></tr><tr><td class=""timetable-day"" rowspan=1><div><p style=""margin:0"">La Nit dels Museus 2026:</p><p style=""margin:0"">16 de maig</p></div></td><td class=""timetable-hour"" rowspan=1><div>de 19.00&nbsp;h a 01.00&nbsp;h</div></td><td class=""timetable-price"" rowspan=1><div>Entrada Gratuïta</div></td></tr></table>"
﻿99400270325,Biblioteca L'Esquerra de l'Eixample - Agustí Centelles,,,2011-05-09T00:00:00+02:00,2026-07-16T14:56:36.970580+02:00,,,349706,Carrer del Comte d'Urgell,145,,09,la Nova Esquerra de l'Eixample,02,Eixample,08036,Barcelona,True,,55045,100002,Informació d'interès,E-mail,b.barcelona.ac@diba.cat,True,,429104.39007967105,4582054.417869556,41.38689535147527,2.152049712385728,"<table class=""timetable-table""><tr class=""timetable-header""><th class=""period"">Període</th><th class=""weekdays"">Dies</th><th class=""hours"">Hores</th></tr><tr><td class=""timetable-period current"" rowspan=4><div><p style=""margin:0"">Horari habitual</p><p style=""margin:0"">al llarg de l'any</p></div></td><td class=""timetable-day"" rowspan=1><div><p style=""margin:0"">De dilluns a dijous</p><p style=""margin:0"">excepte dimarts 23 de juny</p></div></td><td class=""timetable-hour"" rowspan=1><div>de 09.30&nbsp;h a 13.30&nbsp;h i <br>de 15.30&nbsp;h a 20.30&nbsp;h</div></td></tr><tr><td class=""timetable-day"" rowspan=1><div><p style=""margin:0"">Dimarts 23 de juny</p></div></td><td class=""timetable-hour"" rowspan=1><div>de 09.30&nbsp;h a 13.30&nbsp;h</div></td></tr><tr><td class=""timetable-day"" rowspan=1><div>Divendres</div></td><td class=""timetable-hour"" rowspan=1><div>de 09:30 h a 20:30 h</div></td></tr><tr><td class=""timetable-day"" rowspan=1><div>Dissabte</div></td><td class=""timetable-hour"" rowspan=1><div>de 10.00&nbsp;h a 14.00&nbsp;h i <br>de 16.00&nbsp;h a 20.00&nbsp;h</div></td></tr><tr><td class=""timetable-period"" rowspan=3><div><p style=""margin:0"">Estiu 2026</p><p style=""margin:0"">Del 24 juny al 24 setembre</p></div></td><td class=""timetable-day"" rowspan=1><div><p style=""margin:0"">De dilluns a dijous</p></div></td><td class=""timetable-hour"" rowspan=1><div>de 09.30&nbsp;h a 13.30&nbsp;h i <br>de 15.30&nbsp;h a 20.30&nbsp;h</div></td></tr><tr><td class=""timetable-day"" rowspan=1><div>Divendres</div></td><td class=""timetable-hour"" rowspan=1><div>de 09:30 h a 20:30 h</div></td></tr><tr><td class=""timetable-day"" rowspan=1><div>Dissabte</div></td><td class=""timetable-hour"" rowspan=1><div>de 10.00&nbsp;h a 14.00&nbsp;h</div></td></tr></table>"
﻿99400270882,Centre Esportiu Municipal Cotxeres,,,2011-05-18T14:46:03+02:00,2026-06-16T12:46:09.209534+02:00,,,701719,Plaça de Carmen Laforet,7,7,44,Vilapicina i la Torre Llobeta,08,Nou Barris,08016,Barcelona,True,,55148,100002,Informació d'interès,E-mail,cotxeres@duinclub.com,True,,431207.217,4586446.784,41.42663852034721,2.17669887218884,"<table class=""timetable-table""><tr class=""timetable-header""><th class=""weekdays"">Dies</th><th class=""hours"">Hores</th></tr><tr><td class=""timetable-day"" rowspan=1><div>De dilluns a divendres</div></td><td class=""timetable-hour"" rowspan=1><div>de 07.00&nbsp;h a 23.00&nbsp;h</div></td></tr><tr><td class=""timetable-day"" rowspan=1><div>Dissabte</div></td><td class=""timetable-hour"" rowspan=1><div>de 09.00&nbsp;h a 20.00&nbsp;h</div></td></tr><tr><td class=""timetable-day"" rowspan=1><div>Diumenge i  festius</div></td><td class=""timetable-hour"" rowspan=1><div>de 09.00&nbsp;h a 14.00&nbsp;h</div></td></tr></table>"
﻿99400184041,Jardins de Carme Biada,,,2007-05-24T13:24:55+02:00,2026-08-25T15:00:15.859236+02:00,,,176801,Carrer de Roger de Llúria,132,,07,la Dreta de l'Eixample,02,Eixample,08037,Barcelona,True,,218463,20001,Telèfons,Tel.,010,True,,429974.6253600556,4583306.08583936,41.39824492278454,2.162312408547999,"<table class=""timetable-table""><tr class=""timetable-header""><th class=""period"">Període</th><th class=""weekdays"">Dies</th><th class=""hours"">Hores</th><th class=""description"">Observacions</th></tr><tr><td class=""timetable-period"" rowspan=1><div><p style=""margin:0"">Horari d’hivern: </p><p style=""margin:0"">de l'1 de novembre al 31 de març</p></div></td><td class=""timetable-day"" rowspan=2><div>Cada dia</div></td><td class=""timetable-hour"" rowspan=1><div>de 08.30&nbsp;h a 19.00&nbsp;h</div></td><td class=""timetable-description"" rowspan=2><div>Hora de tancament<br>aproximada,en funció de<br> l'horari solar (tanquen<br> quan es fa fosc, al capvespre)</div></td></tr><tr><td class=""timetable-period current"" rowspan=1><div><p style=""margin:0"">Horari d’estiu: </p><p style=""margin:0"">de l'1 d'abril al 31 d'octubre</p></div></td><td class=""timetable-hour"" rowspan=1><div>de 08.30&nbsp;h a 21.00&nbsp;h</div></td></tr></table>"
﻿136112242,Centre Cívic Pere Pruna,,,2000-05-15T00:00:00+02:00,2026-09-01T08:44:37.809202+02:00,,,139805,Carrer de Ganduxer,130,,25,Sant Gervasi - la Bonanova,05,Sarrià-Sant Gervasi,08022,Barcelona,True,,33348,100002,Informació d'interès,E-mail,ccperepruna@ccperepruna.cat,True,,427389.37735589105,4583882.710670082,41.40320904460328,2.13132023534547,"<table class=""timetable-table""><tr class=""timetable-header""><th class=""period"">Període</th><th class=""weekdays"">Dies</th><th class=""hours"">Hores</th></tr><tr><td class=""timetable-period current"" rowspan=2><div>De l'1 setembre al 31 juliol</div></td><td class=""timetable-day"" rowspan=1><div>De dilluns a divendres</div></td><td class=""timetable-hour"" rowspan=1><div>de 09:30 h a 14:00 h i<BR>de 16:00 h a 21:00 h</div></td></tr><tr><td class=""timetable-day"" rowspan=1><div>Dissabte</div></td><td class=""timetable-hour"" rowspan=1><div>de 09.30&nbsp;h a 14.00&nbsp;h</div></td></tr><tr><td class=""timetable-period"" rowspan=1><div><p style=""margin:0"">Estiu 2026</p><p style=""margin:0"">De l'1 agost al 31 agost</p></div></td><td class=""timetable-day"" rowspan=1><div>Tots els dies</div></td><td class=""timetable-hour"" rowspan=1><div>Tancat</div></td></tr></table>"
﻿99400276356,Piscines Cobertes,99400270882,Centre Esportiu Municipal Cotxeres,2011-08-26T00:00:00+02:00,2026-07-27T12:27:56.915047+02:00,,,274505,Carrer de Ramon Albó,41,57,44,Vilapicina i la Torre Llobeta,08,Nou Barris,08016,Barcelona,True,,91762,100003,Informació d'interès,Web,https://www.duinclub.com/club/gimnasio-duin-cotxeres-borbo/,True,,431239.384,4586395.557,41.42617989131543,2.17708962955002,"<table class=""timetable-table""><tr class=""timetable-header""><th class=""weekdays"">Dies</th><th class=""hours"">Hores</th></tr><tr><td class=""timetable-day"" rowspan=1><div>De dilluns a divendres</div></td><td class=""timetable-hour"" rowspan=1><div>de 07.00&nbsp;h a 23.00&nbsp;h</div></td></tr><tr><td class=""timetable-day"" rowspan=1><div>Dissabte</div></td><td class=""timetable-hour"" rowspan=1><div>de 08.00&nbsp;h a 20.00&nbsp;h</div></td></tr><tr><td class=""timetable-day"" rowspan=1><div>Diumenge i  festius</div></td><td class=""timetable-hour"" rowspan=1><div>de 09.00&nbsp;h a 14.00&nbsp;h</div></td></tr></table>"
﻿99400036180,Jardins de Joan Brossa,,,2003-03-21T11:14:53+01:00,2026-02-20T08:04:37.024024+01:00,,,097705,Plaça de Dante,9999,9999,11,el Poble-sec,03,Sants-Montjuïc,08038,Barcelona,True,,81684,100003,Informació d'interès,Web,https://link.bcn.cat/cEjdJB,True,,430168.733,4580020.648,41.36867092135471,2.1650128504069532,"<table class=""timetable-table""><tr class=""timetable-header""><th class=""period"">Període</th><th class=""weekdays"">Dies</th><th class=""hours"">Hores</th><th class=""description"">Observacions</th></tr><tr><td class=""timetable-period"" rowspan=1><div><p style=""margin:0"">Horari d'hivern</p><p style=""margin:0"">de l'1 de novembre al 31 de març</p></div></td><td class=""timetable-day"" rowspan=2><div>Cada dia</div></td><td class=""timetable-hour"" rowspan=1><div>de 08.00&nbsp;h a 19.00&nbsp;h</div></td><td class=""timetable-description"" rowspan=2><div>Hora de tancament<br>aproximada,en funció de<br> l'horari solar (tanquen<br> quan es fa fosc, al capvespre)</div></td></tr><tr><td class=""timetable-period"" rowspan=1><div><p style=""margin:0"">Horari d'estiu</p><p style=""margin:0"">de l'1 d'abril al 31 d'octubre</p></div></td><td class=""timetable-hour"" rowspan=1><div>de 08.00&nbsp;h a 21.00&nbsp;h</div></td></tr></table>"
﻿335195642,Jardins Interior d'Illa d'Emma de Barcelona,,,2000-11-30T00:00:00+01:00,2026-08-25T15:01:20.825081+02:00,,,087009,Carrer del Comte Borrell,157,,09,la Nova Esquerra de l'Eixample,02,Eixample,08015,Barcelona,True,,131190,20001,Telèfons,Tel.,010,True,,429390.327400016,4581578.87757009,41.38263747374257,2.15552474177204,"<table class=""timetable-table""><tr class=""timetable-header""><th class=""period"">Període</th><th class=""weekdays"">Dies</th><th class=""hours"">Hores</th><th class=""description"">Observacions</th></tr><tr><td class=""timetable-period"" rowspan=1><div>de l'1 de novembre<br>al 31 de març</div></td><td class=""timetable-day"" rowspan=1><div>Tots els dies</div></td><td class=""timetable-hour"" rowspan=1><div>de 10:00 h a 19:00 h</div></td><td class=""timetable-description"" rowspan=2><div>Hora de tancament<br>aproximada,en funció de<br> l'horari solar (tanquen<br> quan es fa fosc, al capvespre)</div></td></tr><tr><td class=""timetable-period current"" rowspan=1><div>de l'1 d'abril<br>al 31 d'octubre</div></td><td class=""timetable-day"" rowspan=1><div>Tots els dies</div></td><td class=""timetable-hour"" rowspan=1><div>de 10:00 h a 21:00 h</div></td></tr></table>"
﻿99400407793,Ateneu d'Innovació Digital i Democràtica - Canòdrom,,,2015-12-03T12:45:43+01:00,2026-09-01T10:39:05.908199+02:00,,,086108,Carrer de Concepción Arenal,165,,62,el Congrés i els Indians,09,Sant Andreu,08027,Barcelona,True,,57887,100002,Informació d'interès,E-mail,hola@canodrom.barcelona,True,,431827.9767018669,4586512.868953155,41.42728664518391,2.1841198480555195,"<table class=""timetable-table""><tr class=""timetable-header""><th class=""period"">Període</th><th class=""weekdays"">Dies</th><th class=""hours"">Hores</th></tr><tr><td class=""timetable-period"" rowspan=1><div><p style=""margin:0"">De setembre a juliol</p></div></td><td class=""timetable-day"" rowspan=1><div>De dilluns a divendres</div></td><td class=""timetable-hour"" rowspan=1><div>de 09.00&nbsp;h a 19.00&nbsp;h</div></td></tr><tr><td class=""timetable-period"" rowspan=1><div><p style=""margin:0"">Agost</p></div></td><td class=""timetable-day"" rowspan=1><div><p style=""margin:0"">Tots els dies</p></div></td><td class=""timetable-hour"" rowspan=1><div><p style=""margin:0"">Tancat</p></div></td></tr></table>"
﻿99400090058,Museu de Ciències Naturals de Barcelona,,,2004-06-10T12:18:43+02:00,2026-09-16T14:27:33.674479+02:00,,,701610,Plaça de Leonardo da Vinci,4,,70,el Besòs i el Maresme,10,Sant Martí,08019,Barcelona,True,,49680,100002,Informació d'interès,E-mail,museuciencies@bcn.cat,True,,434851.28671265487,4584655.793650954,41.410811330820316,2.220499449653222,"<table class=""timetable-table""><tr class=""timetable-header""><th class=""period"">Període</th><th class=""weekdays"">Dies</th><th class=""hours"">Hores</th><th class=""prices"">Preus</th><th class=""description"">Observacions</th></tr><tr><td class=""timetable-period"" rowspan=3><div>De l'1 octubre al 28 febrer</div></td><td class=""timetable-day"" rowspan=1><div>Dimarts, dimecres, dijous i divendres</div></td><td class=""timetable-hour"" rowspan=1><div>de 10.00&nbsp;h a 17.00&nbsp;h</div></td><td class=""timetable-price"" rowspan=5><div>Entrada general de: 6 a 10.5 € <p style=""margin:0""><br></p><p style=""margin:0""><strong>Entrades:</strong></p><p style=""margin:0"">Museu de Ciències Naturals: 6 €</p><p style=""margin:0"">Exposició temporal: 6.50 €</p><p style=""margin:0"">Combinada Museu de Ciències Naturals + Jardí Botànic: 7 €</p><p style=""margin:0"">Combinada exposició permanent ""Planeta Vida"" + exposició temporal: 10.50 €</p><p style=""margin:0""><br></p><p style=""margin:0""><strong>Reduïda:</strong> 2.70 €</p><p style=""margin:0"">- persones entre 16 i 29 anys</p><p style=""margin:0"">- persones de + 65 anys</p><p style=""margin:0"">- Aturats</p><p style=""margin:0"">- Targeta rosa reduïda</p><p style=""margin:0"">- Families (max 2 adults)</p><p style=""margin:0"">- Families nombroses i monoparentals</p><p style=""margin:0"">- Carnet de Biblioteques de Barcelona</p><p style=""margin:0"">- Grups + 10 persones</p><p style=""margin:0""><strong>Conjunta general:</strong> 7 €</p><p style=""margin:0""><strong>Conjunta reduïda:</strong> 3.5 €</p><p style=""margin:0""><br></p><p style=""margin:0""><strong>Entrada gratuïta:</strong></p><p style=""margin:0"">- Menors 16 anys</p><p style=""margin:0"">- Targeta Rosa gratuïta</p><p style=""margin:0"">- 1r diumenge de mes</p><p style=""margin:0"">- Diumenges a partir de les 15 h</p><p style=""margin:0"">- Registrats al programa Gaudir+BCN</p><p style=""margin:0"">- 12 de febrer (Santa Eulàlia)</p><p style=""margin:0"">- 18 de maig (Dia Internacional dels Museus)</p><p style=""margin:0"">- 24 de setembre (La Mercè)</p></div></td><td class=""timetable-description"" rowspan=6><div><p style=""margin:0""><br></p><p style=""margin:0""><br></p><p style=""margin:0""><br></p><p style=""margin:0""><br></p><p style=""margin:0""><br></p><p style=""margin:0""><br></p><p style=""margin:0"">L'espai habilitat com a refugi climàtic és d'accés gratuït</p></div></td></tr><tr><td class=""timetable-day"" rowspan=1><div>Dissabte</div></td><td class=""timetable-hour"" rowspan=1><div>de 10:00 h a 19:00 h</div></td></tr><tr><td class=""timetable-day"" rowspan=1><div><p style=""margin:0"">Diumenge i festius</p><p style=""margin:0"">Tancat 25 de desembre i 1 de gener </p></div></td><td class=""timetable-hour"" rowspan=1><div>de 10:00 h a 20:00 h</div></td></tr><tr><td class=""timetable-period current"" rowspan=3><div>de l'1 de març<br>al 30 de setembre</div></td><td class=""timetable-day"" rowspan=1><div>De dimarts a dissabtes</div></td><td class=""timetable-hour"" rowspan=1><div>de 10:00 h a 19:00 h</div></td></tr><tr><td class=""timetable-day"" rowspan=1><div><p style=""margin:0"">Diumenge i festius </p><p style=""margin:0"">Tancat 1 de maig i 24 de juny</p></div></td><td class=""timetable-hour"" rowspan=1><div>de 10:00 h a 20:00 h</div></td></tr><tr><td class=""timetable-day"" rowspan=1><div><p style=""margin:0"">La Nit dels Museus 2026:</p><p style=""margin:0"">16 de maig</p></div></td><td class=""timetable-hour"" rowspan=1><div>de 19.00&nbsp;h a 01.00&nbsp;h</div></td><td class=""timetable-price"" rowspan=1><div>Entrada Gratuïta</div></td></tr></table>"
﻿99133121652,Piscina Coberta,92086037813,Centre Esportiu Municipal Estació del Nord,1999-05-13T00:00:00+02:00,2026-07-27T12:29:15.143578+02:00,,,225500,Carrer de Nàpols,42,42,05,el Fort Pienc,02,Eixample,08018,Barcelona,True,,80857,100003,Informació d'interès,Web,https://eurofitness.com/centres/eurofitness-estacio-del-nord-cem-estacio-del-nord/,True,,431649.426,4582712.026,41.39303851153649,2.1824125001011443,"<table class=""timetable-table""><tr class=""timetable-header""><th class=""weekdays"">Dies</th><th class=""hours"">Hores</th></tr><tr><td class=""timetable-day"" rowspan=1><div>De dilluns a divendres</div></td><td class=""timetable-hour"" rowspan=1><div>de 07:00 h a 22:45 h</div></td></tr><tr><td class=""timetable-day"" rowspan=1><div>Dissabte</div></td><td class=""timetable-hour"" rowspan=1><div>de 08:00 h a 19:45 h</div></td></tr><tr><td class=""timetable-day"" rowspan=1><div>Diumenge i  festius</div></td><td class=""timetable-hour"" rowspan=1><div>de 09:00 h a 14:45 h</div></td></tr></table>"
﻿99400063661,Oficina de Turisme de Catalunya a Barcelona - Palau de Mar,,,2003-10-22T09:53:00+02:00,2026-07-13T13:33:47.799256+02:00,,,248050,Plaça de Pau Vila,1,5,03,la Barceloneta,01,Ciutat Vella,08039,Barcelona,True,,48475,100002,Informació d'interès,E-mail,ot.barcelona@gencat.cat,True,,431917.24,4581384.852,41.38110774309638,2.185764845868731,"<table class=""timetable-table""><tr class=""timetable-header""><th class=""weekdays"">Dies</th><th class=""hours"">Hores</th></tr><tr><td class=""timetable-day"" rowspan=1><div><p style=""margin:0"">De dilluns a dissabtes </p><p style=""margin:0"">Excepte 24 de desembre 31 de desembre 5 de gener</p></div></td><td class=""timetable-hour"" rowspan=1><div>de 09.00&nbsp;h a 19.30&nbsp;h</div></td></tr><tr><td class=""timetable-day"" rowspan=1><div>24 de desembre 31 de desembre 5 de gener</div></td><td class=""timetable-hour"" rowspan=1><div>de 09:00 h a 14:30 h</div></td></tr><tr><td class=""timetable-day"" rowspan=1><div><p style=""margin:0"">Diumenges i festius</p><p style=""margin:0"">Tancat 25 de desembre 26 de desembre 1 de gener 6 de gener</p></div></td><td class=""timetable-hour"" rowspan=1><div>de 09:00 h a 14:30 h</div></td></tr></table>"
﻿99117135915,La Fàbrica del Sol,,,1999-04-27T00:00:00+02:00,2026-07-23T08:24:15.716305+02:00,,,294874,Passeig de Salvat Papasseit,1,1,03,la Barceloneta,01,Ciutat Vella,08003,Barcelona,True,,46859,100002,Informació d'interès,E-mail,lafabricadelsol@bcn.cat,True,,432420.1694447784,4581504.227584407,41.38222532840787,2.1917657366445775,"<table class=""timetable-table""><tr class=""timetable-header""><th class=""period"">Període</th><th class=""weekdays"">Dies</th><th class=""hours"">Hores</th></tr><tr><td class=""timetable-period"" rowspan=3><div>De l'1 setembre al 30 juny</div></td><td class=""timetable-day"" rowspan=1><div>De dilluns a dijous excepte 5 gener, 2 abril, 23 juny, 24 desembre i 31 desembre</div></td><td class=""timetable-hour"" rowspan=1><div>de 09.00&nbsp;h a 18.30&nbsp;h</div></td></tr><tr><td class=""timetable-day"" rowspan=1><div>5 gener, <br>2 abril, <br>23 juny, <br>24 desembre i <br>31 desembre</div></td><td class=""timetable-hour"" rowspan=1><div>de 09.00&nbsp;h a 14.30&nbsp;h</div></td></tr><tr><td class=""timetable-day"" rowspan=1><div>Divendres</div></td><td class=""timetable-hour"" rowspan=1><div>de 09.00&nbsp;h a 15.00&nbsp;h</div></td></tr><tr><td class=""timetable-period"" rowspan=1><div><p style=""margin:0"">Estiu 2026</p><p style=""margin:0"">De l'1 de juliol al 31 agost</p></div></td><td class=""timetable-day"" rowspan=1><div>De dilluns a divendres</div></td><td class=""timetable-hour"" rowspan=1><div>de 09.00&nbsp;h a 14.30&nbsp;h</div></td></tr></table>"
﻿312152814,Piscina Coberta,92171135342,Centre Esportiu Municipal Nova Icària,2000-11-07T00:00:00+01:00,2026-07-27T12:41:51.580789+02:00,,,062609,Avinguda d'Icària,167,,67,la Vila Olímpica del Poblenou,10,Sant Martí,08005,Barcelona,True,,64711,100003,Informació d'interès,Web,https://novaicaria.com/,True,,432953.6345484193,4582628.2650555475,41.392393882467395,2.1980208136874495,"<table class=""timetable-table""><tr class=""timetable-header""><th class=""weekdays"">Dies</th><th class=""hours"">Hores</th></tr><tr><td class=""timetable-day"" rowspan=1><div>De dilluns a divendres</div></td><td class=""timetable-hour"" rowspan=1><div>de 07.00&nbsp;h a 23.00&nbsp;h</div></td></tr><tr><td class=""timetable-day"" rowspan=1><div>Dissabte</div></td><td class=""timetable-hour"" rowspan=1><div>de 08.00&nbsp;h a 22.00&nbsp;h</div></td></tr><tr><td class=""timetable-day"" rowspan=1><div>Diumenge</div></td><td class=""timetable-hour"" rowspan=1><div>de 08.00&nbsp;h a 15.00&nbsp;h</div></td></tr></table>"
﻿96319161157,Piscina Recreativa Coberta,75990288285,Centre Esportiu Municipal Aiguajoc Borrell,1996-11-14T00:00:00+01:00,2026-07-27T12:11:22.908642+02:00,,,087009,Comte Borrell,21,,10,Sant Antoni,02,Eixample,08015,BARCELONA,True,,79170,100003,Informació d'interès,Web,http://www.aiguajoc.com,True,,430072.44891370524,4580880.163531718,41.37640395525678,2.163762539235644,"<table class=""timetable-table""><tr class=""timetable-header""><th class=""weekdays"">Dies</th><th class=""hours"">Hores</th></tr><tr><td class=""timetable-day"" rowspan=1><div>De dilluns a divendres</div></td><td class=""timetable-hour"" rowspan=1><div>de 07.00&nbsp;h a 22.00&nbsp;h</div></td></tr><tr><td class=""timetable-day"" rowspan=1><div>Dissabte</div></td><td class=""timetable-hour"" rowspan=1><div>de 08.00&nbsp;h a 21.00&nbsp;h</div></td></tr><tr><td class=""timetable-day"" rowspan=1><div>Diumenge</div></td><td class=""timetable-hour"" rowspan=1><div>de 08.00&nbsp;h a 15.00&nbsp;h</div></td></tr><tr><td class=""timetable-day"" rowspan=1><div> festius</div></td><td class=""timetable-hour"" rowspan=1><div>de 09:00 h a 14:00 h</div></td></tr></table>"
﻿97135114148,Biblioteca Nou Barris - Aurora Díaz Plaja,,,1997-05-15T00:00:00+02:00,2026-07-16T14:56:40.727505+02:00,,,701639,Plaça Major de Nou Barris,2,,48,la Guineueta,08,Nou Barris,080,Barcelona,True,,46038,100002,Informació d'interès,E-mail,b.barcelona.nb@diba.cat,True,,430761.06383847794,4587584.210298242,41.436844552510806,2.1712296246319656,"<table class=""timetable-table""><tr class=""timetable-header""><th class=""period"">Període</th><th class=""weekdays"">Dies</th><th class=""hours"">Hores</th></tr><tr><td class=""timetable-period current"" rowspan=3><div><p style=""margin:0"">Horari habitual</p><p style=""margin:0"">al llarg de l'any</p></div></td><td class=""timetable-day"" rowspan=1><div>Dilluns i dimecres</div></td><td class=""timetable-hour"" rowspan=1><div>de 09.30&nbsp;h a 13.30&nbsp;h i <br>de 15.30&nbsp;h a 20.30&nbsp;h</div></td></tr><tr><td class=""timetable-day"" rowspan=1><div><p style=""margin:0"">Dimarts, dijous i divendres</p><p style=""margin:0""><br></p></div></td><td class=""timetable-hour"" rowspan=1><div>de 09.30&nbsp;h a 20.30&nbsp;h</div></td></tr><tr><td class=""timetable-day"" rowspan=1><div>Dissabte</div></td><td class=""timetable-hour"" rowspan=1><div>de 10.00&nbsp;h a 14.00&nbsp;h i <br>de 16.00&nbsp;h a 20.00&nbsp;h</div></td></tr><tr><td class=""timetable-period"" rowspan=3><div><p style=""margin:0"">Estiu 2026:</p><p style=""margin:0"">Del 24 juny al 24 setembre</p></div></td><td class=""timetable-day"" rowspan=1><div>Dilluns i dimecres</div></td><td class=""timetable-hour"" rowspan=1><div>de 09.30&nbsp;h a 13.30&nbsp;h i <br>de 15.30&nbsp;h a 20.30&nbsp;h</div></td></tr><tr><td class=""timetable-day"" rowspan=1><div>Dimarts, dijous i divendres</div></td><td class=""timetable-hour"" rowspan=1><div>de 09.30&nbsp;h a 20.30&nbsp;h</div></td></tr><tr><td class=""timetable-day"" rowspan=1><div>Dissabte</div></td><td class=""timetable-hour"" rowspan=1><div>de 10.00&nbsp;h a 14.00&nbsp;h</div></td></tr></table>"
﻿99400477124,Unió de Botiguers del Cor d'Horta,,,2017-02-02T14:12:30+01:00,2026-09-01T10:33:21.233801+02:00,,,329505,Carrer del Tajo,71,71,43,Horta,07,Horta-Guinardó,08032,Barcelona,True,,58917,100002,Informació d'interès,E-mail,contacte@corhorta.com,True,,429830.226,4586785.378,41.42956899834562,2.160181644768087,"<table class=""timetable-table""><tr class=""timetable-header""><th class=""period"">Període</th><th class=""weekdays"">Dies</th><th class=""hours"">Hores</th></tr><tr><td class=""timetable-period"" rowspan=1><div><p style=""margin:0"">De setembre a juliol</p></div></td><td class=""timetable-day"" rowspan=1><div>Dimarts i dijous</div></td><td class=""timetable-hour"" rowspan=1><div>de 10.00&nbsp;h a 14.00&nbsp;h</div></td></tr></table>"
﻿99400658013,Casal de Gent Gran de la Trinitat Vella,,,2020-09-28T09:15:33+02:00,2026-05-29T14:12:45.370038+02:00,,,281409,Carretera de Ribes,85,,57,la Trinitat Vella,09,Sant Andreu,08033,Barcelona,True,,419585,100002,Informació d'interès,E-mail,infocggtrinitatvella@bcn.cat,False,,432303.98257675004,4589021.940607657,41.44992522636068,2.1895350129614184,"<table class=""timetable-table""><tr class=""timetable-header""><th class=""period"">Període</th><th class=""weekdays"">Dies</th><th class=""hours"">Hores</th></tr><tr><td class=""timetable-period"" rowspan=2><div><p style=""margin:0"">De setembre a juliol</p></div></td><td class=""timetable-day"" rowspan=1><div>De dilluns a divendres</div></td><td class=""timetable-hour"" rowspan=1><div>de 09.30&nbsp;h a 13.00&nbsp;h i <br>de 16.00&nbsp;h a 19.30&nbsp;h</div></td></tr><tr><td class=""timetable-day"" rowspan=1><div>Dissabte i diumenge</div></td><td class=""timetable-hour"" rowspan=1><div>de 10.00&nbsp;h a 13.00&nbsp;h i <br>de 16.00&nbsp;h a 19.30&nbsp;h</div></td></tr><tr><td class=""timetable-period"" rowspan=3><div><p style=""margin:0"">Agost</p></div></td><td class=""timetable-day"" rowspan=1><div>De dilluns a divendres</div></td><td class=""timetable-hour"" rowspan=1><div>de 16.00&nbsp;h a 20.00&nbsp;h</div></td></tr><tr><td class=""timetable-day"" rowspan=1><div>Dissabte</div></td><td class=""timetable-hour"" rowspan=1><div>de 16.30&nbsp;h a 19.45&nbsp;h</div></td></tr><tr><td class=""timetable-day"" rowspan=1><div>Diumenge</div></td><td class=""timetable-hour"" rowspan=1><div>de 16.00&nbsp;h a 20.00&nbsp;h</div></td></tr></table>"
﻿99400349080,Jardins de Piscines i Esports,,,2014-08-07T09:44:58+02:00,2026-02-20T08:04:30.916742+01:00,,,101904,Carrer del Doctor Fleming,8,8,26,Sant Gervasi - Galvany,05,Sarrià-Sant Gervasi,08017,Barcelona,True,,95003,100003,Informació d'interès,Web,https://link.bcn.cat/cJdPiE,True,,427736.66602043004,4582761.42091923,41.3931413417789,2.1356084071087156,"<table class=""timetable-table""><tr class=""timetable-header""><th class=""period"">Període</th><th class=""weekdays"">Dies</th><th class=""hours"">Hores</th></tr><tr><td class=""timetable-period"" rowspan=1><div><p style=""margin:0"">Horari d’hivern:</p><p style=""margin:0""> de l'1 de novembre al 31 de març</p></div></td><td class=""timetable-day"" rowspan=2><div>Cada dia</div></td><td class=""timetable-hour"" rowspan=1><div>de 10.00&nbsp;h a 19.00&nbsp;h</div></td></tr><tr><td class=""timetable-period"" rowspan=1><div><p style=""margin:0"">Horari d’estiu: </p><p style=""margin:0"">de l'1 d'abril al 31 d'octubre</p></div></td><td class=""timetable-hour"" rowspan=1><div>de 10.00&nbsp;h a 21.00&nbsp;h</div></td></tr></table>"
﻿98301132224,Piscines Cobertes,75990492186,Centre Esportiu Municipal Sagrada Família,1998-10-28T00:00:00+01:00,2026-07-27T12:44:40.752131+02:00,,,068900,Carrer de Cartagena,231,239,06,la Sagrada Família,02,Eixample,08013,Barcelona,True,,46532,100002,Informació d'interès,E-mail,cartagena@claror.cat,True,,431405.62,4584293.156,41.40725849466968,2.179317312008101,"<table class=""timetable-table""><tr class=""timetable-header""><th class=""period"">Període</th><th class=""weekdays"">Dies</th><th class=""hours"">Hores</th></tr><tr><td class=""timetable-period current"" rowspan=3><div><p style=""margin:0"">De setembre a juny</p></div></td><td class=""timetable-day"" rowspan=1><div>De dilluns a divendres</div></td><td class=""timetable-hour"" rowspan=1><div>de 07.00&nbsp;h a 23.00&nbsp;h</div></td></tr><tr><td class=""timetable-day"" rowspan=1><div>Dissabte</div></td><td class=""timetable-hour"" rowspan=1><div>de 08.30&nbsp;h a 20.30&nbsp;h</div></td></tr><tr><td class=""timetable-day"" rowspan=1><div>Diumenge i  festius</div></td><td class=""timetable-hour"" rowspan=1><div>de 09.00&nbsp;h a 15.30&nbsp;h</div></td></tr><tr><td class=""timetable-period"" rowspan=3><div><p style=""margin:0"">Juliol</p></div></td><td class=""timetable-day"" rowspan=1><div>De dilluns a divendres</div></td><td class=""timetable-hour"" rowspan=1><div>de 07.00&nbsp;h a 23.00&nbsp;h</div></td></tr><tr><td class=""timetable-day"" rowspan=1><div>Dissabte</div></td><td class=""timetable-hour"" rowspan=1><div><p style=""margin:0"">de 08.30&nbsp;h a 15.00&nbsp;h i</p><p style=""margin:0""><span class=""ql-cursor"">﻿</span>de 17.00&nbsp;h a 20.30&nbsp;h</p></div></td></tr><tr><td class=""timetable-day"" rowspan=1><div>Diumenge i  festius</div></td><td class=""timetable-hour"" rowspan=1><div>de 09.00&nbsp;h a 15.30&nbsp;h</div></td></tr><tr><td class=""timetable-period"" rowspan=2><div><p style=""margin:0"">Agost</p></div></td><td class=""timetable-day"" rowspan=1><div>De dilluns a divendres</div></td><td class=""timetable-hour"" rowspan=1><div>de 07.00&nbsp;h a 23.00&nbsp;h</div></td></tr><tr><td class=""timetable-day"" rowspan=1><div>Dissabte</div></td><td class=""timetable-hour"" rowspan=1><div>de 09.00&nbsp;h a 15.00&nbsp;h</div></td></tr></table>"
﻿99400469849,Gremi de Reformes d'Interiors de Catalunya,,,2016-11-18T12:07:52+01:00,2026-08-25T13:44:29.084312+02:00,,,339101,Passeig de Torras i Bages,53,55,60,Sant Andreu,09,Sant Andreu,08030,Barcelona,True,,58739,100002,Informació d'interès,E-mail,greincat@greincat.cat,True,,432402.232,4587805.3,41.438975661293924,2.1908473041180585,"<table class=""timetable-table""><tr class=""timetable-header""><th class=""weekdays"">Dies</th><th class=""hours"">Hores</th></tr><tr><td class=""timetable-day"" rowspan=1><div>De dilluns a dijous</div></td><td class=""timetable-hour"" rowspan=1><div>de 09.00&nbsp;h a 17.00&nbsp;h</div></td></tr><tr><td class=""timetable-day"" rowspan=1><div>Divendres</div></td><td class=""timetable-hour"" rowspan=1><div>de 09.00&nbsp;h a 15.00&nbsp;h</div></td></tr></table>"
﻿96355142237,Bibiblioteca Rector Gabriel Ferraté,92168177308,Universitat Politècnica de Catalunya,1996-12-20T00:00:00+01:00,2026-08-14T13:25:15.531880+02:00,,,169023,Jordi Girona,1,,21,Pedralbes,04,Les Corts,08034,BARCELONA,True,,45973,100002,Informació d'interès,E-mail,biblioteca.ferrate@upc.edu,True,,425980.2854158732,4582197.376805042,41.38790151896208,2.1146704334958524,"<table class=""timetable-table""><tr class=""timetable-header""><th class=""period"">Període</th><th class=""weekdays"">Dies</th><th class=""hours"">Hores</th></tr><tr><td class=""timetable-period current"" rowspan=1><div><p style=""margin:0"">Horari al llarg de l'any</p></div></td><td class=""timetable-day"" rowspan=1><div>De dilluns a divendres</div></td><td class=""timetable-hour"" rowspan=1><div>de 09.00&nbsp;h a 21.00&nbsp;h</div></td></tr><tr><td class=""timetable-period"" rowspan=1><div><p style=""margin:0"">Estiu 2026</p><p style=""margin:0"">De 25 de juny al 10 juliol</p></div></td><td class=""timetable-day"" rowspan=1><div>De dilluns a divendres</div></td><td class=""timetable-hour"" rowspan=1><div>de 09.00&nbsp;h a 20.00&nbsp;h</div></td></tr><tr><td class=""timetable-period"" rowspan=1><div>Del 13 juliol al 31 juliol</div></td><td class=""timetable-day"" rowspan=1><div>De dilluns a divendres</div></td><td class=""timetable-hour"" rowspan=1><div>de 09.00&nbsp;h a 14.30&nbsp;h</div></td></tr><tr><td class=""timetable-period"" rowspan=1><div>De l'1 agost al 23 agost</div></td><td class=""timetable-day"" rowspan=1><div><p style=""margin:0"">Tors els dies</p></div></td><td class=""timetable-hour"" rowspan=1><div><p style=""margin:0"">Tancada</p></div></td></tr><tr><td class=""timetable-period"" rowspan=1><div>Del 24 agost al 13 setembre</div></td><td class=""timetable-day"" rowspan=1><div>De dilluns a divendres</div></td><td class=""timetable-hour"" rowspan=1><div>de 09.00&nbsp;h a 14.30&nbsp;h</div></td></tr></table>"
﻿99400691993,Espai Social Torrent d'en Mariner,,,2022-05-12T10:04:39.562093+02:00,2025-10-24T14:40:05.404458+02:00,,,197700,Passatge de Mariner,13,17,32,el Camp d'en Grassot i Gràcia Nova,06,Gràcia,08025,Barcelona,False,,454487,100002,Informació d'interès,E-mail,espai.canmariner@gmail.com,False,,430628.543,4583915.01,41.403785978227084,2.170064414403076,"<table class=""timetable-table""><tr class=""timetable-header""><th class=""weekdays"">Dies</th><th class=""hours"">Hores</th><th class=""description"">Observacions</th></tr><tr><td class=""timetable-day"" rowspan=1><div>De dilluns a divendres</div></td><td class=""timetable-hour"" rowspan=1><div>de 09.30&nbsp;h a 13.00&nbsp;h i <br>de 16.30&nbsp;h a 19.30&nbsp;h</div></td><td class=""timetable-description"" rowspan=2><div><p style=""margin:0"">Agost tancat</p></div></td></tr><tr><td class=""timetable-day"" rowspan=1><div>Dissabte</div></td><td class=""timetable-hour"" rowspan=1><div>de 10.00&nbsp;h a 14.00&nbsp;h i <br>de 16.00&nbsp;h a 20.00&nbsp;h</div></td></tr></table>"
﻿94354123927,Museu d'Art Contemporani de Barcelona,,,1994-12-20T00:00:00+01:00,2026-07-29T08:52:31.400054+02:00,,,016601,Plaça dels Àngels,1,,01,el Raval,01,Ciutat Vella,08001,Barcelona,True,,44955,100002,Informació d'interès,E-mail,macba@macba.cat,True,,430421.3493661358,4581628.85329612,41.383177415641065,2.1678485289915796,"<table class=""timetable-table""><tr class=""timetable-header""><th class=""period"">Període</th><th class=""weekdays"">Dies</th><th class=""hours"">Hores</th><th class=""prices"">Preus</th></tr><tr><td class=""timetable-period"" rowspan=6><div>Del 25 setembre al 24 juny</div></td><td class=""timetable-day"" rowspan=1><div>Dilluns, dimecres, dijous i divendres excepte 24 desembre i 31 desembre</div></td><td class=""timetable-hour"" rowspan=1><div>d'11:00 h a 19:30 h</div></td><td class=""timetable-price"" rowspan=5><div>Entrada general: 15 € <p style=""margin:0"">(permet accedir a totes les exposicions en curs i a la mostra de la Col·lecció tantes vegades com vulguis durant un mes a partir de la data de compra)</p><p style=""margin:0""><br></p><p style=""margin:0"">Entrada online: 13.50 €</p><p style=""margin:0""><br></p><p style=""margin:0"">Entrada reduïda: 12 €</p><p style=""margin:0"">- Estudiants (16 a 30 anys)</p><p style=""margin:0"">- Grups (+ de 15 persones)</p><p style=""margin:0"">- Professorat</p><p style=""margin:0"">- Majors de 65 anys</p><p style=""margin:0"">- Persones amb Targeta Rosa reduïda</p><p style=""margin:0"">- Persones en situació d'atur</p><p style=""margin:0"">- Carnet de la Xarxa de Biblioteques</p><p style=""margin:0""><br></p><p style=""margin:0""><br></p><p style=""margin:0"">Entrada reduïda: 6 €</p><p style=""margin:0"">- Carnet Jove</p><p style=""margin:0""><br></p><p style=""margin:0""><br></p><p style=""margin:0"">Entrada gratuïta:</p><p style=""margin:0"">- Menors 18 anys</p><p style=""margin:0"">- Majors de 65 anys o Targeta Rosa</p><p style=""margin:0"">- Dissabtes de 16 a 20 h</p><p style=""margin:0"">- Amics del MACBA</p><p style=""margin:0"">- Socis de l'AAVC</p><p style=""margin:0"">- Membres ICOM</p><p style=""margin:0"">- Persones a l'atur</p><p style=""margin:0"">- Carnet de família nombrosa o monoparental</p><p style=""margin:0"">- Primer diumenge de cada mes</p><p style=""margin:0"">- Vespres MACBA (<span style=""color: rgb(33, 37, 41);"">dijous, divendres i dissabte, de 18 a 20 h. </span>Del 25 de juny al 24 de setembre)</p><p style=""margin:0"">- 12 de febrer (Santa Eulàlia)</p><p style=""margin:0"">- 30 i 31 de maig (Món Llibre)</p><p style=""margin:0"">- 18 de maig (Dia Internacional dels Museus)</p><p style=""margin:0"">- 24 de setembre (La Mercè)</p><p style=""margin:0""><br></p><p style=""margin:0"">Carnet Amic MACBA: 30 €</p><p style=""margin:0"">Entrada il·limitada durant un any.</p><p style=""margin:0""><br></p><p style=""margin:0"">Articket: 38 €</p></div></td></tr><tr><td class=""timetable-day"" rowspan=1><div>24 desembre i <br>31 desembre</div></td><td class=""timetable-hour"" rowspan=1><div>d'11.00&nbsp;h a 18.00&nbsp;h</div></td></tr><tr><td class=""timetable-day"" rowspan=1><div>Dissabte</div></td><td class=""timetable-hour"" rowspan=1><div>de 10:00 h a 20:00 h</div></td></tr><tr><td class=""timetable-day"" rowspan=1><div><p style=""margin:0"">Diumenge i festius</p><p style=""margin:0"">Tancat 25 desembre i 1 gener</p></div></td><td class=""timetable-hour"" rowspan=1><div>de 10:00 h a 15:00 h</div></td></tr><tr><td class=""timetable-day"" rowspan=1><div><p style=""margin:0"">Horari especial festiu:</p><p style=""margin:0"">3 d'abril, 6 d'abril i 24 de juny</p></div></td><td class=""timetable-hour"" rowspan=1><div>de 10.00&nbsp;h a 20.00&nbsp;h</div></td></tr><tr><td class=""timetable-day"" rowspan=1><div><p style=""margin:0"">La Nit dels Museus 2026:</p><p style=""margin:0"">16 de maig</p></div></td><td class=""timetable-hour"" rowspan=1><div>de 19.00&nbsp;h a 01.00&nbsp;h</div></td><td class=""timetable-price"" rowspan=1><div>Entrada Gratuïta</div></td></tr><tr><td class=""timetable-period"" rowspan=2><div>Del 25 juny al 24 setembre</div></td><td class=""timetable-day"" rowspan=1><div><p style=""margin:0"">Dilluns, dimecres, dijous, divendres, dissabte</p><p style=""margin:0"">i festius (15 d'agost i 11 i 24 de setembre)</p></div></td><td class=""timetable-hour"" rowspan=1><div>de 10:00 h a 20:00 h</div></td><td class=""timetable-price"" rowspan=2><div>Entrada general: 15 € <p style=""margin:0"">(permet accedir a totes les exposicions en curs i a la mostra de la Col·lecció tantes vegades com vulguis durant un mes a partir de la data de compra)</p><p style=""margin:0""><br></p><p style=""margin:0"">Entrada online: 13.50 €</p><p style=""margin:0""><br></p><p style=""margin:0"">Entrada reduïda: 12 €</p><p style=""margin:0"">- Estudiants (16 a 30 anys)</p><p style=""margin:0"">- Grups (+ de 15 persones)</p><p style=""margin:0"">- Professorat</p><p style=""margin:0"">- Majors de 65 anys</p><p style=""margin:0"">- Persones amb Targeta Rosa reduïda</p><p style=""margin:0"">- Persones en situació d'atur</p><p style=""margin:0"">- Carnet de la Xarxa de Biblioteques</p><p style=""margin:0""><br></p><p style=""margin:0""><br></p><p style=""margin:0"">Entrada reduïda: 6 €</p><p style=""margin:0"">- Carnet Jove</p><p style=""margin:0""><br></p><p style=""margin:0""><br></p><p style=""margin:0"">Entrada gratuïta:</p><p style=""margin:0"">- Menors 18 anys</p><p style=""margin:0"">- Majors de 65 anys o Targeta Rosa</p><p style=""margin:0"">- Dissabtes de 16 a 20 h</p><p style=""margin:0"">- Amics del MACBA</p><p style=""margin:0"">- Socis de l'AAVC</p><p style=""margin:0"">- Membres ICOM</p><p style=""margin:0"">- Persones a l'atur</p><p style=""margin:0"">- Carnet de família nombrosa o monoparental</p><p style=""margin:0"">- Primer diumenge de cada mes</p><p style=""margin:0"">- Vespres MACBA (<span style=""color: rgb(33, 37, 41);"">dijous, divendres i dissabte, de 18 a 20 h. </span>Del 25 de juny al 24 de setembre)</p><p style=""margin:0"">- 12 de febrer (Santa Eulàlia)</p><p style=""margin:0"">- 30 i 31 de maig (Món Llibre)</p><p style=""margin:0"">- 18 de maig (Dia Internacional dels Museus)</p><p style=""margin:0"">- 24 de setembre (La Mercè)</p><p style=""margin:0""><br></p><p style=""margin:0"">Carnet Amic MACBA: 30 €</p><p style=""margin:0"">Entrada il·limitada durant un any.</p><p style=""margin:0""><br></p><p style=""margin:0"">Articket: 38 €</p></div></td></tr><tr><td class=""timetable-day"" rowspan=1><div>Diumenge</div></td><td class=""timetable-hour"" rowspan=1><div>de 10:00 h a 15:00 h</div></td></tr></table>"
﻿94276105023,Piscina Coberta,92119141112,Centre Esportiu Municipal  Colom,1994-10-03T00:00:00+01:00,2026-07-27T12:26:43.102624+02:00,,,034308,la Rambla,18,,02,el Barri Gòtic,01,Ciutat Vella,08002,BARCELONA,True,,78189,100003,Informació d'interès,Web,https://www.cemcolom.com/,True,,431119.67569617927,4581047.350114752,41.378000077038344,2.176265682413314,"<table class=""timetable-table""><tr class=""timetable-header""><th class=""weekdays"">Dies</th><th class=""hours"">Hores</th></tr><tr><td class=""timetable-day"" rowspan=1><div>De dilluns a divendres</div></td><td class=""timetable-hour"" rowspan=1><div>de 06.45&nbsp;h a 22.00&nbsp;h</div></td></tr><tr><td class=""timetable-day"" rowspan=1><div>Dissabte</div></td><td class=""timetable-hour"" rowspan=1><div>de 09:00 h a 20:00 h</div></td></tr><tr><td class=""timetable-day"" rowspan=1><div>Diumenge i  festius</div></td><td class=""timetable-hour"" rowspan=1><div>de 09:00 h a 14:30 h</div></td></tr></table>"
﻿98184131023,Oficina Comercial,75990369532,Companyia  Endesa,1998-07-03T00:00:00+02:00,2026-08-31T10:01:58.976703+02:00,,,169409,Gran Via de les Corts Catalanes,608,,07,la Dreta de l'Eixample,02,Eixample,08007,Barcelona,True,,80061,100003,Informació d'interès,Web,https://www.endesa.com/,True,,430262.7778120011,4582090.748755951,41.3873238298014,2.165899060950783,"<table class=""timetable-table""><tr class=""timetable-header""><th class=""weekdays"">Dies</th><th class=""hours"">Hores</th></tr><tr><td class=""timetable-day"" rowspan=1><div>De dilluns a dijous</div></td><td class=""timetable-hour"" rowspan=1><div>de 08.30&nbsp;h a 18.30&nbsp;h</div></td></tr><tr><td class=""timetable-day"" rowspan=1><div>Divendres</div></td><td class=""timetable-hour"" rowspan=1><div>de 08.30&nbsp;h a 15.30&nbsp;h</div></td></tr></table>"
﻿99400722915,Llibreria Cooperativa Abacus *Enric Granados,,,2023-11-06T16:25:25.343145+01:00,2026-05-07T13:00:31.184229+02:00,,,110304,Carrer d'Enric Granados,112,112,08,l'Antiga Esquerra de l'Eixample,02,Eixample,08008,Barcelona,True,,566252,100002,Informació d'interès,E-mail,espaiabacus@abacus.coop,True,,429323.947,4582822.483,41.393832360810855,2.1545858384153296,"<table class=""timetable-table""><tr class=""timetable-header""><th class=""weekdays"">Dies</th><th class=""hours"">Hores</th></tr><tr><td class=""timetable-day"" rowspan=1><div>De dilluns a divendres</div></td><td class=""timetable-hour"" rowspan=1><div>de 09:30 h a 21:00 h</div></td></tr><tr><td class=""timetable-day"" rowspan=1><div>Dissabte</div></td><td class=""timetable-hour"" rowspan=1><div>de 10:00 h a 21:00 h</div></td></tr></table>"
﻿99400513760,Casal Cívic i Comunitari Barcelona - Trinitat Vella,,,2017-06-19T11:38:17+02:00,2026-09-01T09:59:33.278876+02:00,,,187400,Carrer de la Madriguera,38,42,57,la Trinitat Vella,09,Sant Andreu,08033,Barcelona,True,,59261,100002,Informació d'interès,E-mail,cc.barcelonatrinitatvella@gencat.cat,True,,432446.16,4588998.602,41.449727002851326,2.1912396261816944,"<table class=""timetable-table""><tr class=""timetable-header""><th class=""period"">Període</th><th class=""weekdays"">Dies</th><th class=""hours"">Hores</th></tr><tr><td class=""timetable-period"" rowspan=2><div>De l'1 setembre al 31 juliol</div></td><td class=""timetable-day"" rowspan=1><div>De dilluns a divendres</div></td><td class=""timetable-hour"" rowspan=1><div>de 09:00 h a 21:00 h</div></td></tr><tr><td class=""timetable-day"" rowspan=1><div>Dissabte</div></td><td class=""timetable-hour"" rowspan=1><div>de 10:00 h a 21:00 h</div></td></tr><tr><td class=""timetable-period"" rowspan=1><div>De l'1 agost al 31 agost</div></td><td class=""timetable-day"" rowspan=1><div>Tots els dies tancat</div></td><td class=""timetable-hour"" rowspan=1><div><p style=""margin:0"">Tancat</p></div></td></tr></table>"
﻿99400595416,Casal Cívic i Comunitari Barcelona - Verdum,,,2018-06-21T09:39:57+02:00,2026-09-01T10:00:15.074925+02:00,,,701157,Carrer de Luz Casanova,8,10,51,Verdun,08,Nou Barris,08042,Barcelona,True,,60223,100002,Informació d'interès,E-mail,cc.verdum@gencat.cat,True,,431125.42,4588397.339,41.44419942168084,2.1754977351474514,"<table class=""timetable-table""><tr class=""timetable-header""><th class=""period"">Període</th><th class=""weekdays"">Dies</th><th class=""hours"">Hores</th></tr><tr><td class=""timetable-period"" rowspan=1><div>de l'1 de setembre<br>al 31 de juliol</div></td><td class=""timetable-day"" rowspan=1><div>De dilluns a divendres</div></td><td class=""timetable-hour"" rowspan=1><div>de 09.00&nbsp;h a 21.30&nbsp;h</div></td></tr><tr><td class=""timetable-period"" rowspan=1><div>de l'1 d'agost<br>al 31 d'agost</div></td><td class=""timetable-day"" rowspan=1><div>Tots els dies</div></td><td class=""timetable-hour"" rowspan=1><div>Tancat</div></td></tr></table>"
﻿99400783086,Refugi Climàtic Vestíbul  planta -1,94042144909,Centre de Cultura Contemporània de Barcelona,2026-06-11T11:06:07.848731+02:00,2026-08-03T11:55:55.215265+02:00,,,216906,Carrer de Montalegre,5,,01,el Raval,01,Ciutat Vella,08001,Barcelona,True,,738207,100002,Informació d'interès,E-mail,info@cccb.org,True,,430335.5441832022,4581711.515471728,41.38391450226559,2.1668129104163323,"<table class=""timetable-table""><tr class=""timetable-header""><th class=""period"">Període</th><th class=""weekdays"">Dies</th><th class=""hours"">Hores</th><th class=""description"">Observacions</th></tr><tr><td class=""timetable-period"" rowspan=1><div>Del 16 juny al 13 setembre</div></td><td class=""timetable-day"" rowspan=1><div><p style=""margin:0"">De dimarts a diumenge</p></div></td><td class=""timetable-hour"" rowspan=1><div>de 10.00&nbsp;h a 20.00&nbsp;h</div></td><td class=""timetable-description"" rowspan=1><div><p style=""margin:0"">Horaris d'obertura com a refugi climàtic.</p></div></td></tr></table>"
﻿99400783087,Refugi Climàtic Espai Familiar planta 0,94042144909,Centre de Cultura Contemporània de Barcelona,2026-06-11T11:08:47.435735+02:00,2026-08-03T11:57:30.219663+02:00,,,216906,Carrer de Montalegre,5,,01,el Raval,01,Ciutat Vella,08001,Barcelona,True,,738211,100002,Informació d'interès,E-mail,info@cccb.org,True,,430335.5441832022,4581711.515471728,41.38391450226559,2.1668129104163323,"<table class=""timetable-table""><tr class=""timetable-header""><th class=""period"">Període</th><th class=""weekdays"">Dies</th><th class=""hours"">Hores</th><th class=""description"">Observacions</th></tr><tr><td class=""timetable-period"" rowspan=2><div>Del 16 juny al 6 setembre</div></td><td class=""timetable-day"" rowspan=1><div><p style=""margin:0"">De dimarts a divendres</p></div></td><td class=""timetable-hour"" rowspan=1><div>de 16.30&nbsp;h a 19.30&nbsp;h</div></td><td class=""timetable-description"" rowspan=2><div><p style=""margin:0"">Horaris d'obertura com a refugi climàtic.</p></div></td></tr><tr><td class=""timetable-day"" rowspan=1><div>Dissabte</div></td><td class=""timetable-hour"" rowspan=1><div>d'11.00&nbsp;h a 14.00&nbsp;h i <br>de 16.30&nbsp;h a 19.30&nbsp;h</div></td></tr></table>"
﻿99400785557,Assegurances Mapfre *Clot,,,2026-07-27T14:24:30.121236+02:00,2026-07-27T14:28:44.036239+02:00,,,081603,Carrer del Clot,40,40,65,el Clot,10,Sant Martí,08018,Barcelona,True,,747713,100003,Informació d'interès,Web,https://www.mapfre.es/,True,,432120.217,4584248.877,41.40692034827144,2.1878710917174127,"<table class=""timetable-table""><tr class=""timetable-header""><th class=""weekdays"">Dies</th><th class=""hours"">Hores</th></tr><tr><td class=""timetable-day"" rowspan=1><div>De dilluns a dijous</div></td><td class=""timetable-hour"" rowspan=1><div>de 09.00&nbsp;h a 14.00&nbsp;h i <br>de 16.00&nbsp;h a 19.00&nbsp;h</div></td></tr><tr><td class=""timetable-day"" rowspan=1><div>Divendres</div></td><td class=""timetable-hour"" rowspan=1><div>de 09.00&nbsp;h a 15.00&nbsp;h</div></td></tr></table>"
﻿99400659719,Casal de Persones Grans del Casc Antic,,,2020-11-10T16:04:42+01:00,2026-05-29T14:12:45.282890+02:00,,,189100,Carrer dels Mestres Casals i Martorell,2,16,04,"Sant Pere, Santa Caterina i la Ribera",01,Ciutat Vella,08003,Barcelona,True,,583891,20001,Telèfons,Tel.,93 319 63 34,False,,431319.504,4582071.893,41.38724491943708,2.1785390509848854,"<table class=""timetable-table""><tr class=""timetable-header""><th class=""weekdays"">Dies</th><th class=""hours"">Hores</th></tr><tr><td class=""timetable-day"" rowspan=1><div>Cada dia</div></td><td class=""timetable-hour"" rowspan=1><div>de 10.00&nbsp;h a 12.30&nbsp;h i <br>de 15.00&nbsp;h a 19.00&nbsp;h</div></td></tr></table>"
﻿99400548914,Espai de Gent Gran Montserrat Olivella,,,2017-10-17T11:24:10+02:00,2026-09-01T08:55:36.424501+02:00,,,054509,Carrer de Calàbria,260,260,09,la Nova Esquerra de l'Eixample,02,Eixample,08029,Barcelona,True,,59811,100002,Informació d'interès,E-mail,espaimontserratolivella@gentgraneixample.cat,True,,428560.012,4582070.479,41.386991846541214,2.1455374507499005,"<table class=""timetable-table""><tr class=""timetable-header""><th class=""period"">Període</th><th class=""weekdays"">Dies</th><th class=""hours"">Hores</th></tr><tr><td class=""timetable-period"" rowspan=2><div><p style=""margin:0"">De setembre a juliol</p></div></td><td class=""timetable-day"" rowspan=1><div><p style=""margin:0"">De dilluns a divendres </p><p style=""margin:0"">excepte divendres  31 de juliol</p></div></td><td class=""timetable-hour"" rowspan=1><div>de 09.15&nbsp;h a 13.30&nbsp;h i <br>de 16.30&nbsp;h a 19.30&nbsp;h</div></td></tr><tr><td class=""timetable-day"" rowspan=1><div><p style=""margin:0"">Divendres 31 de juliol</p></div></td><td class=""timetable-hour"" rowspan=1><div>de 09.15&nbsp;h a 13.30&nbsp;h</div></td></tr><tr><td class=""timetable-period"" rowspan=1><div><p style=""margin:0"">Agost</p></div></td><td class=""timetable-day"" rowspan=1><div><p style=""margin:0"">Tots els dies</p></div></td><td class=""timetable-hour"" rowspan=1><div><p style=""margin:0"">Tancat</p></div></td></tr></table>"
﻿2123115923,Biblioteca La Vila de Gràcia – Rosa M. Arquimbau,,,2002-05-03T00:00:00+02:00,2026-07-20T09:37:26.327141+02:00,,,208001,Carrer del Torrent de l'Olla,104,,31,la Vila de Gràcia,06,Gràcia,08012,Barcelona,True,,34609,100002,Informació d'interès,E-mail,b.barcelona.vg@diba.cat,True,,429636.99156457355,4583670.574214133,41.40149826362453,2.158231476359067,"<table class=""timetable-table""><tr class=""timetable-header""><th class=""period"">Període</th><th class=""weekdays"">Dies</th><th class=""hours"">Hores</th></tr><tr><td class=""timetable-period current"" rowspan=4><div><p style=""margin:0"">Horari habitual al llarg de l'any</p></div></td><td class=""timetable-day"" rowspan=1><div>Dilluns i dijous</div></td><td class=""timetable-hour"" rowspan=1><div>de 15.00&nbsp;h a 20.00&nbsp;h</div></td></tr><tr><td class=""timetable-day"" rowspan=1><div>Dimarts i divendres</div></td><td class=""timetable-hour"" rowspan=1><div>de 09.30&nbsp;h a 13.30&nbsp;h i <br>de 15.00&nbsp;h a 20.00&nbsp;h</div></td></tr><tr><td class=""timetable-day"" rowspan=1><div>Dimecres</div></td><td class=""timetable-hour"" rowspan=1><div>de 09.30&nbsp;h a 20.00&nbsp;h</div></td></tr><tr><td class=""timetable-day"" rowspan=1><div>Dissabte</div></td><td class=""timetable-hour"" rowspan=1><div>de 10.00&nbsp;h a 14.00&nbsp;h</div></td></tr><tr><td class=""timetable-period"" rowspan=3><div>Del 20 juliol al 24 setembre</div></td><td class=""timetable-day"" rowspan=1><div>Dilluns i dijous</div></td><td class=""timetable-hour"" rowspan=1><div>de 15.00&nbsp;h a 20.00&nbsp;h</div></td></tr><tr><td class=""timetable-day"" rowspan=1><div>Dimarts i divendres</div></td><td class=""timetable-hour"" rowspan=1><div>de 09.30&nbsp;h a 13.30&nbsp;h i <br>de 15.00&nbsp;h a 20.00&nbsp;h</div></td></tr><tr><td class=""timetable-day"" rowspan=1><div>Dimecres</div></td><td class=""timetable-hour"" rowspan=1><div>de 09.30&nbsp;h a 20.00&nbsp;h</div></td></tr></table>"
﻿99400762409,Refugi Climàtic Pati d'Escola Bressol,98301174420,Escola Bressol Municipal Pla de Fornells,2025-08-01T14:33:14.630671+02:00,2026-08-31T09:34:48.156829+02:00,,,267816,Carrer dels Nou Barris,12,12,50,les Roquetes,08,Nou Barris,08033,Barcelona,True,,,,,,,,,431379.219,4588840.463,41.44821220098002,2.17848533652794,"<table class=""timetable-table""><tr class=""timetable-header""><th class=""period"">Període</th><th class=""weekdays"">Dies</th><th class=""hours"">Hores</th><th class=""prices"">Preus</th></tr><tr><td class=""timetable-period"" rowspan=1><div>De l'1 juny al 31 juliol</div></td><td class=""timetable-day"" rowspan=1><div>Dissabte</div></td><td class=""timetable-hour"" rowspan=1><div>de 10.30&nbsp;h a 13.00&nbsp;h</div></td><td class=""timetable-price"" rowspan=3><div>Entrada Gratuïta</div></td></tr><tr><td class=""timetable-period"" rowspan=1><div>De l'1 agost al 31 agost</div></td><td class=""timetable-day"" rowspan=1><div><p style=""margin:0"">Tots els dies</p></div></td><td class=""timetable-hour"" rowspan=1><div><p style=""margin:0"">Tancat</p></div></td></tr><tr><td class=""timetable-period"" rowspan=1><div>De l'1 setembre al 12 setembre</div></td><td class=""timetable-day"" rowspan=1><div>Dissabte</div></td><td class=""timetable-hour"" rowspan=1><div>de 10.30&nbsp;h a 13.00&nbsp;h</div></td></tr></table>"
﻿92086009452,Mercat Sant Antoni,,,1990-06-25T00:00:00+02:00,2026-06-16T10:11:30.512901+02:00,,,349706,Carrer del Comte d'Urgell,1,,10,Sant Antoni,02,Eixample,08011,Barcelona,True,,73440,100003,Informació d'interès,Web,http://www.mercatdesantantoni.com,True,,429960.7452581241,4581166.445850837,41.37897269453997,2.162393771599188,"<table class=""timetable-table""><tr class=""timetable-header""><th class=""weekdays"">Dies</th><th class=""hours"">Hores</th></tr><tr><td class=""timetable-day"" rowspan=1><div>De dilluns a dissabtes</div></td><td class=""timetable-hour"" rowspan=1><div>de 08:00 h a 20:30 h</div></td></tr><tr><td class=""timetable-day"" rowspan=1><div>21 desembre</div></td><td class=""timetable-hour"" rowspan=1><div>de 09.00&nbsp;h a 16.00&nbsp;h</div></td></tr></table>"
﻿99400780855,Oficina de Bonavista Apartments,,,2026-05-07T09:48:59.940093+02:00,2026-08-25T13:45:11.358440+02:00,,,051103,Carrer de Bonavista,4,4,31,la Vila de Gràcia,06,Gràcia,08012,Barcelona,True,,732169,100003,Informació d'interès,Web,https://bonavista-apartments.com/ca,False,,429700.842,4583258.353,41.39779112106451,2.1590431196628765,
﻿92086009449,Mercat Concepció,,,1984-12-28T00:00:00+01:00,2026-07-29T08:51:52.332984+02:00,,,018505,Carrer d'Aragó,311,,07,la Dreta de l'Eixample,02,Eixample,08009,Barcelona,True,,651721,100003,Informació d'interès,Web,https://www.laconcepcio.cat,False,,430536.809959866,4583003.473907231,41.39556815947775,2.169071648271845,"<table class=""timetable-table""><tr class=""timetable-header""><th class=""weekdays"">Dies</th><th class=""hours"">Hores</th></tr><tr><td class=""timetable-day"" rowspan=1><div>Dilluns i dissabte</div></td><td class=""timetable-hour"" rowspan=1><div>de 08:00 h a 15:00 h</div></td></tr><tr><td class=""timetable-day"" rowspan=1><div>Dimarts, dimecres, dijous i divendres</div></td><td class=""timetable-hour"" rowspan=1><div>de 08:00 h a 20:00 h</div></td></tr></table>"
﻿92086009457,Mercat Les Corts,,,1984-12-28T00:00:00+01:00,2026-07-29T08:51:52.231198+02:00,,,343903,Travessera de les Corts,215,,19,les Corts,04,Les Corts,08028,Barcelona,True,,73434,100003,Informació d'interès,Web,http://mercatdelescorts.cat,True,,427241.37925264693,4581760.084345993,41.38407806063042,2.1298048647400445,"<table class=""timetable-table""><tr class=""timetable-header""><th class=""period"">Període</th><th class=""weekdays"">Dies</th><th class=""hours"">Hores</th></tr><tr><td class=""timetable-period current"" rowspan=3><div>De l'1 setembre al 14 juliol</div></td><td class=""timetable-day"" rowspan=1><div>De dilluns a dijous</div></td><td class=""timetable-hour"" rowspan=1><div>de 08:00 h a 14:00 h</div></td></tr><tr><td class=""timetable-day"" rowspan=1><div>Divendres</div></td><td class=""timetable-hour"" rowspan=1><div>de 08:00 h a 19:30 h</div></td></tr><tr><td class=""timetable-day"" rowspan=1><div>dissabtes</div></td><td class=""timetable-hour"" rowspan=1><div>de 08:00 h a 15:00 h</div></td></tr><tr><td class=""timetable-period"" rowspan=2><div>Del 15 juliol al 31 agost</div></td><td class=""timetable-day"" rowspan=1><div>De dilluns a divendres</div></td><td class=""timetable-hour"" rowspan=1><div>de 08.00&nbsp;h a 14.00&nbsp;h</div></td></tr><tr><td class=""timetable-day"" rowspan=1><div>Dissabte</div></td><td class=""timetable-hour"" rowspan=1><div>de 08.00&nbsp;h a 15.00&nbsp;h</div></td></tr></table>"
﻿92086009462,Mercat Sant Gervasi,,,1984-12-28T00:00:00+01:00,2026-06-19T09:54:59.418400+02:00,,,231706,Plaça de Joaquim Folguera,6,,25,Sant Gervasi - la Bonanova,05,Sarrià-Sant Gervasi,08022,Barcelona,True,,73800,100003,Informació d'interès,Web,https://mercatsantgervasi.com/,True,,427996.0394051634,4584149.15420139,41.40566335305059,2.138545571747631,"<table class=""timetable-table""><tr class=""timetable-header""><th class=""period"">Període</th><th class=""weekdays"">Dies</th><th class=""hours"">Hores</th></tr><tr><td class=""timetable-period current"" rowspan=3><div>Del 24 agost al 23 juny</div></td><td class=""timetable-day"" rowspan=1><div>Dilluns</div></td><td class=""timetable-hour"" rowspan=1><div>de 08.00&nbsp;h a 14.30&nbsp;h</div></td></tr><tr><td class=""timetable-day"" rowspan=1><div>Dimarts, dimecres, dijous i divendres</div></td><td class=""timetable-hour"" rowspan=1><div>de 08.00&nbsp;h a 21.00&nbsp;h</div></td></tr><tr><td class=""timetable-day"" rowspan=1><div>Dissabte</div></td><td class=""timetable-hour"" rowspan=1><div>de 08.00&nbsp;h a 15.00&nbsp;h</div></td></tr><tr><td class=""timetable-period"" rowspan=3><div>Del 24 juny al 23 agost</div></td><td class=""timetable-day"" rowspan=1><div>De dilluns a divendres excepte 26 juny, 3 juliol i 10 juliol</div></td><td class=""timetable-hour"" rowspan=1><div>de 08.00&nbsp;h a 14.30&nbsp;h</div></td></tr><tr><td class=""timetable-day"" rowspan=1><div>26 juny, <br>3 juliol i <br>10 juliol</div></td><td class=""timetable-hour"" rowspan=1><div>de 08.00&nbsp;h a 21.00&nbsp;h</div></td></tr><tr><td class=""timetable-day"" rowspan=1><div>Dissabte</div></td><td class=""timetable-hour"" rowspan=1><div>de 08.00&nbsp;h a 15.00&nbsp;h</div></td></tr></table>"
﻿99400740235,Espai  amb Jocs d'Aigua a la Plaça del Canòdrom,,,2024-07-24T09:56:38.146326+02:00,2026-06-01T10:30:00.230191+02:00,,,701876,Plaça del Canòdrom,1,1,62,el Congrés i els Indians,09,Sant Andreu,08027,Barcelona,True,,666351,100097,Variables,Text per a la web de Refugis Climàtics - detalls,<p>Durant episodis d'altes temperatures els espais exteriors poden no oferir el confort tèrmic necessari</p>,False,,431742.0176295606,4586503.748612396,41.42719720179222,2.183092223195634,"<table class=""timetable-table""><tr class=""timetable-header""><th class=""period"">Període</th><th class=""weekdays"">Dies</th><th class=""hours"">Hores</th><th class=""description"">Observacions</th></tr><tr><td class=""timetable-period current"" rowspan=1><div>Del 29 maig al 30 setembre</div></td><td class=""timetable-day"" rowspan=1><div>Tots els dies</div></td><td class=""timetable-hour"" rowspan=1><div>de 10.00&nbsp;h a 20.00&nbsp;h</div></td><td class=""timetable-description"" rowspan=1><div><p style=""margin:0"">Quan s’activa el polsador, la instal·lació fa una seqüencia</p><p style=""margin:0"">de funcionament que dura un temps inferior als 5 minuts</p></div></td></tr></table>"
﻿92086008869,Centre Cívic Casa Golferichs,,,1984-12-10T00:00:00+01:00,2026-09-01T07:49:53.968881+02:00,,,169409,Gran Via de les Corts Catalanes,491,,09,la Nova Esquerra de l'Eixample,02,Eixample,08015,Barcelona,True,,40142,100002,Informació d'interès,E-mail,golferichs@golferichs.org,True,,429462.20574299723,4581379.621529794,41.3808491471351,2.1564074948215346,"<table class=""timetable-table""><tr class=""timetable-header""><th class=""period"">Període</th><th class=""weekdays"">Dies</th><th class=""hours"">Hores</th></tr><tr><td class=""timetable-period current"" rowspan=3><div>Del 21 setembre al 26 juny</div></td><td class=""timetable-day"" rowspan=1><div><p style=""margin:0"">De dilluns a divendres </p><p style=""margin:0"">excepte dimarts 23 juny</p></div></td><td class=""timetable-hour"" rowspan=1><div>de 10.00&nbsp;h a 20.00&nbsp;h</div></td></tr><tr><td class=""timetable-day"" rowspan=1><div><p style=""margin:0"">Dimarts 23 de juny</p></div></td><td class=""timetable-hour"" rowspan=1><div>de 10.00&nbsp;h a 15.00&nbsp;h</div></td></tr><tr><td class=""timetable-day"" rowspan=1><div>Dissabte</div></td><td class=""timetable-hour"" rowspan=1><div>de 10.00&nbsp;h a 14.00&nbsp;h</div></td></tr><tr><td class=""timetable-period"" rowspan=1><div><p style=""margin:0"">Estiu 2026</p><p style=""margin:0"">Del 27 juny al 30 juliol</p></div></td><td class=""timetable-day"" rowspan=1><div>De dilluns a divendres</div></td><td class=""timetable-hour"" rowspan=1><div>de 10.00&nbsp;h a 20.00&nbsp;h</div></td></tr><tr><td class=""timetable-period"" rowspan=1><div>Del 30 juliol al 30 agost</div></td><td class=""timetable-day"" rowspan=1><div>Tots els dies tancat</div></td><td class=""timetable-hour"" rowspan=1><div><p style=""margin:0"">Tancat</p></div></td></tr><tr><td class=""timetable-period"" rowspan=1><div>Del 31 agost al 20 setembre</div></td><td class=""timetable-day"" rowspan=1><div>De dilluns a divendres</div></td><td class=""timetable-hour"" rowspan=1><div>de 10.00&nbsp;h a 20.00&nbsp;h</div></td></tr></table>"
﻿99400064283,Jardí Botànic Històric,99400090058,Museu de Ciències Naturals de Barcelona,2003-10-27T14:34:05+01:00,2026-09-07T10:51:02.569809+02:00,,,217002,Avinguda dels Montanyans,30,,11,el Poble-sec,03,Sants-Montjuïc,08038,Barcelona,True,,48517,100002,Informació d'interès,E-mail,pjardibotanic@bcn.cat,True,,429104.56554352934,4579845.322433399,41.366998796852336,2.1523101998969025,"<table class=""timetable-table""><tr class=""timetable-header""><th class=""period"">Període</th><th class=""weekdays"">Dies</th><th class=""hours"">Hores</th><th class=""prices"">Preus</th><th class=""description"">Observacions</th></tr><tr><td class=""timetable-period"" rowspan=1><div>de l'1 de novembre<br>al 31 de gener</div></td><td class=""timetable-day"" rowspan=1><div><p style=""margin:0"">Cada dia i festius </p><p style=""margin:0"">Tancat 25 desembre i 1 gener</p></div></td><td class=""timetable-hour"" rowspan=1><div>de 10:00 h a 17:00 h</div></td><td class=""timetable-price"" rowspan=5><div>Entrada Gratuïta</div></td><td class=""timetable-description"" rowspan=5><div>No es permet l'entrada<br> mitja hora abans del tancament.</div></td></tr><tr><td class=""timetable-period"" rowspan=1><div>de l'1 de febrer<br>al 31 de març</div></td><td class=""timetable-day"" rowspan=1><div>Tots els dies i festius</div></td><td class=""timetable-hour"" rowspan=1><div>de 10:00 h a 18:00 h</div></td></tr><tr><td class=""timetable-period"" rowspan=1><div>de l'1 d'abril<br>al 31 de maig</div></td><td class=""timetable-day"" rowspan=1><div><p style=""margin:0"">Tots els dies i festius </p><p style=""margin:0"">Excepte 1 de maig</p></div></td><td class=""timetable-hour"" rowspan=1><div>de 10:00 h a 19:00 h</div></td></tr><tr><td class=""timetable-period"" rowspan=1><div>de l'1 de juny<br>al 31 d'agost</div></td><td class=""timetable-day"" rowspan=1><div><p style=""margin:0"">Tots els dies i festius </p><p style=""margin:0"">Excepte 24 de juny</p></div></td><td class=""timetable-hour"" rowspan=1><div>de 10:00 h a 20:00 h</div></td></tr><tr><td class=""timetable-period"" rowspan=1><div>de l'1 de setembre<br>al 31 d'octubre</div></td><td class=""timetable-day"" rowspan=1><div>Tots els dies i festius</div></td><td class=""timetable-hour"" rowspan=1><div>de 10:00 h a 19:00 h</div></td></tr></table>"
﻿92086009782,Mercat Ciutat Meridiana,,,1985-01-17T00:00:00+01:00,2026-07-13T12:30:15.524982+02:00,,,092950,Carrer de Costabona,4,6,55,Ciutat Meridiana,08,Nou Barris,08033,Barcelona,True,,73351,100003,Informació d'interès,Web,http://www.barcelona.cat/mercats,True,,431335.457,4590337.58,41.46169238641042,2.1777912073013432,"<table class=""timetable-table""><tr class=""timetable-header""><th class=""period"">Període</th><th class=""weekdays"">Dies</th><th class=""hours"">Hores</th></tr><tr><td class=""timetable-period current"" rowspan=2><div>De l'1 setembre al 30 juny</div></td><td class=""timetable-day"" rowspan=1><div>Dilluns, dimarts, dimecres, dijous i dissabte</div></td><td class=""timetable-hour"" rowspan=1><div>de 07.30&nbsp;h a 14.00&nbsp;h</div></td></tr><tr><td class=""timetable-day"" rowspan=1><div>Divendres</div></td><td class=""timetable-hour"" rowspan=1><div>de 07.30&nbsp;h a 20.00&nbsp;h</div></td></tr><tr><td class=""timetable-period"" rowspan=1><div>De l'1 juliol al 31 agost</div></td><td class=""timetable-day"" rowspan=1><div>De dilluns a dissabte</div></td><td class=""timetable-hour"" rowspan=1><div>de 07.30&nbsp;h a 14.00&nbsp;h</div></td></tr></table>"
﻿99301125047,Piscina Coberta,92170123435,Centre Esportiu Municipal Olímpics Vall Hebron,1999-10-28T00:00:00+02:00,2026-07-27T12:53:13.046014+02:00,,,352507,Passeig de la Vall d'Hebron,166,176,41,la Vall d'Hebron,07,Horta-Guinardó,08035,Barcelona,True,,203987,20001,Telèfons,Tel.,934283952,True,,428508.187,4586631.82,41.428069387410396,2.144378820381501,"<table class=""timetable-table""><tr class=""timetable-header""><th class=""period"">Període</th><th class=""weekdays"">Dies</th><th class=""hours"">Hores</th></tr><tr><td class=""timetable-period current"" rowspan=3><div><p style=""margin:0"">De setembre a juliol</p></div></td><td class=""timetable-day"" rowspan=1><div>De dilluns a divendres</div></td><td class=""timetable-hour"" rowspan=1><div>de 07.00&nbsp;h a 21.30&nbsp;h</div></td></tr><tr><td class=""timetable-day"" rowspan=1><div>Dissabte</div></td><td class=""timetable-hour"" rowspan=1><div>de 09.00&nbsp;h a 19.00&nbsp;h</div></td></tr><tr><td class=""timetable-day"" rowspan=1><div>Diumenge</div></td><td class=""timetable-hour"" rowspan=1><div>de 09.00&nbsp;h a 14.00&nbsp;h</div></td></tr><tr><td class=""timetable-period"" rowspan=2><div><p style=""margin:0"">Agost</p></div></td><td class=""timetable-day"" rowspan=1><div>De dilluns a divendres</div></td><td class=""timetable-hour"" rowspan=1><div>de 07.00&nbsp;h a 21.30&nbsp;h</div></td></tr><tr><td class=""timetable-day"" rowspan=1><div>Dissabte</div></td><td class=""timetable-hour"" rowspan=1><div>de 09.00&nbsp;h a 14.00&nbsp;h</div></td></tr></table>"
﻿92086017153,Centre Cívic Trinitat Vella,,,1986-11-10T00:00:00+01:00,2026-09-01T08:33:54.608830+02:00,,,131100,Carrer de la Foradada,36,38,57,la Trinitat Vella,09,Sant Andreu,08033,Barcelona,True,,41302,100002,Informació d'interès,E-mail,cctrinitatvella@bcn.cat,True,,432443.821,4589208.572,41.45161792860212,2.191188136259515,"<table class=""timetable-table""><tr class=""timetable-header""><th class=""weekdays"">Dies</th><th class=""hours"">Hores</th></tr><tr><td class=""timetable-day"" rowspan=1><div>De dilluns a divendres</div></td><td class=""timetable-hour"" rowspan=1><div>de 09.30&nbsp;h a 14.30&nbsp;h i <br>de 16.00&nbsp;h a 21.30&nbsp;h</div></td></tr><tr><td class=""timetable-day"" rowspan=1><div>Dissabte</div></td><td class=""timetable-hour"" rowspan=1><div>de 10.00&nbsp;h a 14.00&nbsp;h i <br>de 16.00&nbsp;h a 20.00&nbsp;h</div></td></tr></table>"
﻿99400758413,Refugi Climàtic Pati d'Escola,99400728427,Institut Escola Tramuntana,2025-05-27T12:27:44.600367+02:00,2026-07-27T13:25:42.472588+02:00,,,151709,Carrer de Guardiola i Feliu,5,7,60,Sant Andreu,09,Sant Andreu,08030,Barcelona,True,,669031,100003,Informació d'interès,Web,https://agora.xtec.cat/ietramuntana/,True,,432269.848,4587790.284,41.438829261659976,2.1892644884862587,"<table class=""timetable-table""><tr class=""timetable-header""><th class=""period"">Període</th><th class=""weekdays"">Dies</th><th class=""hours"">Hores</th><th class=""prices"">Preus</th></tr><tr><td class=""timetable-period"" rowspan=2><div><p style=""margin:0"">Juny</p></div></td><td class=""timetable-day"" rowspan=1><div><p style=""margin:0"">Diumenge</p><p style=""margin:0"">7,14 i 21 de juny</p></div></td><td class=""timetable-hour"" rowspan=1><div>d'11.00&nbsp;h a 14.00&nbsp;h</div></td><td class=""timetable-price"" rowspan=3><div>Entrada Gratuïta</div></td></tr><tr><td class=""timetable-day"" rowspan=1><div><p style=""margin:0"">Del 25 juny al 30 de juny</p></div></td><td class=""timetable-hour"" rowspan=1><div>de 18.00&nbsp;h a 21.00&nbsp;h</div></td></tr><tr><td class=""timetable-period"" rowspan=1><div><p style=""margin:0"">Juliol i agost</p></div></td><td class=""timetable-day"" rowspan=1><div>Cada dia</div></td><td class=""timetable-hour"" rowspan=1><div>de 18.00&nbsp;h a 21.00&nbsp;h</div></td></tr></table>"
﻿95125123610,Parc del Mirador del Poble-sec,,,1995-05-05T00:00:00+02:00,2026-02-20T08:04:41.218227+01:00,,,218606,Passeig de Montjuïc,59,,11,el Poble-sec,03,Sants-Montjuïc,08038,Barcelona,True,,78510,100003,Informació d'interès,Web,https://link.bcn.cat/cPdMdP,True,,430604.54984327627,4580377.27955072,41.371920689797676,2.1701826605872294,
﻿99400766064,VRoom Escape,,,2025-10-27T10:07:59.634235+01:00,2026-05-08T14:22:47.522997+02:00,,,238308,Carrer del Pacífic,19,21,61,la Sagrera,09,Sant Andreu,08027,Barcelona,True,,693559,100002,Informació d'interès,E-mail,info@vroomescape.com,False,,432319.578,4586342.382,41.425792696070275,2.1900218316991777,"<table class=""timetable-table""><tr class=""timetable-header""><th class=""weekdays"">Dies</th><th class=""hours"">Hores</th></tr><tr><td class=""timetable-day"" rowspan=1><div>Dimecres, dijous i divendres</div></td><td class=""timetable-hour"" rowspan=1><div>de 16.00&nbsp;h a 21.00&nbsp;h</div></td></tr><tr><td class=""timetable-day"" rowspan=1><div>Dissabte i diumenge</div></td><td class=""timetable-hour"" rowspan=1><div>d'11.00&nbsp;h a 21.00&nbsp;h</div></td></tr></table>"
﻿99083114355,Biblioteca Mercè Rodoreda,,,1999-03-24T00:00:00+01:00,2026-07-16T14:56:40.300392+02:00,,,056504,Carrer de les Camèlies,76,,33,el Baix Guinardó,07,Horta-Guinardó,08024,Barcelona,True,,46842,100002,Informació d'interès,E-mail,b.barcelona.mr@diba.cat,True,,430244.5663671695,4585090.986489356,41.41434434997389,2.165335563039016,"<table class=""timetable-table""><tr class=""timetable-header""><th class=""period"">Període</th><th class=""weekdays"">Dies</th><th class=""hours"">Hores</th></tr><tr><td class=""timetable-period current"" rowspan=4><div><p style=""margin:0"">Horari habitual</p><p style=""margin:0"">al llarg de l'any</p></div></td><td class=""timetable-day"" rowspan=1><div><p style=""margin:0"">Dilluns, dimarts, dimecres i divendres</p><p style=""margin:0"">Excepte dimarts 23 de juny</p></div></td><td class=""timetable-hour"" rowspan=1><div>de 09.30&nbsp;h a 13.30&nbsp;h i <br>de 15.30&nbsp;h a 20.30&nbsp;h</div></td></tr><tr><td class=""timetable-day"" rowspan=1><div><p style=""margin:0"">Dimarts 23 de juny</p></div></td><td class=""timetable-hour"" rowspan=1><div>de 09.30&nbsp;h a 13.30&nbsp;h</div></td></tr><tr><td class=""timetable-day"" rowspan=1><div>Dijous</div></td><td class=""timetable-hour"" rowspan=1><div>de 09.30&nbsp;h a 20.30&nbsp;h</div></td></tr><tr><td class=""timetable-day"" rowspan=1><div>Dissabte</div></td><td class=""timetable-hour"" rowspan=1><div>de 10.00&nbsp;h a 14.00&nbsp;h i <br>de 16.00&nbsp;h a 20.00&nbsp;h</div></td></tr><tr><td class=""timetable-period"" rowspan=3><div><p style=""margin:0"">Estiu 2026</p><p style=""margin:0"">Del 24 juny al 24 setembre</p></div></td><td class=""timetable-day"" rowspan=1><div><p style=""margin:0"">Dilluns, dimarts, dimecres i divendres</p><p style=""margin:0""><br></p></div></td><td class=""timetable-hour"" rowspan=1><div>de 09.30&nbsp;h a 13.30&nbsp;h i <br>de 15.30&nbsp;h a 20.30&nbsp;h</div></td></tr><tr><td class=""timetable-day"" rowspan=1><div>Dijous</div></td><td class=""timetable-hour"" rowspan=1><div>de 09.30&nbsp;h a 20.30&nbsp;h</div></td></tr><tr><td class=""timetable-day"" rowspan=1><div>Dissabte</div></td><td class=""timetable-hour"" rowspan=1><div>de 10.00&nbsp;h a 14.00&nbsp;h</div></td></tr></table>"
﻿99400322471,Piscina Coberta,68132045,Centre Esportiu Municipal Marítim,2013-07-15T00:00:00+02:00,2026-07-27T12:39:53.640133+02:00,,,197903,Passeig Marítim de la Barceloneta - Oriol Bohigas,33,,03,la Barceloneta,01,Ciutat Vella,08003,Barcelona,True,,56058,100002,Informació d'interès,E-mail,maritim@claror.cat,True,,432732.4958688532,4581771.944367396,41.38466275981191,2.195470990559355,"<table class=""timetable-table""><tr class=""timetable-header""><th class=""weekdays"">Dies</th><th class=""hours"">Hores</th></tr><tr><td class=""timetable-day"" rowspan=1><div>De dilluns a divendres</div></td><td class=""timetable-hour"" rowspan=1><div>de 07.00&nbsp;h a 23.00&nbsp;h</div></td></tr><tr><td class=""timetable-day"" rowspan=1><div>Dissabte</div></td><td class=""timetable-hour"" rowspan=1><div>de 08.30&nbsp;h a 21.00&nbsp;h</div></td></tr><tr><td class=""timetable-day"" rowspan=1><div>Diumenge i  festius</div></td><td class=""timetable-hour"" rowspan=1><div>de 09.00&nbsp;h a 16.00&nbsp;h</div></td></tr></table>"
﻿99400322475,Piscines Cobertes,99400110850,Centre Esportiu Municipal Guinardó,2013-07-15T00:00:00+02:00,2026-07-27T13:02:41.641607+02:00,,,332805,Carrer del Telègraf,31,57,35,el Guinardó,07,Horta-Guinardó,08041,Barcelona,False,,56054,100002,Informació d'interès,E-mail,cemguinardo@igebcn.cat,True,,430939.959,4585381.34,41.41701952006085,2.1736223594731614,"<table class=""timetable-table""><tr class=""timetable-header""><th class=""weekdays"">Dies</th><th class=""hours"">Hores</th></tr><tr><td class=""timetable-day"" rowspan=1><div>De dilluns a divendres</div></td><td class=""timetable-hour"" rowspan=1><div>de 07.00&nbsp;h a 22.30&nbsp;h</div></td></tr><tr><td class=""timetable-day"" rowspan=1><div>dissabtes</div></td><td class=""timetable-hour"" rowspan=1><div>de 09.00&nbsp;h a 19.30&nbsp;h</div></td></tr><tr><td class=""timetable-day"" rowspan=1><div>diumenges i festius</div></td><td class=""timetable-hour"" rowspan=1><div>de 09.00&nbsp;h a 14.30&nbsp;h</div></td></tr></table>"
﻿99400322493,Piscines Cobertes,92086004872,Centre Esportiu Municipal Sant Andreu - La Sagrera,2013-07-15T00:00:00+02:00,2026-07-27T12:45:38.202849+02:00,,,313902,Carrer de Santa Coloma,25,25,60,Sant Andreu,09,Sant Andreu,08030,Barcelona,True,,56023,100002,Informació d'interès,E-mail,cemsantandreu-lasagrera@cnsantandreu.com,True,,432550.31,4586781.448,41.42976662558502,2.192733911317577,"<table class=""timetable-table""><tr class=""timetable-header""><th class=""weekdays"">Dies</th><th class=""hours"">Hores</th></tr><tr><td class=""timetable-day"" rowspan=1><div>De dilluns a dissabte</div></td><td class=""timetable-hour"" rowspan=1><div>de 06.30&nbsp;h a 23.00&nbsp;h</div></td></tr><tr><td class=""timetable-day"" rowspan=1><div>Diumenge i  festius</div></td><td class=""timetable-hour"" rowspan=1><div>de 08.00&nbsp;h a 21.00&nbsp;h</div></td></tr></table>"
﻿92086001777,Farmàcia Oriol Carreras,,,1991-08-01T00:00:00+02:00,2025-10-27T13:44:48.099363+01:00,,,186703,Carrer de Llull,187,,68,el Poblenou,10,Sant Martí,08005,Barcelona,True,,639704,100003,Informació d'interès,Web,https://www.farmaguia.net/desktop/,False,,433321.9617739789,4583610.805543673,41.40127399164018,2.202317975119912,"<table class=""timetable-table""><tr class=""timetable-header""><th class=""weekdays"">Dies</th><th class=""hours"">Hores</th></tr><tr><td class=""timetable-day"" rowspan=1><div>Cada dia</div></td><td class=""timetable-hour"" rowspan=1><div>de 09:00 h a 22:00 h</div></td></tr></table>"
﻿99400766188,Botiga Diambaar,99400627297,Cooperativa Diomcoop SCCL,2025-10-28T10:04:12.836800+01:00,2026-08-31T10:35:01.735931+02:00,,,225000,Carrer de Nadal,40,40,60,Sant Andreu,09,Sant Andreu,08030,Barcelona,True,,693825,100002,Informació d'interès,E-mail,hola@diambaar.com,False,,432173.029,4586694.661,41.42895319394155,2.1882286259633603,"<table class=""timetable-table""><tr class=""timetable-header""><th class=""weekdays"">Dies</th><th class=""hours"">Hores</th></tr><tr><td class=""timetable-day"" rowspan=1><div>Dilluns, dimarts i dimecres</div></td><td class=""timetable-hour"" rowspan=1><div>de 10.00&nbsp;h a 17.00&nbsp;h</div></td></tr><tr><td class=""timetable-day"" rowspan=1><div>Dijous i divendres</div></td><td class=""timetable-hour"" rowspan=1><div>de 10.00&nbsp;h a 19.00&nbsp;h</div></td></tr></table>"
﻿99400766141,Llanes Santa Eulàlia,,,2025-10-27T14:31:26.393118+01:00,2026-09-17T13:23:23.288300+02:00,,,249508,Carrer de Pere d'Artés,6,6,46,el Turó de la Peira,08,Nou Barris,08031,Barcelona,True,,693721,100002,Informació d'interès,E-mail,lanassantaeulalia@gmail.com,False,,430881.074,4586895.339,41.43065049102829,2.1727447493542176,"<table class=""timetable-table""><tr class=""timetable-header""><th class=""weekdays"">Dies</th><th class=""hours"">Hores</th></tr><tr><td class=""timetable-day"" rowspan=1><div>De dilluns a divendres</div></td><td class=""timetable-hour"" rowspan=1><div>de 10.00&nbsp;h a 13.30&nbsp;h i <br>de 17.00&nbsp;h a 19.30&nbsp;h</div></td></tr><tr><td class=""timetable-day"" rowspan=1><div>Dissabte</div></td><td class=""timetable-hour"" rowspan=1><div>d'11.00&nbsp;h a 13.00&nbsp;h</div></td></tr></table>"
﻿92086004412,Centre d'Atenció Primària Roger de Flor,,,1984-05-30T00:00:00+02:00,2026-07-06T12:44:44.287708+02:00,,,286504,Carrer de Roger de Flor,194,198,07,la Dreta de l'Eixample,02,Eixample,08013,Barcelona,True,,39834,100002,Informació d'interès,E-mail,info@eapdretaeixample.com,True,,430845.936,4583367.58,41.3988741870165,2.1727275017570427,"<table class=""timetable-table""><tr class=""timetable-header""><th class=""weekdays"">Dies</th><th class=""hours"">Hores</th></tr><tr><td class=""timetable-day"" rowspan=1><div>De dilluns a divendres</div></td><td class=""timetable-hour"" rowspan=1><div>de 08:00 h a 20:00 h</div></td></tr><tr><td class=""timetable-day"" rowspan=1><div>dissabtes</div></td><td class=""timetable-hour"" rowspan=1><div>de 09:00 h a 17:00 h</div></td></tr></table>"
﻿99400766161,Oficina Occident *Ruben Dario,,,2025-10-27T16:50:48.616495+01:00,2026-08-31T12:16:03.165485+02:00,,,290308,Carrer de Rubén Darío,27,27,60,Sant Andreu,09,Sant Andreu,08030,Barcelona,True,,693762,100003,Informació d'interès,Web,https://www.occident.com/,True,,432185.01,4587267.488,41.43411346136124,2.188307736937669,
﻿99400766162,Botiga Equip,,,2025-10-27T17:01:23.411272+01:00,2026-08-31T12:14:29.915534+02:00,,,296257,Riera de Sant Andreu,1,3,60,Sant Andreu,09,Sant Andreu,08030,Barcelona,True,,,,,,,,,432255.215,4587236.423,41.433839594866505,2.1891514370099645,
﻿99400766167,"Carns i embotits ""Ca la Nuri""",,,2025-10-27T17:45:33.826544+01:00,2026-08-31T10:36:13.779210+02:00,,,301109,Plaça de les Palmeres,11,11,60,Sant Andreu,09,Sant Andreu,08030,Barcelona,True,,693774,20001,Telèfons,Tel.,933114155,False,,431970.824,4587137.267,41.432922491806494,2.1857590040373562,"<table class=""timetable-table""><tr class=""timetable-header""><th class=""weekdays"">Dies</th><th class=""hours"">Hores</th></tr><tr><td class=""timetable-day"" rowspan=1><div>De dilluns a divendres</div></td><td class=""timetable-hour"" rowspan=1><div>de 08.00&nbsp;h a 14.30&nbsp;h i <br>de 17.00&nbsp;h a 20.00&nbsp;h</div></td></tr><tr><td class=""timetable-day"" rowspan=1><div>Dissabte</div></td><td class=""timetable-hour"" rowspan=1><div>de 08.00&nbsp;h a 14.30&nbsp;h</div></td></tr></table>"
﻿99021111627,Biblioteca Vilapicina i la Torre Llobeta - Carmen Laforet,,,1999-01-21T00:00:00+01:00,2026-08-31T14:33:21.094853+02:00,,,701719,Plaça de Carmen Laforet,11,,44,Vilapicina i la Torre Llobeta,08,Nou Barris,08016,Barcelona,True,,46821,100002,Informació d'interès,E-mail,b.barcelona.vtl@diba.cat,True,,431188.352918094,4586477.784165574,41.42691611188821,2.1764696039707148,"<table class=""timetable-table""><tr class=""timetable-header""><th class=""period"">Període</th><th class=""weekdays"">Dies</th><th class=""hours"">Hores</th></tr><tr><td class=""timetable-period current"" rowspan=4><div><p style=""margin:0"">Horari habitual</p><p style=""margin:0"">al llarg de l'any</p></div></td><td class=""timetable-day"" rowspan=1><div>Dilluns i dijous</div></td><td class=""timetable-hour"" rowspan=1><div>de 15.30&nbsp;h a 20.00&nbsp;h</div></td></tr><tr><td class=""timetable-day"" rowspan=1><div><p style=""margin:0"">Dimarts, dimecres i divendres </p><p style=""margin:0"">excepte dimarts 23 de juny</p></div></td><td class=""timetable-hour"" rowspan=1><div>de 09.30&nbsp;h a 13.30&nbsp;h i <br>de 15.30&nbsp;h a 20.00&nbsp;h</div></td></tr><tr><td class=""timetable-day"" rowspan=1><div><p style=""margin:0"">Dimarts 23 de juny</p></div></td><td class=""timetable-hour"" rowspan=1><div>de 09.30&nbsp;h a 13.30&nbsp;h</div></td></tr><tr><td class=""timetable-day"" rowspan=1><div>Dissabte</div></td><td class=""timetable-hour"" rowspan=1><div>de 10.00&nbsp;h a 14.00&nbsp;h</div></td></tr><tr><td class=""timetable-period"" rowspan=2><div><p style=""margin:0"">Estiu 2026</p><p style=""margin:0"">Del 24 juny al 31 juliol</p></div></td><td class=""timetable-day"" rowspan=1><div>Dilluns i dijous</div></td><td class=""timetable-hour"" rowspan=1><div>de 15.30&nbsp;h a 20.00&nbsp;h</div></td></tr><tr><td class=""timetable-day"" rowspan=1><div>Dimarts, dimecres i divendres</div></td><td class=""timetable-hour"" rowspan=1><div>de 09.30&nbsp;h a 13.30&nbsp;h i <br>de 15.30&nbsp;h a 20.00&nbsp;h</div></td></tr><tr><td class=""timetable-period"" rowspan=1><div>De l'1 agost al 31 agost</div></td><td class=""timetable-day"" rowspan=1><div><p style=""margin:0"">Tots els dies</p></div></td><td class=""timetable-hour"" rowspan=1><div><p style=""margin:0"">Tancada</p></div></td></tr><tr><td class=""timetable-period"" rowspan=2><div>De l'1 setembre al 24 setembre</div></td><td class=""timetable-day"" rowspan=1><div>Dilluns i dijous</div></td><td class=""timetable-hour"" rowspan=1><div>de 15.30&nbsp;h a 20.00&nbsp;h</div></td></tr><tr><td class=""timetable-day"" rowspan=1><div>Dimarts, dimecres i divendres</div></td><td class=""timetable-hour"" rowspan=1><div>de 09.30&nbsp;h a 13.30&nbsp;h i <br>de 15.30&nbsp;h a 20.00&nbsp;h</div></td></tr></table>"
﻿95025093613,Casal de Gent Gran La Capa,,,1995-01-25T00:00:00+01:00,2026-07-29T08:52:29.438248+02:00,,,012600,Carrer dels Alts Forns,84,,13,la Marina de Port,03,Sants-Montjuïc,08038,Barcelona,True,,44979,100002,Informació d'interès,E-mail,lamarina@esport3.org,True,,428295.25358059094,4579072.1698131235,41.35996359173739,2.1427257715980694,"<table class=""timetable-table""><tr class=""timetable-header""><th class=""period"">Període</th><th class=""weekdays"">Dies</th><th class=""hours"">Hores</th></tr><tr><td class=""timetable-period current"" rowspan=1><div>Del 3 setembre al 31 juliol</div></td><td class=""timetable-day"" rowspan=1><div>De dilluns a divendres</div></td><td class=""timetable-hour"" rowspan=1><div>de 10:00 h a 13:00 h i<BR>de 16:00 h a 19:30 h</div></td></tr><tr><td class=""timetable-period"" rowspan=1><div>De l'1 agost al 2 setembre</div></td><td class=""timetable-day"" rowspan=1><div><p style=""margin:0"">Tots els dies</p></div></td><td class=""timetable-hour"" rowspan=1><div><p style=""margin:0"">Tancat</p></div></td></tr></table>"
﻿75990073987,Llibreria Claret,,,1996-09-18T00:00:00+02:00,2026-09-17T11:53:58.778079+02:00,,,325005,Carrer de Sicília,410,412,32,el Camp d'en Grassot i Gràcia Nova,06,Gràcia,08025,Barcelona,True,,35421,100002,Informació d'interès,E-mail,llibreria@claret.cat,True,,430369.45,4584239.233,41.40668374242463,2.1669277314876934,"<table class=""timetable-table""><tr class=""timetable-header""><th class=""period"">Període</th><th class=""weekdays"">Dies</th><th class=""hours"">Hores</th></tr><tr><td class=""timetable-period"" rowspan=2><div><p style=""margin:0"">De setembre a juliol</p></div></td><td class=""timetable-day"" rowspan=1><div>De dilluns a divendres</div></td><td class=""timetable-hour"" rowspan=1><div>de 10.00&nbsp;h a 14.00&nbsp;h i <br>de 16.00&nbsp;h a 20.00&nbsp;h</div></td></tr><tr><td class=""timetable-day"" rowspan=1><div>Dissabte</div></td><td class=""timetable-hour"" rowspan=1><div>de 10.00&nbsp;h a 14.00&nbsp;h</div></td></tr><tr><td class=""timetable-period"" rowspan=1><div><p style=""margin:0"">Agost</p></div></td><td class=""timetable-day"" rowspan=1><div><p style=""margin:0"">Tots els dies</p></div></td><td class=""timetable-hour"" rowspan=1><div><p style=""margin:0"">Tancat</p></div></td></tr></table>"
﻿92086005338,Col·legi Oficial de Metges de Barcelona,,,1984-05-30T00:00:00+02:00,2025-06-03T14:54:53.754371+02:00,,,044709,Passeig de la Bonanova,47,,24,les Tres Torres,05,Sarrià-Sant Gervasi,08017,Barcelona,True,,40227,100002,Informació d'interès,E-mail,col.metges@comb.cat,True,,427225.1209266232,4583998.409506439,41.404236241777,2.129341454867993,"<table class=""timetable-table""><tr class=""timetable-header""><th class=""period"">Període</th><th class=""weekdays"">Dies</th><th class=""hours"">Hores</th></tr><tr><td class=""timetable-period"" rowspan=2><div>De l'1 setembre al 31 juliol</div></td><td class=""timetable-day"" rowspan=1><div>De dilluns a dijous</div></td><td class=""timetable-hour"" rowspan=1><div>de 08.00&nbsp;h a 20.00&nbsp;h</div></td></tr><tr><td class=""timetable-day"" rowspan=1><div>Divendres</div></td><td class=""timetable-hour"" rowspan=1><div>de 08.00&nbsp;h a 15.00&nbsp;h</div></td></tr><tr><td class=""timetable-period"" rowspan=1><div>De l'1 agost al 31 agost</div></td><td class=""timetable-day"" rowspan=1><div>De dilluns a divendres</div></td><td class=""timetable-hour"" rowspan=1><div>de 08.00&nbsp;h a 15.00&nbsp;h</div></td></tr></table>"
﻿98168115723,Piscina Clapoteig Coberta,92168153135,Centre Esportiu Municipal Can Felipa,1998-06-17T00:00:00+02:00,2026-07-27T13:06:34.256866+02:00,,,700802,Pl Josep M. Huertas Claveria,1,,68,el Poblenou,10,Sant Martí,08005,BARCELONA,True,,200590,20001,Telèfons,Tel.,933086095,True,,433173.2731653361,4583879.2838958185,41.40367975860696,2.20050971216533,"<table class=""timetable-table""><tr class=""timetable-header""><th class=""weekdays"">Dies</th><th class=""hours"">Hores</th></tr><tr><td class=""timetable-day"" rowspan=1><div>De dilluns a divendres</div></td><td class=""timetable-hour"" rowspan=1><div>de 06:00 h a 23:00 h</div></td></tr><tr><td class=""timetable-day"" rowspan=1><div>Dies no dprefinits</div></td><td class=""timetable-hour"" rowspan=1><div>de 08.00&nbsp;h a 15.00&nbsp;h</div></td></tr><tr><td class=""timetable-day"" rowspan=1><div>Diumenge i  festius</div></td><td class=""timetable-hour"" rowspan=1><div>de 09.00&nbsp;h a 15.00&nbsp;h</div></td></tr></table>"
﻿92086009456,Mercat de la Marina,,,1984-12-28T00:00:00+01:00,2026-06-23T18:23:04.960749+02:00,,,369408,Passeig de la Zona Franca,178,,13,la Marina de Port,03,Sants-Montjuïc,08038,Barcelona,True,,662414,100003,Informació d'interès,Web,https://mercatmarina.barcelona,False,,428000.2154405831,4579121.355270005,41.36038025969584,2.1391929530213143,"<table class=""timetable-table""><tr class=""timetable-header""><th class=""period"">Període</th><th class=""weekdays"">Dies</th><th class=""hours"">Hores</th></tr><tr><td class=""timetable-period current"" rowspan=4><div>De l'1 setembre al 31 juliol</div></td><td class=""timetable-day"" rowspan=1><div>Dilluns, dimecres i dijous</div></td><td class=""timetable-hour"" rowspan=1><div>de 08:00 h a 14:00 h</div></td></tr><tr><td class=""timetable-day"" rowspan=1><div>Dimarts</div></td><td class=""timetable-hour"" rowspan=1><div>de 08:00 h a 14:00 h i<BR>de 17:00 h a 20:00 h</div></td></tr><tr><td class=""timetable-day"" rowspan=1><div>Divendres</div></td><td class=""timetable-hour"" rowspan=1><div>de 08:00 h a 20:00 h</div></td></tr><tr><td class=""timetable-day"" rowspan=1><div>Dissabte</div></td><td class=""timetable-hour"" rowspan=1><div>de 08.00&nbsp;h a 14.30&nbsp;h</div></td></tr><tr><td class=""timetable-period"" rowspan=2><div>De l'1 agost al 31 agost</div></td><td class=""timetable-day"" rowspan=1><div>De dilluns a divendres</div></td><td class=""timetable-hour"" rowspan=1><div>de 08.00&nbsp;h a 14.00&nbsp;h</div></td></tr><tr><td class=""timetable-day"" rowspan=1><div>Dissabte</div></td><td class=""timetable-hour"" rowspan=1><div>de 08.00&nbsp;h a 14.30&nbsp;h</div></td></tr></table>"
﻿97160101028,Fundació Privada Avismón Catalunya,,,1997-06-09T00:00:00+02:00,2025-10-27T12:12:47.991626+01:00,,,173905,Carrer dels Jocs Florals,59,,18,Sants,03,Sants-Montjuïc,08014,Barcelona,True,,46340,100002,Informació d'interès,E-mail,info@avismon.org,True,,427657.2944625149,4580583.08292356,41.37351476889146,2.1349191690799216,"<table class=""timetable-table""><tr class=""timetable-header""><th class=""weekdays"">Dies</th><th class=""hours"">Hores</th></tr><tr><td class=""timetable-day"" rowspan=1><div>De dilluns a dijous</div></td><td class=""timetable-hour"" rowspan=1><div>de 09.00&nbsp;h a 18.30&nbsp;h</div></td></tr><tr><td class=""timetable-day"" rowspan=1><div>Divendres</div></td><td class=""timetable-hour"" rowspan=1><div>de 09.00&nbsp;h a 17.00&nbsp;h</div></td></tr></table>"
﻿99400299968,Biblioteca El Camp de l'Arpa - Caterina Albert,,,2012-09-06T12:53:28+02:00,2026-08-31T13:53:57.610545+02:00,,,161407,Carrer de la Indústria,295,,64,el Camp de l'Arpa del Clot,10,Sant Martí,08041,Barcelona,True,,55714,100002,Informació d'interès,E-mail,b.barcelona.ca@diba.cat,True,,431663.7085550855,4585238.780338199,41.415797406903124,2.182298054802049,"<table class=""timetable-table""><tr class=""timetable-header""><th class=""period"">Període</th><th class=""weekdays"">Dies</th><th class=""hours"">Hores</th></tr><tr><td class=""timetable-period current"" rowspan=3><div><p style=""margin:0"">Horari habitual </p><p style=""margin:0"">al llarg de l'any</p></div></td><td class=""timetable-day"" rowspan=1><div>Dilluns i dimecres</div></td><td class=""timetable-hour"" rowspan=1><div>de 15.30&nbsp;h a 20.00&nbsp;h</div></td></tr><tr><td class=""timetable-day"" rowspan=1><div><p style=""margin:0"">Dimarts, dijous i divendres </p><p style=""margin:0"">excepte dimarts 23 de juny</p></div></td><td class=""timetable-hour"" rowspan=1><div>de 09.30&nbsp;h a 13.30&nbsp;h i <br>de 15.30&nbsp;h a 20.00&nbsp;h</div></td></tr><tr><td class=""timetable-day"" rowspan=1><div>Dissabte</div></td><td class=""timetable-hour"" rowspan=1><div>de 10.00&nbsp;h a 14.00&nbsp;h</div></td></tr><tr><td class=""timetable-period"" rowspan=2><div><p style=""margin:0"">Estiu 2026</p><p style=""margin:0""><span class=""ql-cursor"">﻿</span>Del 24 juny al 31 juliol</p></div></td><td class=""timetable-day"" rowspan=1><div>Dilluns i dimecres</div></td><td class=""timetable-hour"" rowspan=1><div>de 15.30&nbsp;h a 20.00&nbsp;h</div></td></tr><tr><td class=""timetable-day"" rowspan=1><div>Dimarts, dijous i divendres</div></td><td class=""timetable-hour"" rowspan=1><div>de 09.30&nbsp;h a 13.30&nbsp;h i <br>de 15.30&nbsp;h a 20.00&nbsp;h</div></td></tr><tr><td class=""timetable-period"" rowspan=1><div>De l'1 agost al 31 agost</div></td><td class=""timetable-day"" rowspan=1><div><p style=""margin:0"">Tots el dies</p></div></td><td class=""timetable-hour"" rowspan=1><div><p style=""margin:0"">Tancada</p></div></td></tr><tr><td class=""timetable-period"" rowspan=2><div>De l'1 setembre al 24 setembre</div></td><td class=""timetable-day"" rowspan=1><div>Dilluns i dimecres</div></td><td class=""timetable-hour"" rowspan=1><div>de 15.30&nbsp;h a 20.00&nbsp;h</div></td></tr><tr><td class=""timetable-day"" rowspan=1><div>Dimarts, dijous i divendres</div></td><td class=""timetable-hour"" rowspan=1><div>de 09.30&nbsp;h a 13.30&nbsp;h i <br>de 15.30&nbsp;h a 20.00&nbsp;h</div></td></tr></table>"
﻿99400293976,Fundació Privada Enllaç,,,2012-05-31T14:36:02+02:00,2026-04-24T08:01:00.950164+02:00,,,289105,Carrer del Rosselló,328,,07,la Dreta de l'Eixample,02,Eixample,08025,Barcelona,True,,55821,100002,Informació d'interès,E-mail,informacio@fundacioenllac.cat,True,,430558.7055961782,4583734.837777873,41.40215719944182,2.1692496575664832,"<table class=""timetable-table""><tr class=""timetable-header""><th class=""weekdays"">Dies</th><th class=""hours"">Hores</th></tr><tr><td class=""timetable-day"" rowspan=1><div>De dilluns a divendres</div></td><td class=""timetable-hour"" rowspan=1><div>de 17.00&nbsp;h a 21.00&nbsp;h</div></td></tr></table>"
﻿92086011152,Casal de Gent Gran Baró de Viver,,,1985-02-21T00:00:00+01:00,2026-05-29T14:12:52.393300+02:00,,,273003,Carrer de Quito,8,10,58,Baró de Viver,09,Sant Andreu,08030,Barcelona,True,,40826,100002,Informació d'interès,E-mail,cggbaroviver@gmail.com,True,,433198.615,4588610.205,41.4462918208594,2.200290194498161,"<table class=""timetable-table""><tr class=""timetable-header""><th class=""period"">Període</th><th class=""weekdays"">Dies</th><th class=""hours"">Hores</th></tr><tr><td class=""timetable-period"" rowspan=2><div><p style=""margin:0"">De setembre a juny</p></div></td><td class=""timetable-day"" rowspan=1><div>De dilluns a divendres</div></td><td class=""timetable-hour"" rowspan=1><div>de 09.30&nbsp;h a 13.00&nbsp;h i <br>de 16.00&nbsp;h a 19.30&nbsp;h</div></td></tr><tr><td class=""timetable-day"" rowspan=1><div>Dissabte i diumenge</div></td><td class=""timetable-hour"" rowspan=1><div>de 10.00&nbsp;h a 13.00&nbsp;h i <br>de 16.00&nbsp;h a 19.30&nbsp;h</div></td></tr><tr><td class=""timetable-period"" rowspan=1><div><p style=""margin:0"">Juliol</p></div></td><td class=""timetable-day"" rowspan=1><div>Cada dia</div></td><td class=""timetable-hour"" rowspan=1><div>de 10.00&nbsp;h a 13.00&nbsp;h i <br>de 16.00&nbsp;h a 19.30&nbsp;h</div></td></tr><tr><td class=""timetable-period"" rowspan=3><div><p style=""margin:0"">Agost</p></div></td><td class=""timetable-day"" rowspan=1><div>De dilluns a divendres</div></td><td class=""timetable-hour"" rowspan=1><div>de 16.00&nbsp;h a 20.00&nbsp;h</div></td></tr><tr><td class=""timetable-day"" rowspan=1><div>Dissabte</div></td><td class=""timetable-hour"" rowspan=1><div>de 10.00&nbsp;h a 13.15&nbsp;h</div></td></tr><tr><td class=""timetable-day"" rowspan=1><div>Diumenge</div></td><td class=""timetable-hour"" rowspan=1><div>de 16.00&nbsp;h a 20.00&nbsp;h</div></td></tr></table>"
﻿99400397214,Aula Ambiental Bosc Turull,,,2015-09-18T13:00:55+02:00,2026-09-01T10:36:28.015793+02:00,,,348306,Passeig de Turull,2,,28,Vallcarca i els Penitents,06,Gràcia,08023,Barcelona,True,,57408,100002,Informació d'interès,E-mail,aula@boscturull.cat,True,,428721.2571822881,4584989.406162114,41.41329579342084,2.147122165866575,"<table class=""timetable-table""><tr class=""timetable-header""><th class=""period"">Període</th><th class=""weekdays"">Dies</th><th class=""hours"">Hores</th><th class=""description"">Observacions</th></tr><tr><td class=""timetable-period"" rowspan=2><div><p style=""margin:0"">Horari tardor-hivern</p></div></td><td class=""timetable-day"" rowspan=1><div>Dimarts, dijous i divendres</div></td><td class=""timetable-hour"" rowspan=1><div>de 09.30&nbsp;h a 14.30&nbsp;h</div></td><td class=""timetable-description"" rowspan=4><div><p style=""margin:0"">Obren 2 dissabtes al mes</p><p style=""margin:0"">Tancat: Mes d’agost i períodes de vacances</p><p style=""margin:0"">escolars de Nadals i Setmana Santa</p></div></td></tr><tr><td class=""timetable-day"" rowspan=1><div>Dimecres</div></td><td class=""timetable-hour"" rowspan=1><div>de 09.30&nbsp;h a 14.30&nbsp;h i <br>de 15.30&nbsp;h a 18.00&nbsp;h</div></td></tr><tr><td class=""timetable-period current"" rowspan=2><div><p style=""margin:0"">Horari primavera-estiu</p></div></td><td class=""timetable-day"" rowspan=1><div>Dimarts, dijous i divendres</div></td><td class=""timetable-hour"" rowspan=1><div>de 09.30&nbsp;h a 14.30&nbsp;h</div></td></tr><tr><td class=""timetable-day"" rowspan=1><div>Dimecres</div></td><td class=""timetable-hour"" rowspan=1><div>de 09.30&nbsp;h a 14.30&nbsp;h i <br>de 15.30&nbsp;h a 19.00&nbsp;h</div></td></tr></table>"
﻿99400329623,Biblioteca El Clot - Josep Benet,,,2013-11-12T14:02:11+01:00,2026-08-31T14:03:24.033466+02:00,,,146902,Plaça de les Glòries Catalanes,37,,66,el Parc i la Llacuna del Poblenou,10,Sant Martí,08018,Barcelona,True,,56164,100002,Informació d'interès,E-mail,b.barcelona.jb@diba.cat,True,,432130.6633167254,4583769.22076164,41.40260111169283,2.1880498461023428,"<table class=""timetable-table""><tr class=""timetable-header""><th class=""period"">Període</th><th class=""weekdays"">Dies</th><th class=""hours"">Hores</th></tr><tr><td class=""timetable-period current"" rowspan=4><div><p style=""margin:0"">Horari habitual</p><p style=""margin:0"">al llarg de l'any</p></div></td><td class=""timetable-day"" rowspan=1><div>Dilluns i dijous</div></td><td class=""timetable-hour"" rowspan=1><div>de 15.30&nbsp;h a 20.00&nbsp;h</div></td></tr><tr><td class=""timetable-day"" rowspan=1><div><p style=""margin:0"">Dimarts, dimecres i divendres</p><p style=""margin:0"">excepte 23 de juny</p></div></td><td class=""timetable-hour"" rowspan=1><div>de 09.30&nbsp;h a 13.30&nbsp;h i <br>de 15.30&nbsp;h a 20.00&nbsp;h</div></td></tr><tr><td class=""timetable-day"" rowspan=1><div><p style=""margin:0"">Dimarts 23 de juny</p></div></td><td class=""timetable-hour"" rowspan=1><div>de 09.30&nbsp;h a 13.30&nbsp;h</div></td></tr><tr><td class=""timetable-day"" rowspan=1><div>Dissabte</div></td><td class=""timetable-hour"" rowspan=1><div>de 10.00&nbsp;h a 14.00&nbsp;h</div></td></tr><tr><td class=""timetable-period"" rowspan=2><div><p style=""margin:0"">Estiu 2026</p><p style=""margin:0"">Del 24 juny al 31 juliol</p><p style=""margin:0""><br></p></div></td><td class=""timetable-day"" rowspan=1><div>Dilluns i dijous</div></td><td class=""timetable-hour"" rowspan=1><div>de 15.30&nbsp;h a 20.00&nbsp;h</div></td></tr><tr><td class=""timetable-day"" rowspan=1><div><p style=""margin:0"">Dimarts, dimecres i divendres</p></div></td><td class=""timetable-hour"" rowspan=1><div>de 09.30&nbsp;h a 13.30&nbsp;h i <br>de 15.30&nbsp;h a 20.00&nbsp;h</div></td></tr><tr><td class=""timetable-period"" rowspan=1><div>De l'1 agost al 31 agost</div></td><td class=""timetable-day"" rowspan=1><div><p style=""margin:0"">Tots els dies</p></div></td><td class=""timetable-hour"" rowspan=1><div><p style=""margin:0"">Tancada</p></div></td></tr><tr><td class=""timetable-period"" rowspan=2><div>De l'1 setembre al 24 setembre</div></td><td class=""timetable-day"" rowspan=1><div>Dilluns i dijous</div></td><td class=""timetable-hour"" rowspan=1><div>de 15.30&nbsp;h a 20.00&nbsp;h</div></td></tr><tr><td class=""timetable-day"" rowspan=1><div><p style=""margin:0"">Dimarts, dimecres i divendres</p></div></td><td class=""timetable-hour"" rowspan=1><div>de 09.30&nbsp;h a 13.30&nbsp;h i <br>de 15.30&nbsp;h a 20.00&nbsp;h</div></td></tr></table>"
﻿92086011153,Casal de Gent Gran Bon Pastor,,,1985-02-21T00:00:00+01:00,2026-05-29T14:12:52.274158+02:00,,,008400,Carrer d'Alfarràs,28,30,59,el Bon Pastor,09,Sant Andreu,08030,Barcelona,True,,40905,100002,Informació d'interès,E-mail,cggbonpastor@gmail.com,True,,433581.22,4587687.083,41.4380093076867,2.2049715983930556,"<table class=""timetable-table""><tr class=""timetable-header""><th class=""period"">Període</th><th class=""weekdays"">Dies</th><th class=""hours"">Hores</th></tr><tr><td class=""timetable-period"" rowspan=2><div><p style=""margin:0"">De setembre a juliol</p></div></td><td class=""timetable-day"" rowspan=1><div>De dilluns a divendres</div></td><td class=""timetable-hour"" rowspan=1><div>de 09.30&nbsp;h a 13.00&nbsp;h i <br>de 16.00&nbsp;h a 19.30&nbsp;h</div></td></tr><tr><td class=""timetable-day"" rowspan=1><div>Dissabte i diumenge</div></td><td class=""timetable-hour"" rowspan=1><div>de 10:00 h a 13:00 h i<BR>de 16:00 h a 19:30 h</div></td></tr><tr><td class=""timetable-period"" rowspan=3><div><p style=""margin:0"">Agost</p></div></td><td class=""timetable-day"" rowspan=1><div>De dilluns a divendres</div></td><td class=""timetable-hour"" rowspan=1><div>de 16.00&nbsp;h a 20.00&nbsp;h</div></td></tr><tr><td class=""timetable-day"" rowspan=1><div>Dissabte</div></td><td class=""timetable-hour"" rowspan=1><div>de 10.00&nbsp;h a 13.15&nbsp;h</div></td></tr><tr><td class=""timetable-day"" rowspan=1><div>Diumenge</div></td><td class=""timetable-hour"" rowspan=1><div>de 16.00&nbsp;h a 20.00&nbsp;h</div></td></tr></table>"
﻿92086011154,Casal de Gent Gran La Palmera,,,1985-02-21T00:00:00+01:00,2026-05-29T14:12:52.178142+02:00,,,233701,Carrer d'Olesa,41,41,61,la Sagrera,09,Sant Andreu,08027,Barcelona,True,,40645,100002,Informació d'interès,E-mail,gestiopalmera@bcn.cat,True,,431898.186,4586007.381,41.422739842995554,2.1850169617793664,"<table class=""timetable-table""><tr class=""timetable-header""><th class=""period"">Període</th><th class=""weekdays"">Dies</th><th class=""hours"">Hores</th></tr><tr><td class=""timetable-period"" rowspan=2><div><p style=""margin:0"">De setembre a juliol</p></div></td><td class=""timetable-day"" rowspan=1><div>De dilluns a divendres</div></td><td class=""timetable-hour"" rowspan=1><div>de 09.30&nbsp;h a 13.00&nbsp;h i <br>de 16.00&nbsp;h a 19.30&nbsp;h</div></td></tr><tr><td class=""timetable-day"" rowspan=1><div>Dissabte i diumenge</div></td><td class=""timetable-hour"" rowspan=1><div>de 10.00&nbsp;h a 13.00&nbsp;h i <br>de 16.00&nbsp;h a 19.30&nbsp;h</div></td></tr><tr><td class=""timetable-period"" rowspan=3><div><p style=""margin:0"">Agost</p></div></td><td class=""timetable-day"" rowspan=1><div>De dilluns a divendres</div></td><td class=""timetable-hour"" rowspan=1><div>de 16.00&nbsp;h a 20.00&nbsp;h</div></td></tr><tr><td class=""timetable-day"" rowspan=1><div>Dissabte</div></td><td class=""timetable-hour"" rowspan=1><div>de 16.30&nbsp;h a 19.45&nbsp;h</div></td></tr><tr><td class=""timetable-day"" rowspan=1><div>Diumenge</div></td><td class=""timetable-hour"" rowspan=1><div>de 16.00&nbsp;h a 20.00&nbsp;h</div></td></tr></table>"
﻿92086011160,Casal Cívic i Comunitari Barcelona - Bac de Roda,,,1985-02-21T00:00:00+01:00,2026-09-01T10:01:53.961530+02:00,,,030409,C Bac de Roda,190,,72,Sant Martí de Provençals,10,Sant Martí,08020,BARCELONA,True,,40967,100002,Informació d'interès,E-mail,barcelonabacderoda.casal@gencat.cat,True,,432797.6965750654,4585076.811144387,41.414434230336326,2.1958838867590136,"<table class=""timetable-table""><tr class=""timetable-header""><th class=""period"">Període</th><th class=""weekdays"">Dies</th><th class=""hours"">Hores</th></tr><tr><td class=""timetable-period"" rowspan=1><div>de l'1 de setembre<br>al 31 de juliol</div></td><td class=""timetable-day"" rowspan=1><div>De dilluns a dissabte</div></td><td class=""timetable-hour"" rowspan=1><div>de 10.00&nbsp;h a 13.30&nbsp;h i <br>de 15.00&nbsp;h a 21.00&nbsp;h</div></td></tr><tr><td class=""timetable-period"" rowspan=1><div>de l'1 d'agost<br>al 31 d'agost</div></td><td class=""timetable-day"" rowspan=1><div>Tots els dies</div></td><td class=""timetable-hour"" rowspan=1><div>Tancat</div></td></tr></table>"
﻿92086004289,Biblioteca Sofia Barat,,,1984-05-30T00:00:00+02:00,2026-08-31T14:31:07.792620+02:00,,,145003,Carrer de Girona,64,,07,la Dreta de l'Eixample,02,Eixample,08009,Barcelona,True,,39572,100002,Informació d'interès,E-mail,b.barcelona.sb@diba.cat,True,,430740.74499818846,4582905.756902333,41.394705643823904,2.1715220785730867,"<table class=""timetable-table""><tr class=""timetable-header""><th class=""period"">Període</th><th class=""weekdays"">Dies</th><th class=""hours"">Hores</th></tr><tr><td class=""timetable-period current"" rowspan=5><div><p style=""margin:0"">Horari habitual</p><p style=""margin:0"">al llarg de l'any</p></div></td><td class=""timetable-day"" rowspan=1><div>Dilluns i Dijous</div></td><td class=""timetable-hour"" rowspan=1><div>de 15.30&nbsp;h a 20.00&nbsp;h</div></td></tr><tr><td class=""timetable-day"" rowspan=1><div>Dimarts excepte 23 juny</div></td><td class=""timetable-hour"" rowspan=1><div>de 09.30&nbsp;h a 20.00&nbsp;h</div></td></tr><tr><td class=""timetable-day"" rowspan=1><div><p style=""margin:0"">Dimarts 23 de juny</p></div></td><td class=""timetable-hour"" rowspan=1><div>de 09.30&nbsp;h a 13.30&nbsp;h</div></td></tr><tr><td class=""timetable-day"" rowspan=1><div>Dimecres i Divendres</div></td><td class=""timetable-hour"" rowspan=1><div>de 09.30&nbsp;h a 13.30&nbsp;h i <br>de 15.30&nbsp;h a 20.00&nbsp;h</div></td></tr><tr><td class=""timetable-day"" rowspan=1><div>Dissabte</div></td><td class=""timetable-hour"" rowspan=1><div>de 10.00&nbsp;h a 14.00&nbsp;h</div></td></tr><tr><td class=""timetable-period"" rowspan=3><div><p style=""margin:0"">Estiu 2026</p><p style=""margin:0"">Del 24 juny al 31 juliol</p></div></td><td class=""timetable-day"" rowspan=1><div>Dilluns i Dijous</div></td><td class=""timetable-hour"" rowspan=1><div>de 15.30&nbsp;h a 20.00&nbsp;h</div></td></tr><tr><td class=""timetable-day"" rowspan=1><div>Dimarts</div></td><td class=""timetable-hour"" rowspan=1><div>de 09.30&nbsp;h a 20.00&nbsp;h</div></td></tr><tr><td class=""timetable-day"" rowspan=1><div>Dimecres i Divendres</div></td><td class=""timetable-hour"" rowspan=1><div>de 09.30&nbsp;h a 13.30&nbsp;h i <br>de 15.30&nbsp;h a 20.00&nbsp;h</div></td></tr><tr><td class=""timetable-period"" rowspan=1><div>De l'1 agost al 31 agost</div></td><td class=""timetable-day"" rowspan=1><div><p style=""margin:0"">Tots els dies</p></div></td><td class=""timetable-hour"" rowspan=1><div><p style=""margin:0"">Tancada</p></div></td></tr><tr><td class=""timetable-period"" rowspan=3><div>De l'1 setembre al 24 setembre</div></td><td class=""timetable-day"" rowspan=1><div>Dilluns i Dijous</div></td><td class=""timetable-hour"" rowspan=1><div>de 15.30&nbsp;h a 20.00&nbsp;h</div></td></tr><tr><td class=""timetable-day"" rowspan=1><div>Dimarts</div></td><td class=""timetable-hour"" rowspan=1><div>de 09.30&nbsp;h a 20.00&nbsp;h</div></td></tr><tr><td class=""timetable-day"" rowspan=1><div>Dimecres i Divendres</div></td><td class=""timetable-hour"" rowspan=1><div>de 09.30&nbsp;h a 13.30&nbsp;h i <br>de 15.30&nbsp;h a 20.00&nbsp;h</div></td></tr></table>"
﻿99400110852,Piscina Descoberta,99400110850,Centre Esportiu Municipal Guinardó,2005-05-13T13:25:00+02:00,2026-07-01T09:52:32.802069+02:00,,,332805,Carrer del Telègraf,31,57,35,el Guinardó,07,Horta-Guinardó,08041,Barcelona,True,,50814,100002,Informació d'interès,E-mail,cemguinardo@cemguinardo.cat,True,,430939.959,4585381.34,41.41701952006085,2.1736223594731614,"<table class=""timetable-table""><tr class=""timetable-header""><th class=""period"">Període</th><th class=""weekdays"">Dies</th><th class=""hours"">Hores</th><th class=""prices"">Preus</th></tr><tr><td class=""timetable-period"" rowspan=1><div>De l'1 juny al 23 juny</div></td><td class=""timetable-day"" rowspan=1><div>Dissabte i diumenge</div></td><td class=""timetable-hour"" rowspan=1><div>de 10.00&nbsp;h a 19.00&nbsp;h</div></td><td class=""timetable-price"" rowspan=3><div>Entrada general de: 8.7 a 9.15 €  <p style=""margin:0"">Preu dies feiners:</p><p style=""margin:0"">Adult: 8.70 €</p><p style=""margin:0"">Infantil: 7.85 €</p><p style=""margin:0""><br></p><p style=""margin:0"">Preu dies cap de setmana i festius:</p><p style=""margin:0"">Adult: 9.15 €</p><p style=""margin:0"">Infantil: 8.45 €</p></div></td></tr><tr><td class=""timetable-period"" rowspan=2><div><p style=""margin:0"">Estiu 2026:</p><p style=""margin:0"">Del 24 juny al 6 setembre</p></div></td><td class=""timetable-day"" rowspan=1><div>De dilluns a divendres</div></td><td class=""timetable-hour"" rowspan=1><div>d'11.00&nbsp;h a 19.00&nbsp;h</div></td></tr><tr><td class=""timetable-day"" rowspan=1><div>dissabtes i diumenges i festius</div></td><td class=""timetable-hour"" rowspan=1><div>de 10.00&nbsp;h a 19.00&nbsp;h</div></td></tr></table>"
﻿99400110854,Centre Esportiu Municipal Mundet,,,2005-05-13T13:43:51+02:00,2026-09-16T13:08:41.125069+02:00,,,701685,C Olympe de Gouges,,,40,Montbau,07,Horta-Guinardó,08035,BARCELONA,True,,85243,100003,Informació d'interès,Web,http://www.cemmundet.cat,True,,428389.08085866366,4587573.668907303,41.43654158784715,2.1428419118859967,"<table class=""timetable-table""><tr class=""timetable-header""><th class=""weekdays"">Dies</th><th class=""hours"">Hores</th></tr><tr><td class=""timetable-day"" rowspan=1><div>De dilluns a divendres</div></td><td class=""timetable-hour"" rowspan=1><div>de 07.00&nbsp;h a 23.00&nbsp;h</div></td></tr><tr><td class=""timetable-day"" rowspan=1><div>Dissabte</div></td><td class=""timetable-hour"" rowspan=1><div>de 08.00&nbsp;h a 20.00&nbsp;h</div></td></tr><tr><td class=""timetable-day"" rowspan=1><div>Diumenge i  festius</div></td><td class=""timetable-hour"" rowspan=1><div>de 09.00&nbsp;h a 13.00&nbsp;h</div></td></tr></table>"
﻿92086000482,Biblioteca Sant Pau - Santa Creu,,,1984-05-30T00:00:00+02:00,2026-07-16T14:56:43.253102+02:00,,,067307,Carrer del Carme,47,,01,el Raval,01,Ciutat Vella,08001,Barcelona,True,,39368,100002,Informació d'interès,E-mail,b.barcelona.spsc@diba.cat,True,,430513.78250561224,4581444.407115266,41.38152415484547,2.168975056388426,"<table class=""timetable-table""><tr class=""timetable-header""><th class=""period"">Període</th><th class=""weekdays"">Dies</th><th class=""hours"">Hores</th></tr><tr><td class=""timetable-period current"" rowspan=4><div><p style=""margin:0"">Horari habitual</p><p style=""margin:0"">al llarg de l'any</p></div></td><td class=""timetable-day"" rowspan=1><div>Dilluns, dimecres i divendres</div></td><td class=""timetable-hour"" rowspan=1><div>de 15.00&nbsp;h a 20.00&nbsp;h</div></td></tr><tr><td class=""timetable-day"" rowspan=1><div><p style=""margin:0"">Dimarts i Dijous </p><p style=""margin:0"">excepte dimarts 23 de juny</p></div></td><td class=""timetable-hour"" rowspan=1><div>de 09.30&nbsp;h a 13.30&nbsp;h i <br>de 15.00&nbsp;h a 20.00&nbsp;h</div></td></tr><tr><td class=""timetable-day"" rowspan=1><div><p style=""margin:0"">Dimarts 23 de juny</p></div></td><td class=""timetable-hour"" rowspan=1><div>de 09.30&nbsp;h a 13.30&nbsp;h</div></td></tr><tr><td class=""timetable-day"" rowspan=1><div>Dissabte</div></td><td class=""timetable-hour"" rowspan=1><div>de 10.00&nbsp;h a 14.00&nbsp;h</div></td></tr><tr><td class=""timetable-period"" rowspan=2><div><p style=""margin:0"">Estiu 2026</p><p style=""margin:0"">Del 24 juny al 24 setembre</p></div></td><td class=""timetable-day"" rowspan=1><div>Dilluns, dimecres i divendres</div></td><td class=""timetable-hour"" rowspan=1><div>de 15.00&nbsp;h a 20.00&nbsp;h</div></td></tr><tr><td class=""timetable-day"" rowspan=1><div>Dimarts i dijous</div></td><td class=""timetable-hour"" rowspan=1><div>de 09.30&nbsp;h a 13.30&nbsp;h i <br>de 15.00&nbsp;h a 20.00&nbsp;h</div></td></tr></table>"
﻿92086009463,Mercat Abaceria Central,,,1984-12-28T00:00:00+01:00,2026-07-02T13:42:13.846352+02:00,,,305100,Pg Sant Joan,181,,32,el Camp d'en Grassot i Gràcia Nova,06,Gràcia,08037,BARCELONA,True,,457059,100003,Informació d'interès,Web,https://mercatabaceria.cat,False,,430135.96867873694,4583853.189536537,41.403186528682156,2.1641791642522206,"<table class=""timetable-table""><tr class=""timetable-header""><th class=""period"">Període</th><th class=""weekdays"">Dies</th><th class=""hours"">Hores</th></tr><tr><td class=""timetable-period current"" rowspan=3><div>Del 28 agost al 2 agost</div></td><td class=""timetable-day"" rowspan=1><div>De dilluns a dijous</div></td><td class=""timetable-hour"" rowspan=1><div><p style=""margin:0"">de 08:00 h a 14:30 h i de 17:00 h a 20:30 h</p></div></td></tr><tr><td class=""timetable-day"" rowspan=1><div>Divendres</div></td><td class=""timetable-hour"" rowspan=1><div>de 08:00 h a 20:30 h</div></td></tr><tr><td class=""timetable-day"" rowspan=1><div>Dissabte</div></td><td class=""timetable-hour"" rowspan=1><div>de 08.00&nbsp;h a 15.00&nbsp;h</div></td></tr><tr><td class=""timetable-period"" rowspan=3><div>Del 3 agost al 27 agost</div></td><td class=""timetable-day"" rowspan=1><div>De dilluns a dijous</div></td><td class=""timetable-hour"" rowspan=1><div>de 08.00&nbsp;h a 14.30&nbsp;h</div></td></tr><tr><td class=""timetable-day"" rowspan=1><div>Divendres</div></td><td class=""timetable-hour"" rowspan=1><div>de 08.00&nbsp;h a 20.00&nbsp;h</div></td></tr><tr><td class=""timetable-day"" rowspan=1><div>Dissabte</div></td><td class=""timetable-hour"" rowspan=1><div>de 08.00&nbsp;h a 15.00&nbsp;h</div></td></tr></table>"
﻿75990492186,Centre Esportiu Municipal Sagrada Família,,,1998-04-04T00:00:00+02:00,2026-07-29T08:53:02.361516+02:00,,,068900,Carrer de Cartagena,231,239,06,la Sagrada Família,02,Eixample,08013,Barcelona,True,,38253,100002,Informació d'interès,E-mail,cartagena@claror.cat,True,,431405.62,4584293.156,41.40725849466968,2.179317312008101,"<table class=""timetable-table""><tr class=""timetable-header""><th class=""period"">Període</th><th class=""weekdays"">Dies</th><th class=""hours"">Hores</th></tr><tr><td class=""timetable-period"" rowspan=3><div>De l'1 setembre al 30 juny</div></td><td class=""timetable-day"" rowspan=1><div>De dilluns a divendres</div></td><td class=""timetable-hour"" rowspan=1><div>de 07.00&nbsp;h a 23.00&nbsp;h</div></td></tr><tr><td class=""timetable-day"" rowspan=1><div>Dissabte</div></td><td class=""timetable-hour"" rowspan=1><div>de 08.30&nbsp;h a 20.30&nbsp;h</div></td></tr><tr><td class=""timetable-day"" rowspan=1><div>Diumenge i  festius</div></td><td class=""timetable-hour"" rowspan=1><div>de 09.00&nbsp;h a 15.30&nbsp;h</div></td></tr><tr><td class=""timetable-period"" rowspan=3><div>De l'1 juliol al 31 juliol</div></td><td class=""timetable-day"" rowspan=1><div>De dilluns a divendres</div></td><td class=""timetable-hour"" rowspan=1><div>de 07.00&nbsp;h a 23.00&nbsp;h</div></td></tr><tr><td class=""timetable-day"" rowspan=1><div>Dissabte</div></td><td class=""timetable-hour"" rowspan=1><div><p style=""margin:0"">de 08.30&nbsp;h a 15.00&nbsp;h i</p><p style=""margin:0""><span class=""ql-cursor"">﻿</span>de 17.00&nbsp;h a 20.30&nbsp;h</p></div></td></tr><tr><td class=""timetable-day"" rowspan=1><div>Diumenge i  festius</div></td><td class=""timetable-hour"" rowspan=1><div>de 09.00&nbsp;h a 15.30&nbsp;h</div></td></tr><tr><td class=""timetable-period"" rowspan=2><div>De l'1 agost al 31 agost</div></td><td class=""timetable-day"" rowspan=1><div>De dilluns a divendres</div></td><td class=""timetable-hour"" rowspan=1><div>de 07.00&nbsp;h a 23.00&nbsp;h</div></td></tr><tr><td class=""timetable-day"" rowspan=1><div>Dissabte</div></td><td class=""timetable-hour"" rowspan=1><div>de 09.00&nbsp;h a 15.00&nbsp;h</div></td></tr></table>"
﻿94052175818,Casal de Gent Gran Les Roquetes,,,1994-02-21T00:00:00+01:00,2026-07-27T13:29:49.404006+02:00,,,701545,Plaça dels Titellaires,1,,50,les Roquetes,08,Nou Barris,08042,Barcelona,True,,44409,100002,Informació d'interès,E-mail,inforoquetes@esport3.org,True,,431057.5667498519,4588616.540303837,41.446167856874666,2.174660521309507,"<table class=""timetable-table""><tr class=""timetable-header""><th class=""period"">Període</th><th class=""weekdays"">Dies</th><th class=""hours"">Hores</th></tr><tr><td class=""timetable-period current"" rowspan=1><div>De l'1 setembre al 31 juliol</div></td><td class=""timetable-day"" rowspan=1><div>De dilluns a divendres</div></td><td class=""timetable-hour"" rowspan=1><div>de 09.30&nbsp;h a 14.00&nbsp;h i <br>de 16.00&nbsp;h a 20.00&nbsp;h</div></td></tr><tr><td class=""timetable-period"" rowspan=1><div><p style=""margin:0"">Agost</p></div></td><td class=""timetable-day"" rowspan=1><div>De dilluns a divendres</div></td><td class=""timetable-hour"" rowspan=1><div>de 16.00&nbsp;h a 20.00&nbsp;h</div></td></tr></table>"
﻿99400143851,Biblioteca Jaume Fuster,,,2005-09-29T13:44:43+02:00,2026-07-20T09:33:14.413632+02:00,,,123408,Plaça de Lesseps,20,,28,Vallcarca i els Penitents,06,Gràcia,08023,Barcelona,True,,50757,100002,Informació d'interès,E-mail,b.barcelona.jf@diba.cat,True,,428936.65922686737,4584342.780512195,41.407490969397124,2.149775202551298,"<table class=""timetable-table""><tr class=""timetable-header""><th class=""weekdays"">Dies</th><th class=""hours"">Hores</th></tr><tr><td class=""timetable-day"" rowspan=1><div>Dilluns</div></td><td class=""timetable-hour"" rowspan=1><div>de 09.30&nbsp;h a 13.30&nbsp;h i <br>de 15.30&nbsp;h a 20.30&nbsp;h</div></td></tr><tr><td class=""timetable-day"" rowspan=1><div>Dimarts, dimecres, dijous i divendres</div></td><td class=""timetable-hour"" rowspan=1><div>de 09.30&nbsp;h a 20.30&nbsp;h</div></td></tr><tr><td class=""timetable-day"" rowspan=1><div>Dissabte</div></td><td class=""timetable-hour"" rowspan=1><div>de 10.00&nbsp;h a 14.00&nbsp;h i <br>de 16.00&nbsp;h a 20.00&nbsp;h</div></td></tr><tr><td class=""timetable-day"" rowspan=1><div>Diumenge</div></td><td class=""timetable-hour"" rowspan=1><div>de 10.00&nbsp;h a 14.00&nbsp;h</div></td></tr></table>"
﻿99400765984,Gelateria Casa Sanzano,,,2025-10-24T13:45:58.241841+02:00,2025-11-18T13:09:17.000255+01:00,,,178308,Carrer de Lepant,276,276,06,la Sagrada Família,02,Eixample,08013,Barcelona,True,,693383,100002,Informació d'interès,E-mail,info@casasanzano.com,False,,431210.454,4583969.314,41.40432507855655,2.1770193282520416,"<table class=""timetable-table""><tr class=""timetable-header""><th class=""weekdays"">Dies</th><th class=""hours"">Hores</th></tr><tr><td class=""timetable-day"" rowspan=1><div>Cada dia</div></td><td class=""timetable-hour"" rowspan=1><div>de 13.00&nbsp;h a 23.00&nbsp;h</div></td></tr></table>"
﻿99400226468,Jardins Interior d'Illa Càndida Pérez,,,2009-05-29T14:19:31+02:00,2026-08-25T14:59:34.147383+02:00,,,087009,Carrer del Comte Borrell,44,46,10,Sant Antoni,02,Eixample,08015,Barcelona,True,,668000,100097,Variables,Text per a la web de Refugis Climàtics - detalls,<p>Durant episodis d'altes temperatures els espais exteriors poden no oferir el confort tèrmic necessari</p>,False,,429992.6664602,4580994.34459017,41.377425411135064,2.162795360343474,"<table class=""timetable-table""><tr class=""timetable-header""><th class=""period"">Període</th><th class=""weekdays"">Dies</th><th class=""hours"">Hores</th><th class=""description"">Observacions</th></tr><tr><td class=""timetable-period"" rowspan=1><div><p style=""margin:0"">Horari d’hivern:</p><p style=""margin:0"">de l'1 de novembre al 31 de març</p></div></td><td class=""timetable-day"" rowspan=2><div>Cada dia</div></td><td class=""timetable-hour"" rowspan=1><div>de 08.30&nbsp;h a 19.00&nbsp;h</div></td><td class=""timetable-description"" rowspan=2><div>Hora de tancament<br>aproximada,en funció de<br> l'horari solar (tanquen<br> quan es fa fosc, al capvespre)</div></td></tr><tr><td class=""timetable-period current"" rowspan=1><div><p style=""margin:0"">Horari d’estiu:</p><p style=""margin:0"">de l'1 d'abril al 31 d'octubre</p></div></td><td class=""timetable-hour"" rowspan=1><div>de 08.30&nbsp;h a 21.00&nbsp;h</div></td></tr></table>"
﻿99400766190,Clínica Dental Grup Dental Santponç,,,2025-10-28T10:15:51.274921+01:00,2026-08-31T10:32:56.398112+02:00,,,103706,Carrer del Doctor Santponç,28,28,60,Sant Andreu,09,Sant Andreu,08030,Barcelona,True,,693829,20001,Telèfons,Tel.,932745063,False,,432389.86699999997,4586978.91,41.43153161007833,2.1907917601473725,"<table class=""timetable-table""><tr class=""timetable-header""><th class=""weekdays"">Dies</th><th class=""hours"">Hores</th></tr><tr><td class=""timetable-day"" rowspan=1><div>De dilluns a dijous</div></td><td class=""timetable-hour"" rowspan=1><div>de 09.00&nbsp;h a 13.00&nbsp;h i <br>de 15.30&nbsp;h a 19.30&nbsp;h</div></td></tr><tr><td class=""timetable-day"" rowspan=1><div>Divendres</div></td><td class=""timetable-hour"" rowspan=1><div>de 09.00&nbsp;h a 13.00&nbsp;h</div></td></tr></table>"
﻿99400766100,Oficina Endesa Tarsis Renovables,,,2025-10-27T12:17:44.981081+01:00,2026-05-08T14:04:47.054442+02:00,,,259308,Baixada de la Plana,33,33,43,Horta,07,Horta-Guinardó,08032,Barcelona,True,,693625,100003,Informació d'interès,Web,https://www.endesa.com/,True,,429738.553,4586769.598,41.429418860481576,2.1590864151250977,"<table class=""timetable-table""><tr class=""timetable-header""><th class=""weekdays"">Dies</th><th class=""hours"">Hores</th></tr><tr><td class=""timetable-day"" rowspan=1><div>De dilluns a divendres</div></td><td class=""timetable-hour"" rowspan=1><div>de 09.00&nbsp;h a 17.00&nbsp;h</div></td></tr></table>"
﻿92086010810,Piscina Coberta,92168175394,Centre Esportiu Municipal Trinitat Vella,1987-06-25T00:00:00+02:00,2026-07-27T12:50:02.010173+02:00,,,034400,Via de Bàrcino,84,86,57,la Trinitat Vella,09,Sant Andreu,08033,Barcelona,True,,163604,20001,Telèfons,Tel.,933113701,True,,432604.00800000003,4589188.63,41.45145178550841,2.193108007408489,"<table class=""timetable-table""><tr class=""timetable-header""><th class=""weekdays"">Dies</th><th class=""hours"">Hores</th><th class=""description"">Observacions</th></tr><tr><td class=""timetable-day"" rowspan=1><div>De dilluns a divendres</div></td><td class=""timetable-hour"" rowspan=1><div>de 07.00&nbsp;h a 23.00&nbsp;h</div></td><td class=""timetable-description"" rowspan=3><div><p style=""margin:0"">Els espais esportius tanquen 30 minuts abans </p><p style=""margin:0"">de l’hora de tancament de la instal·lació</p></div></td></tr><tr><td class=""timetable-day"" rowspan=1><div>Dissabte</div></td><td class=""timetable-hour"" rowspan=1><div>de 08.00&nbsp;h a 20.00&nbsp;h</div></td></tr><tr><td class=""timetable-day"" rowspan=1><div>Diumenge i  festius</div></td><td class=""timetable-hour"" rowspan=1><div>de 08.00&nbsp;h a 14.30&nbsp;h</div></td></tr></table>"
﻿99400245996,Casal de Gent Gran Quatre Cantons,,,2010-04-28T12:59:46+02:00,2026-09-01T08:37:30.456946+02:00,,,017579,Camí Antic de València,116,,68,el Poblenou,10,Sant Martí,08005,BARCELONA,True,,54206,100002,Informació d'interès,E-mail,casalgg.quatrecantons@bcn.cat,True,,433466.16225176683,4584223.659595128,41.40680575086897,2.2039755474775142,"<table class=""timetable-table""><tr class=""timetable-header""><th class=""period"">Període</th><th class=""weekdays"">Dies</th><th class=""hours"">Hores</th></tr><tr><td class=""timetable-period"" rowspan=1><div>de l'1 de setembre<br>al 31 de juliol</div></td><td class=""timetable-day"" rowspan=1><div>De dilluns a divendres</div></td><td class=""timetable-hour"" rowspan=1><div>de 09.30&nbsp;h a 13.30&nbsp;h i <br>de 16.00&nbsp;h a 19.00&nbsp;h</div></td></tr><tr><td class=""timetable-period"" rowspan=1><div>de l'1 d'agost<br>al 31 d'agost</div></td><td class=""timetable-day"" rowspan=1><div>Tots els dies tancat</div></td><td class=""timetable-hour"" rowspan=1><div><p style=""margin:0"">Tancat</p></div></td></tr></table>"
﻿98357092109,Farmàcia Paterna Paterna,,,1998-12-23T00:00:00+01:00,2026-06-11T10:16:14.611412+02:00,,,041100,Carrer de Bernat Metge,6,8,70,el Besòs i el Maresme,10,Sant Martí,08019,Barcelona,True,,639570,100003,Informació d'interès,Web,https://www.farmaguia.net/desktop/,False,,434020.279,4585571.293,41.418989199105795,2.210457542146471,
﻿99125133528,Centre Cívic Joan Oliver - Pere Quart,,,1999-05-05T00:00:00+02:00,2026-09-01T07:53:14.410534+02:00,,,084703,Carrer del Comandant Benítez,6,,20,la Maternitat i Sant Ramon,04,Les Corts,08028,Barcelona,True,,46865,100002,Informació d'interès,E-mail,informacio@ccperequart.cat,True,,427066.4480670649,4581234.867434238,41.37933180540103,2.127776128826079,"<table class=""timetable-table""><tr class=""timetable-header""><th class=""period"">Període</th><th class=""weekdays"">Dies</th><th class=""hours"">Hores</th></tr><tr><td class=""timetable-period current"" rowspan=2><div>De l'1 setembre al 31 juliol</div></td><td class=""timetable-day"" rowspan=1><div>De dilluns a dissabte</div></td><td class=""timetable-hour"" rowspan=1><div>de 09.00&nbsp;h a 22.00&nbsp;h</div></td></tr><tr><td class=""timetable-day"" rowspan=1><div>Diumenge</div></td><td class=""timetable-hour"" rowspan=1><div>de 10.00&nbsp;h a 14.00&nbsp;h</div></td></tr><tr><td class=""timetable-period"" rowspan=1><div><p style=""margin:0"">Estiu 2026</p><p style=""margin:0"">De l'1 agost al 31 agost</p></div></td><td class=""timetable-day"" rowspan=1><div><p style=""margin:0"">Tots els dies</p></div></td><td class=""timetable-hour"" rowspan=1><div><p style=""margin:0"">Tancat</p></div></td></tr></table>"
﻿99400322478,Piscines Cobertes,99400110854,Centre Esportiu Municipal Mundet,2013-07-15T00:00:00+02:00,2026-07-27T12:40:54.086699+02:00,,,701685,Carrer d'Olympe de Gouges,2,2,40,Montbau,07,Horta-Guinardó,08035,Barcelona,True,,225769,20001,Telèfons,Tel.,934282750,True,,428389.616,4587503.806,41.435912412192934,2.1428565953667067,"<table class=""timetable-table""><tr class=""timetable-header""><th class=""period"">Període</th><th class=""weekdays"">Dies</th><th class=""hours"">Hores</th></tr><tr><td class=""timetable-period current"" rowspan=3><div><p style=""margin:0"">De setembre a juliol</p></div></td><td class=""timetable-day"" rowspan=1><div>De dilluns a divendres</div></td><td class=""timetable-hour"" rowspan=1><div>de 07.00&nbsp;h a 23.00&nbsp;h</div></td></tr><tr><td class=""timetable-day"" rowspan=1><div>Dissabte</div></td><td class=""timetable-hour"" rowspan=1><div>de 08.00&nbsp;h a 20.00&nbsp;h</div></td></tr><tr><td class=""timetable-day"" rowspan=1><div>Diumenge i  festius</div></td><td class=""timetable-hour"" rowspan=1><div>de 09.00&nbsp;h a 13.00&nbsp;h</div></td></tr><tr><td class=""timetable-period"" rowspan=2><div><p style=""margin:0"">Agost</p></div></td><td class=""timetable-day"" rowspan=1><div>De dilluns a divendres</div></td><td class=""timetable-hour"" rowspan=1><div>de 09.00&nbsp;h a 20.00&nbsp;h</div></td></tr><tr><td class=""timetable-day"" rowspan=1><div>Dissabte</div></td><td class=""timetable-hour"" rowspan=1><div>de 10.00&nbsp;h a 14.00&nbsp;h</div></td></tr></table>"
﻿99400322483,Piscines Cobertes,92086032989,Centre Esportiu Municipal Can Dragó,2013-07-15T00:00:00+02:00,2026-07-27T12:56:25.490824+02:00,,,289852,Carrer de Rosselló i Porcel,7,11,45,Porta,08,Nou Barris,08016,Barcelona,True,,56162,100002,Informació d'interès,E-mail,atencioclients.candrago@eurofitness.com,True,,431754.45,4587544.299,41.43657012505103,2.1831235131796087,"<table class=""timetable-table""><tr class=""timetable-header""><th class=""period"">Període</th><th class=""weekdays"">Dies</th><th class=""hours"">Hores</th><th class=""description"">Observacions</th></tr><tr><td class=""timetable-period"" rowspan=3><div><p style=""margin:0"">De l'1 setembre al 31 juliol</p></div></td><td class=""timetable-day"" rowspan=1><div>De dilluns a divendres</div></td><td class=""timetable-hour"" rowspan=1><div>de 07:00 h a 22:45 h</div></td><td class=""timetable-description"" rowspan=1><div><br></div></td></tr><tr><td class=""timetable-day"" rowspan=1><div>dissabtes</div></td><td class=""timetable-hour"" rowspan=1><div>de 09:00 h a 20:45 h</div></td><td class=""timetable-description"" rowspan=1><div>Palestra i piscina</div></td></tr><tr><td class=""timetable-day"" rowspan=1><div>diumenges i festius</div></td><td class=""timetable-hour"" rowspan=1><div>de 09:00 h a 13:45 h</div></td><td class=""timetable-description"" rowspan=1><div><br></div></td></tr><tr><td class=""timetable-period"" rowspan=2><div><p style=""margin:0"">De l'1 agost al 31 agost</p></div></td><td class=""timetable-day"" rowspan=1><div>De dilluns a divendres</div></td><td class=""timetable-hour"" rowspan=1><div>de 07:00 h a 22:45 h</div></td><td class=""timetable-description"" rowspan=1><div><br></div></td></tr><tr><td class=""timetable-day"" rowspan=1><div>dissabtes i diumenges i festius</div></td><td class=""timetable-hour"" rowspan=1><div>de 09:00 h a 13:45 h</div></td><td class=""timetable-description"" rowspan=1><div>Palestra i piscina</div></td></tr></table>"
﻿99400196643,Biblioteca Horta - Can Mariner,,,2007-12-13T17:23:55+01:00,2026-08-31T14:05:57.908488+02:00,,,360505,Carrer del Vent,1,,43,Horta,07,Horta-Guinardó,08031,Barcelona,True,,87857,100003,Informació d'interès,Web,http://www.barcelona.cat/bibcanmariner,True,,429879.47952368326,4586958.92620854,41.43113637814167,2.1607509372572986,"<table class=""timetable-table""><tr class=""timetable-header""><th class=""period"">Període</th><th class=""weekdays"">Dies</th><th class=""hours"">Hores</th></tr><tr><td class=""timetable-period current"" rowspan=5><div><p style=""margin:0"">Horari habitual</p><p style=""margin:0"">al llarg de l'any</p></div></td><td class=""timetable-day"" rowspan=1><div>Dilluns i divendres</div></td><td class=""timetable-hour"" rowspan=1><div>de 15.30&nbsp;h a 20.00&nbsp;h</div></td></tr><tr><td class=""timetable-day"" rowspan=1><div><p style=""margin:0"">Dimarts i dijous </p><p style=""margin:0"">excepte dimarts 23 de juny</p></div></td><td class=""timetable-hour"" rowspan=1><div>de 09.30&nbsp;h a 13.30&nbsp;h i <br>de 15.30&nbsp;h a 20.00&nbsp;h</div></td></tr><tr><td class=""timetable-day"" rowspan=1><div><p style=""margin:0"">Dimarts 23 de juny</p></div></td><td class=""timetable-hour"" rowspan=1><div>de 09.30&nbsp;h a 13.30&nbsp;h</div></td></tr><tr><td class=""timetable-day"" rowspan=1><div>Dimecres</div></td><td class=""timetable-hour"" rowspan=1><div>de 09.30&nbsp;h a 20.00&nbsp;h</div></td></tr><tr><td class=""timetable-day"" rowspan=1><div>Dissabte</div></td><td class=""timetable-hour"" rowspan=1><div>de 10.00&nbsp;h a 14.00&nbsp;h</div></td></tr><tr><td class=""timetable-period"" rowspan=3><div><p style=""margin:0"">Estiu 2026</p><p style=""margin:0"">Del 24 juny al 31 juliol</p></div></td><td class=""timetable-day"" rowspan=1><div>Dilluns i divendres</div></td><td class=""timetable-hour"" rowspan=1><div>de 15.30&nbsp;h a 20.00&nbsp;h</div></td></tr><tr><td class=""timetable-day"" rowspan=1><div>Dimarts i dijous</div></td><td class=""timetable-hour"" rowspan=1><div>de 09.30&nbsp;h a 13.30&nbsp;h i <br>de 15.30&nbsp;h a 20.00&nbsp;h</div></td></tr><tr><td class=""timetable-day"" rowspan=1><div>Dimecres</div></td><td class=""timetable-hour"" rowspan=1><div>de 09.30&nbsp;h a 20.00&nbsp;h</div></td></tr><tr><td class=""timetable-period"" rowspan=1><div>De l'1 agost al 31 agost</div></td><td class=""timetable-day"" rowspan=1><div><p style=""margin:0"">Tancada</p></div></td><td  rowspan=1><div></div></td></tr><tr><td class=""timetable-period"" rowspan=3><div>De l'1 setembre al 24 setembre</div></td><td class=""timetable-day"" rowspan=1><div>Dilluns i divendres</div></td><td class=""timetable-hour"" rowspan=1><div>de 15.30&nbsp;h a 20.00&nbsp;h</div></td></tr><tr><td class=""timetable-day"" rowspan=1><div>Dimarts i dijous</div></td><td class=""timetable-hour"" rowspan=1><div>de 09.30&nbsp;h a 13.30&nbsp;h i <br>de 15.30&nbsp;h a 20.00&nbsp;h</div></td></tr><tr><td class=""timetable-day"" rowspan=1><div>Dimecres</div></td><td class=""timetable-hour"" rowspan=1><div>de 09.30&nbsp;h a 20.00&nbsp;h</div></td></tr></table>"
﻿99400322487,Piscina Coberta,92168175468,Centre Esportiu Municipal Bon Pastor,2013-07-15T00:00:00+02:00,2026-07-27T12:59:25.279688+02:00,,,092971,Carrer de la Costa Daurada,12,16,59,el Bon Pastor,09,Sant Andreu,08030,Barcelona,True,,55925,100002,Informació d'interès,E-mail,aebonpastor@hotmail.com,True,,433310.442,4587708.933,41.43818366042073,2.2017282935278715,"<table class=""timetable-table""><tr class=""timetable-header""><th class=""weekdays"">Dies</th><th class=""hours"">Hores</th></tr><tr><td class=""timetable-day"" rowspan=1><div>De dilluns a divendres</div></td><td class=""timetable-hour"" rowspan=1><div>de 07:00 h a 22:00 h</div></td></tr><tr><td class=""timetable-day"" rowspan=1><div>dissabtes i diumenges i festius</div></td><td class=""timetable-hour"" rowspan=1><div>de 09:00 h a 14:00 h</div></td></tr></table>"
﻿99400268810,Llibreria Santos Ochoa,,,2011-04-11T12:33:35+02:00,2026-08-26T13:28:50.477316+02:00,,,119003,Pg Fabra i Puig,165,,44,Vilapicina i la Torre Llobeta,08,Nou Barris,08016,BARCELONA,True,,587787,100002,Informació d'interès,E-mail,pedidosbcn@santosochoa.es,False,,431363.29014678684,4586836.458706047,41.43016153032896,2.1785223050053903,"<table class=""timetable-table""><tr class=""timetable-header""><th class=""weekdays"">Dies</th><th class=""hours"">Hores</th></tr><tr><td class=""timetable-day"" rowspan=1><div>De dilluns a divendres</div></td><td class=""timetable-hour"" rowspan=1><div>de 09.30&nbsp;h a 14.00&nbsp;h i <br>de 16.30&nbsp;h a 20.30&nbsp;h</div></td></tr><tr><td class=""timetable-day"" rowspan=1><div>Dissabte</div></td><td class=""timetable-hour"" rowspan=1><div>de 10.00&nbsp;h a 14.00&nbsp;h i <br>de 17.00&nbsp;h a 20.30&nbsp;h</div></td></tr></table>"
﻿99400143470,Casal de Gent Gran Mossèn Clapés,,,2005-09-26T16:58:05+02:00,2026-07-29T08:51:29.428767+02:00,,,296202,Carrer Gran de Sant Andreu,467,467,60,Sant Andreu,09,Sant Andreu,08030,Barcelona,True,,50760,100002,Informació d'interès,E-mail,cggmossenclapes@bcn.cat,True,,432181.891,4588189.92,41.4424212157955,2.188166878435224,"<table class=""timetable-table""><tr class=""timetable-header""><th class=""period"">Període</th><th class=""weekdays"">Dies</th><th class=""hours"">Hores</th></tr><tr><td class=""timetable-period"" rowspan=1><div><p style=""margin:0"">De setembre a juliol</p></div></td><td class=""timetable-day"" rowspan=1><div>Cada dia</div></td><td class=""timetable-hour"" rowspan=1><div>de 09.30&nbsp;h a 13.00&nbsp;h i <br>de 16.00&nbsp;h a 19.30&nbsp;h</div></td></tr><tr><td class=""timetable-period"" rowspan=3><div><p style=""margin:0"">Agost</p></div></td><td class=""timetable-day"" rowspan=1><div>De dilluns a divendres</div></td><td class=""timetable-hour"" rowspan=1><div>de 16.00&nbsp;h a 20.00&nbsp;h</div></td></tr><tr><td class=""timetable-day"" rowspan=1><div>Dissabte</div></td><td class=""timetable-hour"" rowspan=1><div>de 10.00&nbsp;h a 13.15&nbsp;h</div></td></tr><tr><td class=""timetable-day"" rowspan=1><div>Diumenge</div></td><td class=""timetable-hour"" rowspan=1><div>de 16.00&nbsp;h a 20.00&nbsp;h</div></td></tr></table>"
﻿99400279672,Clínica Sant Antoni,,,2011-10-06T11:34:12+02:00,2025-05-09T14:19:31.779020+02:00,,,299608,C Sant Eloi,6,,13,la Marina de Port,03,Sants-Montjuïc,08038,BARCELONA,True,,55418,100002,Informació d'interès,E-mail,info@csantantoni.com,True,,428338.5142517392,4578640.233041299,41.35607713194699,2.1432939430344455,
﻿75990129747,Farmàcia Jacas Mateu,,,1996-09-18T00:00:00+02:00,2025-11-18T13:15:46.347220+01:00,,,350308,Carrer de València,470,,06,la Sagrada Família,02,Eixample,08013,Barcelona,True,,693385,100002,Informació d'interès,E-mail,info@farmajacas.cat,False,,431281.18555305334,4583851.442788203,41.40326949987951,2.1778788407486664,
﻿99400781745,Espai amb Jocs d'Aigua a la Plaça de Harry Walker,,,2026-05-21T11:44:11.365250+02:00,2026-08-03T11:37:27.887438+02:00,,,701302,Plaça de les Treballadores i Treballadors Harry Walke,1,1,52,la Prosperitat,08,Nou Barris,08016,Barcelona,True,,734455,100097,Variables,Text per a la web de Refugis Climàtics - detalls,<p>Previsió de posada en marxa durant la segona quinzena de juny de 2026</p><p>Durant episodis d'altes temperatures els espais exteriors poden no oferir el confort tèrmic necessari</p>,False,,431580.0,4587914.5,41.43988954346359,2.180993690823081,"<table class=""timetable-table""><tr class=""timetable-header""><th class=""period"">Període</th><th class=""weekdays"">Dies</th><th class=""hours"">Hores</th><th class=""description"">Observacions</th></tr><tr><td class=""timetable-period current"" rowspan=1><div><p style=""margin:0"">De juny a setembre</p></div></td><td class=""timetable-day"" rowspan=1><div>Tots els dies</div></td><td class=""timetable-hour"" rowspan=1><div>de 10.00&nbsp;h a 20.00&nbsp;h</div></td><td class=""timetable-description"" rowspan=1><div><p style=""margin:0"">Quan s’activa el polsador, la instal·lació fa una seqüencia</p><p style=""margin:0"">de funcionament que dura un temps inferior als 5 minuts</p></div></td></tr></table>"
﻿99026095631,Centre Cívic Tomasa Cuevas - Les Corts,,,1999-01-26T00:00:00+01:00,2026-09-01T07:56:50.666804+02:00,,,202708,Carrer de Dolors Masferrer i Bosch,33,35,19,les Corts,04,Les Corts,08028,Barcelona,True,,46964,100002,Informació d'interès,E-mail,info.cctomasacuevas@progess.com,True,,427105.495,4581858.489,41.38495205031265,2.1281680265887797,"<table class=""timetable-table""><tr class=""timetable-header""><th class=""period"">Període</th><th class=""weekdays"">Dies</th><th class=""hours"">Hores</th></tr><tr><td class=""timetable-period current"" rowspan=2><div><p style=""margin:0"">De setembre a juliol</p></div></td><td class=""timetable-day"" rowspan=1><div>De dilluns a dissabte</div></td><td class=""timetable-hour"" rowspan=1><div>de 09.00&nbsp;h a 22.00&nbsp;h</div></td></tr><tr><td class=""timetable-day"" rowspan=1><div>Diumenge</div></td><td class=""timetable-hour"" rowspan=1><div>de 10.00&nbsp;h a 14.00&nbsp;h</div></td></tr><tr><td class=""timetable-period"" rowspan=1><div><p style=""margin:0"">Agost</p></div></td><td class=""timetable-day"" rowspan=1><div><p style=""margin:0"">Tots els dies</p></div></td><td class=""timetable-hour"" rowspan=1><div><p style=""margin:0"">Tancat</p></div></td></tr></table>"
﻿99400193035,Fabra i Coats - Fàbrica de Creació,,,2007-10-17T13:07:22+02:00,2026-09-16T13:13:07.088728+02:00,,,295709,C Sant Adrià,20,,60,Sant Andreu,09,Sant Andreu,08030,BARCELONA,True,,52696,100002,Informació d'interès,E-mail,fabraicoats@bcn.cat,True,,432395.62904746283,4587230.04407906,41.433793974354174,2.1908326284827284,"<table class=""timetable-table""><tr class=""timetable-header""><th class=""period"">Període</th><th class=""weekdays"">Dies</th><th class=""hours"">Hores</th></tr><tr><td class=""timetable-period"" rowspan=3><div><p style=""margin:0"">De setembre a juliol</p></div></td><td class=""timetable-day"" rowspan=1><div>De dilluns a divendres</div></td><td class=""timetable-hour"" rowspan=1><div>de 09.00&nbsp;h a 20.00&nbsp;h</div></td></tr><tr><td class=""timetable-day"" rowspan=1><div>Dissabte</div></td><td class=""timetable-hour"" rowspan=1><div>de 10.00&nbsp;h a 21.00&nbsp;h</div></td></tr><tr><td class=""timetable-day"" rowspan=1><div>Diumenge</div></td><td class=""timetable-hour"" rowspan=1><div>d'11.00&nbsp;h a 21.00&nbsp;h</div></td></tr><tr><td class=""timetable-period"" rowspan=1><div><p style=""margin:0"">Agost</p></div></td><td class=""timetable-day"" rowspan=1><div>De dilluns a divendres</div></td><td class=""timetable-hour"" rowspan=1><div>de 09.00&nbsp;h a 19.00&nbsp;h</div></td></tr></table>"
﻿92086038230,Centre Esportiu Municipal Can Ricart,,,1991-12-24T00:00:00+01:00,2026-07-29T08:51:33.935990+02:00,,,308301,Carrer de Sant Oleguer,10,10,01,el Raval,01,Ciutat Vella,08001,Barcelona,True,,43509,100002,Informació d'interès,E-mail,infocanricart@lleuresport.cat,True,,430671.72,4580971.167,41.37727544842593,2.17091786640299,"<table class=""timetable-table""><tr class=""timetable-header""><th class=""weekdays"">Dies</th><th class=""hours"">Hores</th></tr><tr><td class=""timetable-day"" rowspan=1><div>De dilluns a divendres</div></td><td class=""timetable-hour"" rowspan=1><div>de 07.00&nbsp;h a 22.00&nbsp;h</div></td></tr><tr><td class=""timetable-day"" rowspan=1><div>dissabtes</div></td><td class=""timetable-hour"" rowspan=1><div>de 09:00 h a 20:00 h</div></td></tr><tr><td class=""timetable-day"" rowspan=1><div>diumenges i festius</div></td><td class=""timetable-hour"" rowspan=1><div>de 09.00&nbsp;h a 14.30&nbsp;h</div></td></tr></table>"
﻿99400273433,Biblioteca Vallcarca i els Penitents - M. Antonieta Cot,,,2011-06-28T16:38:59+02:00,2026-08-31T14:32:32.421772+02:00,,,352507,Passeig de la Vall d'Hebron,65,,28,Vallcarca i els Penitents,06,Gràcia,08000,Barcelona,True,,410015,100008,Informació d'interès,Instagram,https://www.instagram.com/bibvallcarca/,False,,428106.2949934537,4585744.199674154,41.42003911577112,2.13967498940329,"<table class=""timetable-table""><tr class=""timetable-header""><th class=""period"">Període</th><th class=""weekdays"">Dies</th><th class=""hours"">Hores</th></tr><tr><td class=""timetable-period current"" rowspan=4><div><p style=""margin:0"">Horari habitual</p><p style=""margin:0"">al llarg de l'any</p></div></td><td class=""timetable-day"" rowspan=1><div>Dilluns i dimecres</div></td><td class=""timetable-hour"" rowspan=1><div>de 15.30&nbsp;h a 20.00&nbsp;h</div></td></tr><tr><td class=""timetable-day"" rowspan=1><div><p style=""margin:0"">Dimarts, dijous i divendres </p><p style=""margin:0"">excepte dimarts 23 de juny</p></div></td><td class=""timetable-hour"" rowspan=1><div>de 09.30&nbsp;h a 13.30&nbsp;h i <br>de 15.30&nbsp;h a 20.00&nbsp;h</div></td></tr><tr><td class=""timetable-day"" rowspan=1><div><p style=""margin:0"">Dimarts 23 de juny</p></div></td><td class=""timetable-hour"" rowspan=1><div>de 09.30&nbsp;h a 13.30&nbsp;h</div></td></tr><tr><td class=""timetable-day"" rowspan=1><div>Dissabte</div></td><td class=""timetable-hour"" rowspan=1><div>de 10.00&nbsp;h a 14.00&nbsp;h</div></td></tr><tr><td class=""timetable-period"" rowspan=2><div><p style=""margin:0"">Estiu 2026</p><p style=""margin:0"">Del 24 juny al 31 juliol</p><p style=""margin:0""><br></p></div></td><td class=""timetable-day"" rowspan=1><div>Dilluns i dimecres</div></td><td class=""timetable-hour"" rowspan=1><div>de 15.30&nbsp;h a 20.00&nbsp;h</div></td></tr><tr><td class=""timetable-day"" rowspan=1><div>Dimarts, dijous i divendres</div></td><td class=""timetable-hour"" rowspan=1><div>de 09.30&nbsp;h a 13.30&nbsp;h i <br>de 15.30&nbsp;h a 20.00&nbsp;h</div></td></tr><tr><td class=""timetable-period"" rowspan=1><div>De l'1 agost al 31 agost</div></td><td class=""timetable-day"" rowspan=1><div><p style=""margin:0"">Tots els dies</p></div></td><td class=""timetable-hour"" rowspan=1><div><p style=""margin:0"">Tancada</p></div></td></tr><tr><td class=""timetable-period"" rowspan=2><div>De l'1 setembre al 24 setembre</div></td><td class=""timetable-day"" rowspan=1><div>Dilluns i dimecres</div></td><td class=""timetable-hour"" rowspan=1><div>de 15.30&nbsp;h a 20.00&nbsp;h</div></td></tr><tr><td class=""timetable-day"" rowspan=1><div>Dimarts, dijous i divendres</div></td><td class=""timetable-hour"" rowspan=1><div>de 09.30&nbsp;h a 13.30&nbsp;h i <br>de 15.30&nbsp;h a 20.00&nbsp;h</div></td></tr></table>"
﻿92086015836,Parc de l'Espanya Industrial,,,1986-07-09T00:00:00+02:00,2026-07-29T08:51:48.850243+02:00,,,223504,Carrer de Muntadas,1,1,18,Sants,03,Sants-Montjuïc,08014,Barcelona,True,,74225,100003,Informació d'interès,Web,https://link.bcn.cat/cPdlI,True,,428074.97663729003,4580914.3323903,41.37653564822331,2.1398740063223722,"<table class=""timetable-table""><tr class=""timetable-header""><th class=""weekdays"">Dies</th><th class=""hours"">Hores</th></tr><tr><td class=""timetable-day"" rowspan=1><div>Cada dia</div></td><td class=""timetable-hour"" rowspan=1><div>de 08.00&nbsp;h a 23.00&nbsp;h</div></td></tr></table>"
﻿99400369552,Casal de Gent Gran Parc del Clot,,,2015-01-27T13:17:50+01:00,2026-09-01T08:36:14.054156+02:00,,,700929,Pl Joan Casanelles,1,,65,el Clot,10,Sant Martí,08018,BARCELONA,True,,56668,100002,Informació d'interès,E-mail,casalgg.parcdelclot@bcn.cat,True,,432448.94609171036,4584430.53037623,41.40858413756341,2.1917834271355217,"<table class=""timetable-table""><tr class=""timetable-header""><th class=""period"">Període</th><th class=""weekdays"">Dies</th><th class=""hours"">Hores</th></tr><tr><td class=""timetable-period"" rowspan=1><div>de l'1 de setembre<br>al 31 de juliol</div></td><td class=""timetable-day"" rowspan=1><div>De dilluns a divendres</div></td><td class=""timetable-hour"" rowspan=1><div>de 09.30&nbsp;h a 13.30&nbsp;h i <br>de 16.00&nbsp;h a 19.00&nbsp;h</div></td></tr><tr><td class=""timetable-period"" rowspan=1><div>de l'1 d'agost<br>al 31 d'agost</div></td><td class=""timetable-day"" rowspan=1><div>Tots els dies tancat</div></td><td class=""timetable-hour"" rowspan=1><div><p style=""margin:0"">Tancat</p></div></td></tr></table>"
﻿99400447894,Fundació Privada Gentis,,,2016-04-20T11:20:26+02:00,2026-05-08T13:58:18.949160+02:00,,,086200,Carrer del Concili de Trento,42,42,65,el Clot,10,Sant Martí,08018,Barcelona,True,,58504,100002,Informació d'interès,E-mail,info@gentis.org,True,,432551.497,4584744.136,41.41141730114365,2.1929753274566153,"<table class=""timetable-table""><tr class=""timetable-header""><th class=""weekdays"">Dies</th><th class=""hours"">Hores</th></tr><tr><td class=""timetable-day"" rowspan=1><div>De dilluns a divendres</div></td><td class=""timetable-hour"" rowspan=1><div>de 08.00&nbsp;h a 15.00&nbsp;h</div></td></tr></table>"
﻿92086032960,Casal de Gent Gran Can Castelló,,,1990-03-21T00:00:00+01:00,2026-09-01T08:19:52.643719+02:00,,,073004,Carrer de Castelló,1,7,26,Sant Gervasi - Galvany,05,Sarrià-Sant Gervasi,08021,Barcelona,True,,42081,100002,Informació d'interès,E-mail,info@ggcancastello.cat,True,,428143.81799999997,4583408.612,41.39900681458764,2.1404013062330303,"<table class=""timetable-table""><tr class=""timetable-header""><th class=""period"">Període</th><th class=""weekdays"">Dies</th><th class=""hours"">Hores</th></tr><tr><td class=""timetable-period"" rowspan=2><div><p style=""margin:0"">De setembre a juliol</p></div></td><td class=""timetable-day"" rowspan=1><div>De dilluns a divendres</div></td><td class=""timetable-hour"" rowspan=1><div>de 10.00&nbsp;h a 21.00&nbsp;h</div></td></tr><tr><td class=""timetable-day"" rowspan=1><div>Dissabte</div></td><td class=""timetable-hour"" rowspan=1><div>de 10.00&nbsp;h a 14.00&nbsp;h</div></td></tr><tr><td class=""timetable-period"" rowspan=1><div><p style=""margin:0"">Agost</p></div></td><td class=""timetable-day"" rowspan=1><div>Tots els dies tancat</div></td><td class=""timetable-hour"" rowspan=1><div><p style=""margin:0"">Tancat</p></div></td></tr></table>"
﻿92086037277,Centre Esportiu Municipal Can Cuyàs,,,1991-10-14T00:00:00+01:00,2026-06-16T12:41:13.537586+02:00,,,275600,Avinguda dels Rasos de Peguera,242,242,55,Ciutat Meridiana,08,Nou Barris,08033,Barcelona,False,,43074,100002,Informació d'interès,E-mail,atencioclients.cancuyas@eurofitness.com,True,,430525.879,4590145.087,41.459888991612644,2.168120222662131,"<table class=""timetable-table""><tr class=""timetable-header""><th class=""weekdays"">Dies</th><th class=""hours"">Hores</th></tr><tr><td class=""timetable-day"" rowspan=1><div>De dilluns a divendres</div></td><td class=""timetable-hour"" rowspan=1><div>de 08.00&nbsp;h a 21.45&nbsp;h</div></td></tr><tr><td class=""timetable-day"" rowspan=1><div>Dissabte i diumenge i  festius</div></td><td class=""timetable-hour"" rowspan=1><div>de 09.00&nbsp;h a 13.45&nbsp;h</div></td></tr></table>"
﻿99400224356,Biblioteca El Poblenou - Manuel Arranz,,,2009-04-17T16:45:16+02:00,2026-07-16T14:56:37.401420+02:00,,,174908,Carrer del Joncar,35,,68,el Poblenou,10,Sant Martí,08005,Barcelona,True,,53872,100002,Informació d'interès,E-mail,b.barcelona.ma@diba.cat,True,,433508.0759631492,4583623.627455254,41.40140488846787,2.204542879960712,"<table class=""timetable-table""><tr class=""timetable-header""><th class=""period"">Període</th><th class=""weekdays"">Dies</th><th class=""hours"">Hores</th></tr><tr><td class=""timetable-period current"" rowspan=4><div><p style=""margin:0"">Horari habitual </p><p style=""margin:0"">al llarg de l'any</p></div></td><td class=""timetable-day"" rowspan=1><div>Dilluns i divendres</div></td><td class=""timetable-hour"" rowspan=1><div>de 15.30&nbsp;h a 20.00&nbsp;h</div></td></tr><tr><td class=""timetable-day"" rowspan=1><div><p style=""margin:0"">Dimarts, dimecres i dijous </p><p style=""margin:0"">excepte dimarts 23 de juny</p></div></td><td class=""timetable-hour"" rowspan=1><div>de 09.30&nbsp;h a 13.30&nbsp;h i <br>de 15.30&nbsp;h a 20.00&nbsp;h</div></td></tr><tr><td class=""timetable-day"" rowspan=1><div><p style=""margin:0"">Dimarts 23 de juny</p></div></td><td class=""timetable-hour"" rowspan=1><div>de 09.30&nbsp;h a 13.30&nbsp;h</div></td></tr><tr><td class=""timetable-day"" rowspan=1><div>Dissabte</div></td><td class=""timetable-hour"" rowspan=1><div>de 10.00&nbsp;h a 14.00&nbsp;h</div></td></tr><tr><td class=""timetable-period"" rowspan=2><div><p style=""margin:0"">Estiu 2026</p><p style=""margin:0"">Del 24 juny al 24 setembre</p></div></td><td class=""timetable-day"" rowspan=1><div>Dilluns i divendres</div></td><td class=""timetable-hour"" rowspan=1><div>de 15.30&nbsp;h a 20.00&nbsp;h</div></td></tr><tr><td class=""timetable-day"" rowspan=1><div>Dimarts, dimecres i dijous</div></td><td class=""timetable-hour"" rowspan=1><div>de 09.30&nbsp;h a 13.30&nbsp;h i <br>de 15.30&nbsp;h a 20.00&nbsp;h</div></td></tr></table>"
﻿93057134404,Piscina Esportiva Coberta,92086037277,Centre Esportiu Municipal Can Cuyàs,1993-02-26T00:00:00+01:00,2026-07-27T12:51:59.534914+02:00,,,275600,Avinguda dels Rasos de Peguera,242,,55,Ciutat Meridiana,08,Nou Barris,08033,Barcelona,True,,77136,100003,Informació d'interès,Web,https://eurofitness.com/centres/eurofitness-can-cuyas-cem-can-cuyas/,True,,430526.9625813584,4590148.453280351,41.4599194040609,2.1681328086399776,"<table class=""timetable-table""><tr class=""timetable-header""><th class=""weekdays"">Dies</th><th class=""hours"">Hores</th></tr><tr><td class=""timetable-day"" rowspan=1><div>De dilluns a divendres</div></td><td class=""timetable-hour"" rowspan=1><div>de 08.00&nbsp;h a 22.00&nbsp;h</div></td></tr><tr><td class=""timetable-day"" rowspan=1><div>Dissabte i diumenge i  festius</div></td><td class=""timetable-hour"" rowspan=1><div>de 09.00&nbsp;h a 14.00&nbsp;h</div></td></tr></table>"
﻿99400179658,Museu Olímpic i de l'Esport Joan Antoni Samaranch de Barcelona,,,2007-03-22T00:00:00+01:00,2026-09-16T14:31:03.425008+02:00,,,116402,Avinguda de l'Estadi,60,,11,el Poble-sec,03,Sants-Montjuïc,08038,Barcelona,True,,52183,100002,Informació d'interès,E-mail,info@fbolimpica.es,True,,429503.8926767652,4579761.724333253,41.366280925076076,2.1570941364707474,"<table class=""timetable-table""><tr class=""timetable-header""><th class=""period"">Període</th><th class=""weekdays"">Dies</th><th class=""hours"">Hores</th><th class=""prices"">Preus</th><th class=""description"">Observacions</th></tr><tr><td class=""timetable-period"" rowspan=2><div>De l'1 octubre al 31 març</div></td><td class=""timetable-day"" rowspan=1><div>De dimarts a dissabte</div></td><td class=""timetable-hour"" rowspan=1><div>de 10:00 h a 18:00 h</div></td><td class=""timetable-price"" rowspan=4><div>Entrada general: 6.3 € <p style=""margin:0""><br></p><p style=""margin:0""><strong>Entrada reduïda</strong>:</p><p style=""margin:0"">· 3.90 € estudiants</p><p style=""margin:0"">·</p><p style=""margin:0""><strong>Entrada reduïda grups:</strong> Superior a 15 persones:</p><p style=""margin:0"">· 5 € adults</p><p style=""margin:0"">· 3.30 € estudiants fins a 18 anys</p><p style=""margin:0""><br></p><p style=""margin:0""><strong>Descomptes (aplicables només a taquilles)</strong></p><p style=""margin:0"">· Carnet de biblioteques de Barcelona. (2×1)</p><p style=""margin:0"">· Carnet de família nombrosa. (25%)</p><p style=""margin:0"">· Carnet de família monoparental. (25%)</p><p style=""margin:0"">· Carnet de La Vanguardia. (2×1)</p><p style=""margin:0"">· Carnet del RACC. (25%)</p><p style=""margin:0"">· Carnet TRESC. (50%)</p><p style=""margin:0"">· Carnet Jove. (50%)</p><p style=""margin:0"">· Persones en situació d’atur acreditades. (50%)</p><p style=""margin:0""><br></p><p style=""margin:0""><strong>Entrada Gratuïta:</strong></p><p style=""margin:0""><strong>· </strong>Primer diumenge de mes</p><p style=""margin:0"">· Nens fins a 7 anys</p><p style=""margin:0"">· Majors a partir de 65 anys</p><p style=""margin:0"">. Posseïdors de la targeta rosa gratuïta</p><p style=""margin:0"">. Membres acreditats de l'ICOM.</p><p style=""margin:0"">. Membres de l'Associació de Museòlegs de Catalunya</p><p style=""margin:0"">. Guies turístics</p><p style=""margin:0"">. Professors d'ensenyament reglat</p><p style=""margin:0"">. Passi metropolità d'acompanyant d'una persona amb discapacitat</p><p style=""margin:0"">. 12 de febrer (Santa Eulàlia)</p><p style=""margin:0"">. 18 de maig (Dia Internacional dels Museus)</p><p style=""margin:0"">· 24 de setembre (la Mercè)</p></div></td><td class=""timetable-description"" rowspan=5><div><p style=""margin:0""><br></p><p style=""margin:0""><br></p><p style=""margin:0""><br></p><p style=""margin:0""><br></p><p style=""margin:0"">L'espai habilitat com a refugi climàtic és d'accés gratuït</p></div></td></tr><tr><td class=""timetable-day"" rowspan=1><div><p style=""margin:0"">Diumenge i festius </p><p style=""margin:0"">Tancat 25 desembre, 26 desembre i 1 gener</p></div></td><td class=""timetable-hour"" rowspan=1><div>de 10:00 h a 14:30 h</div></td></tr><tr><td class=""timetable-period current"" rowspan=3><div>De l'1 abril al 30 setembre</div></td><td class=""timetable-day"" rowspan=1><div><p style=""margin:0"">De dimarts a dissabte</p></div></td><td class=""timetable-hour"" rowspan=1><div>de 10.00&nbsp;h a 19.00&nbsp;h</div></td></tr><tr><td class=""timetable-day"" rowspan=1><div><p style=""margin:0"">Diumenge i festius </p><p style=""margin:0"">Tancat 1 de maig</p></div></td><td class=""timetable-hour"" rowspan=1><div>de 10.00&nbsp;h a 14.30&nbsp;h</div></td></tr><tr><td class=""timetable-day"" rowspan=1><div><p style=""margin:0"">La Nit dels Museus 2026:</p><p style=""margin:0"">16 de maig</p></div></td><td class=""timetable-hour"" rowspan=1><div>de 19.00&nbsp;h a 01.00&nbsp;h</div></td><td class=""timetable-price"" rowspan=1><div>Entrada Gratuïta</div></td></tr></table>"
﻿92086009448,Mercat Santa Caterina,,,1984-12-28T00:00:00+01:00,2026-06-17T09:58:45.175778+02:00,,,132952,Av Francesc Cambó,16,,04,"Sant Pere, Santa Caterina i la Ribera",01,Ciutat Vella,08003,BARCELONA,True,,457072,100003,Informació d'interès,Web,https://mercatdesantacaterina.com/ca/,False,,431288.34786604624,4581977.8100680085,41.38639488164491,2.1781771121189712,"<table class=""timetable-table""><tr class=""timetable-header""><th class=""period"">Període</th><th class=""weekdays"">Dies</th><th class=""hours"">Hores</th></tr><tr><td class=""timetable-period current"" rowspan=2><div>De l'1 setembre al 30 juny</div></td><td class=""timetable-day"" rowspan=1><div>Dilluns, dimecres i dissabte</div></td><td class=""timetable-hour"" rowspan=1><div>de 07.30&nbsp;h a 14.30&nbsp;h</div></td></tr><tr><td class=""timetable-day"" rowspan=1><div>Dimarts, dijous i divendres</div></td><td class=""timetable-hour"" rowspan=1><div>de 07.30&nbsp;h a 20.30&nbsp;h</div></td></tr><tr><td class=""timetable-period"" rowspan=2><div>De l'1 juliol al 31 agost</div></td><td class=""timetable-day"" rowspan=1><div>Dilluns, dimarts, dimecres, dijous i dissabte</div></td><td class=""timetable-hour"" rowspan=1><div>de 07.30&nbsp;h a 14.30&nbsp;h</div></td></tr><tr><td class=""timetable-day"" rowspan=1><div>Divendres</div></td><td class=""timetable-hour"" rowspan=1><div>de 07.30&nbsp;h a 20.30&nbsp;h</div></td></tr></table>"
﻿92086009454,Mercat d'Hostafrancs,,,1984-12-28T00:00:00+01:00,2026-07-02T13:55:23.353154+02:00,,,094809,Carrer de la Creu Coberta,93,,15,Hostafrancs,03,Sants-Montjuïc,08014,Barcelona,True,,73298,100003,Informació d'interès,Web,http://www.barcelona.cat/mercats,True,,428406.2821413866,4580758.575369845,41.37516234439833,2.143853943380838,"<table class=""timetable-table""><tr class=""timetable-header""><th class=""weekdays"">Dies</th><th class=""hours"">Hores</th></tr><tr><td class=""timetable-day"" rowspan=1><div>De dilluns a dijous, 23 juny, <br>10 setembre i <br>23 setembre</div></td><td class=""timetable-hour"" rowspan=1><div>de 07.00&nbsp;h a 14.30&nbsp;h i <br>de 17.00&nbsp;h a 20.00&nbsp;h</div></td></tr><tr><td class=""timetable-day"" rowspan=1><div>Divendres, 23 juny, <br>10 setembre i <br>23 setembre</div></td><td class=""timetable-hour"" rowspan=1><div>de 07.00&nbsp;h a 20.00&nbsp;h</div></td></tr><tr><td class=""timetable-day"" rowspan=1><div>Dissabte</div></td><td class=""timetable-hour"" rowspan=1><div>de 07.00&nbsp;h a 15.00&nbsp;h</div></td></tr></table>"
﻿99400758415,Espai amb Jocs d'Aigua dels Entorns Casa de l'Aigua Trinitat Vella,,,2025-05-27T12:32:43.313400+02:00,2026-06-01T10:29:36.068443+02:00,,,281409,Carretera de Ribes,103,111,57,la Trinitat Vella,09,Sant Andreu,08033,Barcelona,True,,669041,100097,Variables,Text per a la web de Refugis Climàtics - detalls,<p>Durant episodis d'altes temperatures els espais exteriors poden no oferir el confort tèrmic necessari</p>,False,,432318.38124252175,4589557.384903533,41.45474898737392,2.189647361177093,"<table class=""timetable-table""><tr class=""timetable-header""><th class=""period"">Període</th><th class=""weekdays"">Dies</th><th class=""hours"">Hores</th><th class=""description"">Observacions</th></tr><tr><td class=""timetable-period current"" rowspan=1><div>Del 29 maig al 30 setembre</div></td><td class=""timetable-day"" rowspan=1><div>Tots els dies</div></td><td class=""timetable-hour"" rowspan=1><div>de 10.00&nbsp;h a 20.00&nbsp;h</div></td><td class=""timetable-description"" rowspan=1><div><p style=""margin:0"">Quan s’activa el polsador, la instal·lació fa una seqüencia</p><p style=""margin:0"">de funcionament que dura un temps inferior als 5 minuts</p></div></td></tr></table>"
﻿99400694393,Casal de Gent Gran Can Novell,,,2022-06-28T12:08:56.451907+02:00,2026-09-01T08:39:44.854594+02:00,,,052605,Carrer de Caballero,29,29,19,les Corts,04,Les Corts,08014,Barcelona,True,,458539,100002,Informació d'interès,E-mail,gentgranlescorts@bcn.cat,True,,427582.425,4581552.894,41.38224275042145,2.1339080954786303,"<table class=""timetable-table""><tr class=""timetable-header""><th class=""period"">Període</th><th class=""weekdays"">Dies</th><th class=""hours"">Hores</th></tr><tr><td class=""timetable-period"" rowspan=2><div><p style=""margin:0"">De setembre a juny</p></div></td><td class=""timetable-day"" rowspan=1><div>De dilluns a divendres</div></td><td class=""timetable-hour"" rowspan=1><div>de 09.30&nbsp;h a 13.00&nbsp;h i <br>de 16.00&nbsp;h a 19.30&nbsp;h</div></td></tr><tr><td class=""timetable-day"" rowspan=1><div>Dissabte i diumenge</div></td><td class=""timetable-hour"" rowspan=1><div>de 17.30&nbsp;h a 20.30&nbsp;h</div></td></tr><tr><td class=""timetable-period"" rowspan=1><div><p style=""margin:0"">Juliol</p></div></td><td class=""timetable-day"" rowspan=1><div>De dilluns a divendres</div></td><td class=""timetable-hour"" rowspan=1><div>de 09.30&nbsp;h a 13.00&nbsp;h i <br>de 16.00&nbsp;h a 19.30&nbsp;h</div></td></tr><tr><td class=""timetable-period"" rowspan=1><div><p style=""margin:0"">Agost</p></div></td><td class=""timetable-day"" rowspan=1><div>Tots els dies</div></td><td class=""timetable-hour"" rowspan=1><div>Tancat</div></td></tr></table>"
﻿92086003371,Piscines Cobertes,92086003375,Centre Esportiu Municipal Can Toda,1987-06-25T00:00:00+02:00,2026-07-27T13:03:39.501211+02:00,,,274200,Carrer d'Ana María Matute Ausejo,25,27,30,la Salut,06,Gràcia,08024,Barcelona,True,,39608,100002,Informació d'interès,E-mail,cnc@cncatalunya.cat,True,,429646.049,4585208.923,41.41535438536336,2.158160977129535,"<table class=""timetable-table""><tr class=""timetable-header""><th class=""period"">Període</th><th class=""weekdays"">Dies</th><th class=""hours"">Hores</th></tr><tr><td class=""timetable-period"" rowspan=3><div>de l'1 d'octubre<br>al 31 de maig</div></td><td class=""timetable-day"" rowspan=1><div>De dilluns a divendres</div></td><td class=""timetable-hour"" rowspan=1><div>de 07:00 h a 23:00 h</div></td></tr><tr><td class=""timetable-day"" rowspan=1><div>dissabtes</div></td><td class=""timetable-hour"" rowspan=1><div>de 07:00 h a 21:30 h</div></td></tr><tr><td class=""timetable-day"" rowspan=1><div>diumenges i festius</div></td><td class=""timetable-hour"" rowspan=1><div>de 07:00 h a 15:00 h</div></td></tr><tr><td class=""timetable-period"" rowspan=3><div>de l'1 de juny<br>al 30 de setembre</div></td><td class=""timetable-day"" rowspan=1><div>De dilluns a divendres</div></td><td class=""timetable-hour"" rowspan=1><div>de 07:00 h a 23:00 h</div></td></tr><tr><td class=""timetable-day"" rowspan=1><div>dissabtes</div></td><td class=""timetable-hour"" rowspan=1><div>de 07:00 h a 21:30 h</div></td></tr><tr><td class=""timetable-day"" rowspan=1><div>diumenges i festius</div></td><td class=""timetable-hour"" rowspan=1><div>de 07:00 h a 16:00 h</div></td></tr></table>"
﻿92086010413,Associació de Veïnes i Veïns del Clot-Camp de l'Arpa de Barcelona,,,2002-05-09T10:29:32+02:00,2026-09-01T09:30:15.123662+02:00,,,173406,C Sibelius,3,,64,el Camp de l'Arpa del Clot,10,Sant Martí,08026,BARCELONA,True,,40722,100002,Informació d'interès,E-mail,avvclotcampdelarpa@gmail.com,True,,431965.31374952313,4584628.357350336,41.41032511357463,2.185975310373501,"<table class=""timetable-table""><tr class=""timetable-header""><th class=""period"">Període</th><th class=""weekdays"">Dies</th><th class=""hours"">Hores</th></tr><tr><td class=""timetable-period"" rowspan=2><div>De l'1 setembre al 31 juliol</div></td><td class=""timetable-day"" rowspan=1><div>Dilluns, dimarts i dimecres</div></td><td class=""timetable-hour"" rowspan=1><div>de 18.00&nbsp;h a 20.00&nbsp;h</div></td></tr><tr><td class=""timetable-day"" rowspan=1><div>Dijous</div></td><td class=""timetable-hour"" rowspan=1><div>de 10.00&nbsp;h a 12.00&nbsp;h</div></td></tr></table>"
﻿99400672437,Biblioteca Sarrià – J. V. Foix,,,2021-07-06T15:19:25.954878+02:00,2026-07-31T11:05:54.303970+02:00,,,106103,Plaça de Sarrià,1,1,23,Sarrià,05,Sarrià-Sant Gervasi,08017,Barcelona,True,,633449,100002,Informació d'interès,E-mail,b.barcelona.jvf@diba.cat,False,,426616.819,4583535.428,41.400011080793654,2.122120839557872,"<table class=""timetable-table""><tr class=""timetable-header""><th class=""period"">Període</th><th class=""weekdays"">Dies</th><th class=""hours"">Hores</th></tr><tr><td class=""timetable-period current"" rowspan=5><div><p style=""margin:0"">Horari habitual</p><p style=""margin:0"">al llarg de l'any</p></div></td><td class=""timetable-day"" rowspan=1><div>Dilluns i Dijous</div></td><td class=""timetable-hour"" rowspan=1><div>de 15.30&nbsp;h a 20.00&nbsp;h</div></td></tr><tr><td class=""timetable-day"" rowspan=1><div><p style=""margin:0"">Dimarts i Dimecres </p><p style=""margin:0"">excepte dimarts 23 de juny</p></div></td><td class=""timetable-hour"" rowspan=1><div>de 09.30&nbsp;h a 13.30&nbsp;h i <br>de 15.30&nbsp;h a 20.00&nbsp;h</div></td></tr><tr><td class=""timetable-day"" rowspan=1><div><p style=""margin:0"">Dimarts 23 de juny</p></div></td><td class=""timetable-hour"" rowspan=1><div>de 09.30&nbsp;h a 13.30&nbsp;h</div></td></tr><tr><td class=""timetable-day"" rowspan=1><div>Divendres</div></td><td class=""timetable-hour"" rowspan=1><div>de 09.30&nbsp;h a 20.00&nbsp;h</div></td></tr><tr><td class=""timetable-day"" rowspan=1><div>Dissabte</div></td><td class=""timetable-hour"" rowspan=1><div>de 10.00&nbsp;h a 14.00&nbsp;h</div></td></tr><tr><td class=""timetable-period"" rowspan=3><div><p style=""margin:0"">Estiu 2026</p><p style=""margin:0"">Del 24 juny al 24 setembre</p></div></td><td class=""timetable-day"" rowspan=1><div>Dilluns i Dijous</div></td><td class=""timetable-hour"" rowspan=1><div>de 15.30&nbsp;h a 20.00&nbsp;h</div></td></tr><tr><td class=""timetable-day"" rowspan=1><div>Dimarts i Dimecres</div></td><td class=""timetable-hour"" rowspan=1><div>de 09.30&nbsp;h a 13.30&nbsp;h i <br>de 15.30&nbsp;h a 20.00&nbsp;h</div></td></tr><tr><td class=""timetable-day"" rowspan=1><div>Divendres</div></td><td class=""timetable-hour"" rowspan=1><div>de 09.30&nbsp;h a 20.00&nbsp;h</div></td></tr></table>"
﻿92086004879,Centre Cívic Sant Andreu,,,1984-05-30T00:00:00+02:00,2026-07-29T08:52:48.294881+02:00,,,296202,Carrer Gran de Sant Andreu,111,,60,Sant Andreu,09,Sant Andreu,08030,Barcelona,True,,39802,100002,Informació d'interès,E-mail,infoccsa@bcn.cat,True,,432273.94529327267,4586907.667195705,41.43088018380354,2.1894124386376466,"<table class=""timetable-table""><tr class=""timetable-header""><th class=""weekdays"">Dies</th><th class=""hours"">Hores</th></tr><tr><td class=""timetable-day"" rowspan=1><div>De dilluns a divendres</div></td><td class=""timetable-hour"" rowspan=1><div>de 09.30&nbsp;h a 14.30&nbsp;h i <br>de 16.00&nbsp;h a 21.30&nbsp;h</div></td></tr><tr><td class=""timetable-day"" rowspan=1><div>Dissabte</div></td><td class=""timetable-hour"" rowspan=1><div>de 10.00&nbsp;h a 14.00&nbsp;h i <br>de 16.00&nbsp;h a 20.00&nbsp;h</div></td></tr></table>"
﻿99400582148,Botiga Bebe-Té,,,2018-04-04T16:20:28+02:00,2026-05-11T13:45:11.193883+02:00,,,246000,Carrer del Parlament,7,,10,Sant Antoni,02,Eixample,08015,Barcelona,True,,60416,100002,Informació d'interès,E-mail,bebete@bebe-te.com,True,,429868.2709152864,4580802.708245516,41.37568857170642,2.1613300630541574,"<table class=""timetable-table""><tr class=""timetable-header""><th class=""weekdays"">Dies</th><th class=""hours"">Hores</th></tr><tr><td class=""timetable-day"" rowspan=1><div>De dilluns a dissabte</div></td><td class=""timetable-hour"" rowspan=1><div>d'11.00&nbsp;h a 14.00&nbsp;h i <br>de 17.00&nbsp;h a 20.00&nbsp;h</div></td></tr></table>"
﻿99400783488,Supermercat Consum *Entença,,,2026-06-19T12:24:46.700534+02:00,2026-06-19T12:25:16.045728+02:00,,,110803,Carrer d'Entença,28,28,10,Sant Antoni,02,Eixample,08015,Barcelona,True,,739323,100003,Informació d'interès,Web,https://www.consum.es/va/,False,,429304.872,4580927.839,41.37676628589919,2.1545787665570804,
﻿1116122215,Parc del Mirador del Migdia,,,2001-04-26T00:00:00+02:00,2026-02-20T08:04:24.545587+01:00,,,700690,Passeig del Migdia,156,174,11,el Poble-sec,03,Sants-Montjuïc,08038,Barcelona,True,,65169,100003,Informació d'interès,Web,https://link.bcn.cat/cPdMdM,True,,429141.33697358,4579041.50411877,41.359762298488135,2.152843732558814,
﻿99400342694,Biblioteca Joan Maragall,,,2014-05-15T15:03:15+02:00,2026-07-24T07:51:24.454018+02:00,,,302203,Carrer de Sant Gervasi de Cassoles,85,,25,Sant Gervasi - la Bonanova,05,Sarrià-Sant Gervasi,08022,Barcelona,True,,56414,100002,Informació d'interès,E-mail,b.barcelona.jmg@diba.cat,True,,427783.0244670277,4584183.691819175,41.40595531098417,2.1359932205138352,"<table class=""timetable-table""><tr class=""timetable-header""><th class=""weekdays"">Dies</th><th class=""hours"">Hores</th></tr><tr><td class=""timetable-day"" rowspan=1><div>Dilluns, dimecres i divendres</div></td><td class=""timetable-hour"" rowspan=1><div>de 09.30&nbsp;h a 13.30&nbsp;h i <br>de 15.30&nbsp;h a 20.30&nbsp;h</div></td></tr><tr><td class=""timetable-day"" rowspan=1><div><p style=""margin:0"">Dimarts i dijous </p><p style=""margin:0"">excepte dimarts 23 de juny</p></div></td><td class=""timetable-hour"" rowspan=1><div>de 09.30&nbsp;h a 20.30&nbsp;h</div></td></tr><tr><td class=""timetable-day"" rowspan=1><div><p style=""margin:0"">Dimarts 23 de juny</p></div></td><td class=""timetable-hour"" rowspan=1><div>de 09.30&nbsp;h a 13.30&nbsp;h</div></td></tr><tr><td class=""timetable-day"" rowspan=1><div>Dissabte</div></td><td class=""timetable-hour"" rowspan=1><div>de 10.00&nbsp;h a 14.00&nbsp;h</div></td></tr></table>"
﻿1183122853,Jardins Interior d'Illa de Safo,,,2001-07-02T00:00:00+02:00,2026-08-25T14:58:01.515156+02:00,,,287201,Avinguda de Roma,20,20,09,la Nova Esquerra de l'Eixample,02,Eixample,08015,Barcelona,True,,131763,20001,Telèfons,Tel.,010,True,,428494.819,4581401.506,41.3809608611564,2.1448367370116634,"<table class=""timetable-table""><tr class=""timetable-header""><th class=""period"">Període</th><th class=""weekdays"">Dies</th><th class=""hours"">Hores</th><th class=""description"">Observacions</th></tr><tr><td class=""timetable-period"" rowspan=1><div><p style=""margin:0"">Horari d’hivern: </p><p style=""margin:0"">de l'1 de novembre al 31 de març</p></div></td><td class=""timetable-day"" rowspan=2><div>Cada dia</div></td><td class=""timetable-hour"" rowspan=1><div>de 08.00&nbsp;h a 19.00&nbsp;h</div></td><td class=""timetable-description"" rowspan=2><div>Hora de tancament<br>aproximada,en funció de<br> l'horari solar (tanquen<br> quan es fa fosc, al capvespre)</div></td></tr><tr><td class=""timetable-period current"" rowspan=1><div><p style=""margin:0"">Horari d’estiu:</p><p style=""margin:0"">de l'1 d'abril al 31 d'octubre</p></div></td><td class=""timetable-hour"" rowspan=1><div>de 08.00&nbsp;h a 21.00&nbsp;h</div></td></tr></table>"
﻿75990033151,Llibreria Documenta,,,1996-09-17T00:00:00+02:00,2026-07-27T13:51:55.838265+02:00,,,247659,Carrer de Pau Claris,144,,07,la Dreta de l'Eixample,02,Eixample,08009,Barcelona,True,,35069,100002,Informació d'interès,E-mail,orreu@documenta-bcn.com,True,,430258.3757026273,4582824.896592039,41.39393567498606,2.1657618830553353,"<table class=""timetable-table""><tr class=""timetable-header""><th class=""weekdays"">Dies</th><th class=""hours"">Hores</th></tr><tr><td class=""timetable-day"" rowspan=1><div>De dilluns a divendres</div></td><td class=""timetable-hour"" rowspan=1><div>de 09.30&nbsp;h a 20.30&nbsp;h</div></td></tr><tr><td class=""timetable-day"" rowspan=1><div>Dissabte</div></td><td class=""timetable-hour"" rowspan=1><div>de 10.00&nbsp;h a 20.30&nbsp;h</div></td></tr><tr><td class=""timetable-day"" rowspan=1><div>Diumenge</div></td><td class=""timetable-hour"" rowspan=1><div>d'11.30&nbsp;h a 14.30&nbsp;h i <br>de 17.30&nbsp;h a 20.30&nbsp;h</div></td></tr></table>"
﻿99400576085,Aula Ambiental de la Casa de l'Aigua de Trinitat Nova,,,2018-02-02T14:34:58+01:00,2026-09-01T08:45:32.085232+02:00,,,139907,C Garbí,2,,53,la Trinitat Nova,08,Nou Barris,08033,BARCELONA,True,,59935,100002,Informació d'interès,E-mail,casadelaiguadt8@bcn.cat,True,,432182.0066917208,4589360.638285403,41.45296545224615,2.188036804130217,"<table class=""timetable-table""><tr class=""timetable-header""><th class=""period"">Període</th><th class=""weekdays"">Dies</th><th class=""hours"">Hores</th></tr><tr><td class=""timetable-period"" rowspan=2><div>De l'1 setembre al 31 juliol</div></td><td class=""timetable-day"" rowspan=1><div>Dimarts i dijous</div></td><td class=""timetable-hour"" rowspan=1><div>de 09.00&nbsp;h a 14.30&nbsp;h i <br>de 15.00&nbsp;h a 19.00&nbsp;h</div></td></tr><tr><td class=""timetable-day"" rowspan=1><div>Divendres</div></td><td class=""timetable-hour"" rowspan=1><div>de 09.00&nbsp;h a 14.30&nbsp;h</div></td></tr><tr><td class=""timetable-period"" rowspan=1><div>De l'1 agost al 31 agost</div></td><td class=""timetable-day"" rowspan=1><div>Tots els dies tancat</div></td><td class=""timetable-hour"" rowspan=1><div><p style=""margin:0"">Tancat</p></div></td></tr></table>"
﻿249121118,Biblioteca Vapor Vell,,,2000-09-05T00:00:00+02:00,2026-07-16T14:56:44.158535+02:00,,,700952,Passatge del Vapor Vell,1,,18,Sants,03,Sants-Montjuïc,08028,Barcelona,True,,33481,100002,Informació d'interès,E-mail,b.barcelona.vv@diba.cat,True,,427647.08048029605,4580962.220220291,41.37692859666653,2.134751788846474,"<table class=""timetable-table""><tr class=""timetable-header""><th class=""period"">Període</th><th class=""weekdays"">Dies</th><th class=""hours"">Hores</th></tr><tr><td class=""timetable-period current"" rowspan=3><div><p style=""margin:0"">Horari habitual</p><p style=""margin:0"">al llarg de l'any</p></div></td><td class=""timetable-day"" rowspan=1><div>Dilluns, dimecres i dijous</div></td><td class=""timetable-hour"" rowspan=1><div>de 09.30&nbsp;h a 13.30&nbsp;h i <br>de 15.30&nbsp;h a 20.30&nbsp;h</div></td></tr><tr><td class=""timetable-day"" rowspan=1><div><p style=""margin:0"">Dimarts i divendres</p><p style=""margin:0"">excepte dimarts 23 de juny</p></div></td><td class=""timetable-hour"" rowspan=1><div>de 09:30 h a 20:30 h</div></td></tr><tr><td class=""timetable-day"" rowspan=1><div>Dissabte</div></td><td class=""timetable-hour"" rowspan=1><div>de 10.00&nbsp;h a 14.00&nbsp;h i <br>de 16.00&nbsp;h a 20.00&nbsp;h</div></td></tr><tr><td class=""timetable-period"" rowspan=3><div><p style=""margin:0"">Estiu 2026</p><p style=""margin:0"">Del 24 juny al 24 setembre</p></div></td><td class=""timetable-day"" rowspan=1><div>Dilluns, dimecres i dijous</div></td><td class=""timetable-hour"" rowspan=1><div>de 09.30&nbsp;h a 13.30&nbsp;h i <br>de 15.30&nbsp;h a 20.30&nbsp;h</div></td></tr><tr><td class=""timetable-day"" rowspan=1><div>Dimarts i divendres</div></td><td class=""timetable-hour"" rowspan=1><div>de 09:30 h a 20:30 h</div></td></tr><tr><td class=""timetable-day"" rowspan=1><div>Dissabte</div></td><td class=""timetable-hour"" rowspan=1><div>de 10.00&nbsp;h a 14.00&nbsp;h</div></td></tr></table>"
﻿99400293637,Piscina Descoberta,93053131509,Centre Esportiu Municipal Parc de la Ciutadella,2012-05-25T00:00:00+02:00,2026-05-29T11:59:12.090027+02:00,,,079306,Passeig de Circumval·lació,3,,04,"Sant Pere, Santa Caterina i la Ribera",01,Ciutat Vella,08003,Barcelona,True,,55657,100002,Informació d'interès,E-mail,info-ciutadella@okeymas.es,True,,431993.74203711667,4581838.82156696,41.38520299354419,2.1866287315897024,"<table class=""timetable-table""><tr class=""timetable-header""><th class=""period"">Període</th><th class=""weekdays"">Dies</th><th class=""hours"">Hores</th><th class=""prices"">Preus</th></tr><tr><td class=""timetable-period"" rowspan=3><div><p style=""margin:0"">Estiu 2026:</p><p style=""margin:0"">De l'1 abril a l'1 novembre</p></div></td><td class=""timetable-day"" rowspan=1><div>De dilluns a divendres</div></td><td class=""timetable-hour"" rowspan=1><div>de 09.00&nbsp;h a 20.00&nbsp;h</div></td><td class=""timetable-price"" rowspan=3><div>Entrada general: 18.73 € <p style=""margin:0"">Les entrades donen dret a utilitzar tota la instal·lació esportiva</p><ul><li>Entrada infants fins a 14 anys 8,74 €</li><li>Entrada juvenil fins a 17 anys 8,74 €</li><li>Entrada general: 18.73 €</li><li>Entrada targeta rosa&nbsp;gratuita 11,32 €</li><li>Entrada gent gran 13,77 €&nbsp;</li></ul></div></td></tr><tr><td class=""timetable-day"" rowspan=1><div>Dissabte</div></td><td class=""timetable-hour"" rowspan=1><div>de 10.00&nbsp;h a 19.30&nbsp;h</div></td></tr><tr><td class=""timetable-day"" rowspan=1><div>Diumenge i festius</div></td><td class=""timetable-hour"" rowspan=1><div>de 10.00&nbsp;h a 14.30&nbsp;h</div></td></tr></table>"
﻿69133728,Espai Lúdic Ambiental per a Famílies LaLudo,92086011921,Parc de la Ciutadella,2000-03-09T00:00:00+01:00,2026-07-29T08:53:11.434895+02:00,,,701223,Pas Institut Escola,1,,04,"Sant Pere, Santa Caterina i la Ribera",01,Ciutat Vella,08003,BARCELONA,True,,33338,100002,Informació d'interès,E-mail,espailudicciutadella@bcn.cat,True,,432018.60074668005,4582080.237216116,41.38737945873459,2.186898929399237,"<table class=""timetable-table""><tr class=""timetable-header""><th class=""period"">Període</th><th class=""weekdays"">Dies</th><th class=""hours"">Hores</th><th class=""prices"">Preus</th><th class=""description"">Observacions</th></tr><tr><td class=""timetable-period current"" rowspan=2><div>Del 15 setembre al 30 abril</div></td><td class=""timetable-day"" rowspan=1><div>De dilluns a dijous</div></td><td class=""timetable-hour"" rowspan=1><div>de 10.00&nbsp;h a 13.30&nbsp;h i <br>de 15.30&nbsp;h a 17.30&nbsp;h</div></td><td class=""timetable-price"" rowspan=8><div>Entrada Gratuïta</div></td><td class=""timetable-description"" rowspan=8><div><p style=""margin:0"">Si sou un grup que voleu visitar l’espai, </p><p style=""margin:0"">us demanem realitzar consulta a través</p><p style=""margin:0"">del correu electrònic i així garantir el bon</p><p style=""margin:0"">funcionament de l’equipament </p><p style=""margin:0""><a href=""mailto:espailudicciutadella@bcn.cat"" target=""_blank"" style=""color: black; background-color: white;"">espailudicciutadella@bcn.cat</a></p></div></td></tr><tr><td class=""timetable-day"" rowspan=1><div>Dissabte i diumenge excepte  festius</div></td><td class=""timetable-hour"" rowspan=1><div>de 10.00&nbsp;h a 13.30&nbsp;h</div></td></tr><tr><td class=""timetable-period"" rowspan=2><div>De l'1 maig al 31 juliol</div></td><td class=""timetable-day"" rowspan=1><div>De dilluns a dijous</div></td><td class=""timetable-hour"" rowspan=1><div>de 10.00&nbsp;h a 13.30&nbsp;h i <br>de 16.30&nbsp;h a 18.30&nbsp;h</div></td></tr><tr><td class=""timetable-day"" rowspan=1><div>Dissabte i diumenge excepte  festius</div></td><td class=""timetable-hour"" rowspan=1><div>de 10.00&nbsp;h a 13.30&nbsp;h</div></td></tr><tr><td class=""timetable-period"" rowspan=2><div>De l'1 agost al 31 agost</div></td><td class=""timetable-day"" rowspan=1><div>De dilluns a dijous</div></td><td class=""timetable-hour"" rowspan=1><div>de 10.00&nbsp;h a 13.30&nbsp;h</div></td></tr><tr><td class=""timetable-day"" rowspan=1><div>Dissabte i diumenge excepte  festius</div></td><td class=""timetable-hour"" rowspan=1><div>de 10.00&nbsp;h a 13.30&nbsp;h</div></td></tr><tr><td class=""timetable-period"" rowspan=2><div>De l'1 setembre al 14 setembre</div></td><td class=""timetable-day"" rowspan=1><div>De dilluns a dijous</div></td><td class=""timetable-hour"" rowspan=1><div>de 10.00&nbsp;h a 13.30&nbsp;h i <br>de 16.30&nbsp;h a 18.30&nbsp;h</div></td></tr><tr><td class=""timetable-day"" rowspan=1><div>Dissabte i diumenge excepte  festius</div></td><td class=""timetable-hour"" rowspan=1><div>de 10.00&nbsp;h a 13.30&nbsp;h</div></td></tr></table>"
﻿92086035490,Centre Cívic Can Felipa,,,1991-04-19T00:00:00+02:00,2026-09-08T13:54:47.809571+02:00,,,700802,Plaça de Josep Maria Huertas Claveria,1,,68,el Poblenou,10,Sant Martí,08005,Barcelona,True,,42982,100002,Informació d'interès,E-mail,info@cccanfelipa.cat,True,,433173.2731653361,4583879.2838958185,41.40367975860696,2.20050971216533,"<table class=""timetable-table""><tr class=""timetable-header""><th class=""period"">Període</th><th class=""weekdays"">Dies</th><th class=""hours"">Hores</th></tr><tr><td class=""timetable-period current"" rowspan=2><div>De l'1 setembre al 31 juliol</div></td><td class=""timetable-day"" rowspan=1><div>De dilluns a divendres</div></td><td class=""timetable-hour"" rowspan=1><div>de 09.00&nbsp;h a 14.00&nbsp;h i <br>de 16.00&nbsp;h a 21.00&nbsp;h</div></td></tr><tr><td class=""timetable-day"" rowspan=1><div>Dissabte</div></td><td class=""timetable-hour"" rowspan=1><div>de 10.00&nbsp;h a 14.00&nbsp;h i <br>de 16.00&nbsp;h a 19.00&nbsp;h</div></td></tr><tr><td class=""timetable-period"" rowspan=1><div><p style=""margin:0"">Estiu 2026</p><p style=""margin:0"">De l'1 agost al 31 agost</p></div></td><td class=""timetable-day"" rowspan=1><div>De dilluns a divendres</div></td><td class=""timetable-hour"" rowspan=1><div>de 10.00&nbsp;h a 15.00&nbsp;h</div></td></tr></table>"
﻿94147122530,Llac,92086032989,Centre Esportiu Municipal Can Dragó,1994-05-27T00:00:00+02:00,2026-05-29T11:59:49.790906+02:00,,,289852,Carrer de Rosselló i Porcel,7,11,45,Porta,08,Nou Barris,08016,Barcelona,True,,77839,100003,Informació d'interès,Web,https://eurofitness.com/llac/,True,,431754.45,4587544.299,41.43657012505103,2.1831235131796087,"<table class=""timetable-table""><tr class=""timetable-header""><th class=""period"">Període</th><th class=""weekdays"">Dies</th><th class=""hours"">Hores</th><th class=""prices"">Preus</th><th class=""description"">Observacions</th></tr><tr><td class=""timetable-period"" rowspan=1><div><p style=""margin:0"">Estiu 2025:</p><p style=""margin:0"">Del 6 juny al 6 setembre</p></div></td><td class=""timetable-day"" rowspan=1><div>Cada dia</div></td><td class=""timetable-hour"" rowspan=1><div>de 10.30&nbsp;h a 19.00&nbsp;h</div></td><td class=""timetable-price"" rowspan=1><div>Entrada general: 9.85 € <p style=""margin:0"">. De 0 a 5 anys: 2,80 € (assegurança)</p><p style=""margin:0"">. De  6 a 14 anys: 6.85 €</p><p style=""margin:0"">. A partir de 15 anys: 9.85 €</p><p style=""margin:0"">. Gent gran i  titulars targeta rosa: 6.85 €</p></div></td><td class=""timetable-description"" rowspan=1><div><br>Hi ha abonaments de 10 entrades,<br>abonaments mensuals<br>i abonaments de temporada</div></td></tr></table>"
﻿99400762448,Refugi Climàtic Pati d'Escola Bressol,92086007106,Escola Bressol Municipal El Palomar,2025-08-04T09:48:30.656319+02:00,2026-08-31T09:35:29.816385+02:00,,,190303,Carrer de Malats,45,45,60,Sant Andreu,09,Sant Andreu,08030,Barcelona,True,,,,,,,,,432094.043,4587516.917,41.43635229388474,2.187191011483896,"<table class=""timetable-table""><tr class=""timetable-header""><th class=""period"">Període</th><th class=""weekdays"">Dies</th><th class=""hours"">Hores</th><th class=""prices"">Preus</th></tr><tr><td class=""timetable-period"" rowspan=1><div>De l'1 juny al 31 juliol</div></td><td class=""timetable-day"" rowspan=1><div>Dissabte</div></td><td class=""timetable-hour"" rowspan=1><div>de 10.30&nbsp;h a 13.00&nbsp;h</div></td><td class=""timetable-price"" rowspan=3><div>Entrada Gratuïta</div></td></tr><tr><td class=""timetable-period"" rowspan=1><div>De l'1 agost al 31 agost</div></td><td class=""timetable-day"" rowspan=1><div><p style=""margin:0"">Tots els dies</p></div></td><td class=""timetable-hour"" rowspan=1><div><p style=""margin:0"">Tancat</p></div></td></tr><tr><td class=""timetable-period"" rowspan=1><div>De l'1 setembre al 12 setembre</div></td><td class=""timetable-day"" rowspan=1><div>Dissabte</div></td><td class=""timetable-hour"" rowspan=1><div>de 10.30&nbsp;h a 13.00&nbsp;h</div></td></tr></table>"
﻿99400079150,Casal Cívic i Comunitari Barcelona - Verdum Artesania,,,2004-04-06T17:12:37+02:00,2026-09-01T10:00:57.020103+02:00,,,026605,Carrer de l'Artesania,96,98,51,Verdun,08,Nou Barris,08042,Barcelona,True,,49341,100002,Informació d'interès,E-mail,cc.verdumartesania@gencat.cat,True,,430877.45358200674,4588203.034294285,41.442428084710706,2.17255184212102,"<table class=""timetable-table""><tr class=""timetable-header""><th class=""period"">Període</th><th class=""weekdays"">Dies</th><th class=""hours"">Hores</th></tr><tr><td class=""timetable-period"" rowspan=2><div>De l'1 setembre al 31 juliol</div></td><td class=""timetable-day"" rowspan=1><div>De dilluns a divendres</div></td><td class=""timetable-hour"" rowspan=1><div>de 09:00 h a 21:00 h</div></td></tr><tr><td class=""timetable-day"" rowspan=1><div>Dissabte</div></td><td class=""timetable-hour"" rowspan=1><div>de 10:00 h a 13:30 h i<BR>de 15:30 h a 21:00 h</div></td></tr><tr><td class=""timetable-period"" rowspan=1><div>De l'1 agost al 31 agost</div></td><td class=""timetable-day"" rowspan=1><div>Tots els dies tancat</div></td><td class=""timetable-hour"" rowspan=1><div><p style=""margin:0"">Tancat</p></div></td></tr></table>"
﻿99400227877,Biblioteca La Sagrera - Marina Clotet,,,2009-06-17T11:51:48+02:00,2026-08-31T14:07:10.532014+02:00,,,170758,Carrer de Josep Soldevila,9,9,61,la Sagrera,09,Sant Andreu,08027,Barcelona,False,,53920,100002,Informació d'interès,E-mail,b.barcelona.mc@diba.cat,True,,432630.483,4586323.205,41.425646108743635,2.193744428022945,"<table class=""timetable-table""><tr class=""timetable-header""><th class=""period"">Període</th><th class=""weekdays"">Dies</th><th class=""hours"">Hores</th></tr><tr><td class=""timetable-period current"" rowspan=4><div><p style=""margin:0"">Horari habitual</p><p style=""margin:0"">al llarg de l'any</p></div></td><td class=""timetable-day"" rowspan=1><div>Dilluns</div></td><td class=""timetable-hour"" rowspan=1><div>de 15.30&nbsp;h a 20.00&nbsp;h</div></td></tr><tr><td class=""timetable-day"" rowspan=1><div><p style=""margin:0"">Dimarts, dimecres, dijous i divendres</p><p style=""margin:0"">excepte dimarts 23 de juny</p></div></td><td class=""timetable-hour"" rowspan=1><div>de 09.30&nbsp;h a 13.30&nbsp;h i <br>de 15.30&nbsp;h a 20.00&nbsp;h</div></td></tr><tr><td class=""timetable-day"" rowspan=1><div><p style=""margin:0"">Dimarts 23 de juny</p></div></td><td class=""timetable-hour"" rowspan=1><div>de 09.30&nbsp;h a 13.30&nbsp;h</div></td></tr><tr><td class=""timetable-day"" rowspan=1><div>Dissabte</div></td><td class=""timetable-hour"" rowspan=1><div>de 10.00&nbsp;h a 14.00&nbsp;h</div></td></tr><tr><td class=""timetable-period"" rowspan=2><div><p style=""margin:0"">Estiu 2026</p><p style=""margin:0"">Del 24 juny al 31 juliol</p></div></td><td class=""timetable-day"" rowspan=1><div>Dilluns</div></td><td class=""timetable-hour"" rowspan=1><div>de 15.30&nbsp;h a 20.00&nbsp;h</div></td></tr><tr><td class=""timetable-day"" rowspan=1><div>Dimarts, dimecres, dijous i divendres</div></td><td class=""timetable-hour"" rowspan=1><div>de 09.30&nbsp;h a 13.30&nbsp;h i <br>de 15.30&nbsp;h a 20.00&nbsp;h</div></td></tr><tr><td class=""timetable-period"" rowspan=1><div>De l'1 agost al 31 agost</div></td><td class=""timetable-day"" rowspan=1><div><p style=""margin:0"">Tots els dies</p></div></td><td class=""timetable-hour"" rowspan=1><div><p style=""margin:0"">Tancada</p></div></td></tr><tr><td class=""timetable-period"" rowspan=2><div>De l'1 setembre al 24 setembre</div></td><td class=""timetable-day"" rowspan=1><div>Dilluns</div></td><td class=""timetable-hour"" rowspan=1><div>de 15.30&nbsp;h a 20.00&nbsp;h</div></td></tr><tr><td class=""timetable-day"" rowspan=1><div>Dimarts, dimecres, dijous i divendres</div></td><td class=""timetable-hour"" rowspan=1><div>de 09.30&nbsp;h a 13.30&nbsp;h i <br>de 15.30&nbsp;h a 20.00&nbsp;h</div></td></tr></table>"
﻿99400243881,Biblioteca El Gòtic - Andreu Nin,,,2010-03-24T14:37:11+01:00,2026-08-31T14:05:21.199737+02:00,,,034308,Carrer la Rambla,30,,02,el Barri Gòtic,01,Ciutat Vella,08002,Barcelona,True,,54217,100002,Informació d'interès,E-mail,b.barcelona.an@diba.cat,True,,431103.3728435385,4581101.855579399,41.37848959636991,2.176064541270459,"<table class=""timetable-table""><tr class=""timetable-header""><th class=""period"">Període</th><th class=""weekdays"">Dies</th><th class=""hours"">Hores</th></tr><tr><td class=""timetable-period current"" rowspan=4><div><p style=""margin:0"">Horari habitual</p><p style=""margin:0"">al llarg de l'any</p></div></td><td class=""timetable-day"" rowspan=1><div>Dilluns i dijous</div></td><td class=""timetable-hour"" rowspan=1><div>de 15.30&nbsp;h a 20.00&nbsp;h</div></td></tr><tr><td class=""timetable-day"" rowspan=1><div><p style=""margin:0"">Dimarts, Dimecres i Divendres</p><p style=""margin:0"">excepte dimarts 23 de juny</p></div></td><td class=""timetable-hour"" rowspan=1><div>de 09.30&nbsp;h a 13.30&nbsp;h i <br>de 15.30&nbsp;h a 20.00&nbsp;h</div></td></tr><tr><td class=""timetable-day"" rowspan=1><div><p style=""margin:0"">Dimarts 23 de juny</p></div></td><td class=""timetable-hour"" rowspan=1><div>de 09.30&nbsp;h a 13.30&nbsp;h</div></td></tr><tr><td class=""timetable-day"" rowspan=1><div>Dissabte</div></td><td class=""timetable-hour"" rowspan=1><div>de 10.00&nbsp;h a 14.00&nbsp;h</div></td></tr><tr><td class=""timetable-period"" rowspan=2><div><p style=""margin:0"">Estiu 2026</p><p style=""margin:0"">Del 24 juny al 31 juliol</p></div></td><td class=""timetable-day"" rowspan=1><div>Dilluns i dijous</div></td><td class=""timetable-hour"" rowspan=1><div>de 15.30&nbsp;h a 20.00&nbsp;h</div></td></tr><tr><td class=""timetable-day"" rowspan=1><div><p style=""margin:0"">Dimarts, Dimecres i Divendres</p><p style=""margin:0"">﻿</p></div></td><td class=""timetable-hour"" rowspan=1><div>de 09.30&nbsp;h a 13.30&nbsp;h i <br>de 15.30&nbsp;h a 20.00&nbsp;h</div></td></tr><tr><td class=""timetable-period"" rowspan=1><div>De l'1 agost al 31 agost</div></td><td class=""timetable-day"" rowspan=1><div><p style=""margin:0"">Tots els dies</p></div></td><td class=""timetable-hour"" rowspan=1><div><p style=""margin:0"">Tancada</p></div></td></tr><tr><td class=""timetable-period"" rowspan=2><div>De l'1 setembre al 24 setembre</div></td><td class=""timetable-day"" rowspan=1><div>Dilluns i dijous</div></td><td class=""timetable-hour"" rowspan=1><div>de 15.30&nbsp;h a 20.00&nbsp;h</div></td></tr><tr><td class=""timetable-day"" rowspan=1><div><p style=""margin:0"">Dimarts, Dimecres i Divendres</p><p style=""margin:0"">﻿</p></div></td><td class=""timetable-hour"" rowspan=1><div>de 09.30&nbsp;h a 13.30&nbsp;h i <br>de 15.30&nbsp;h a 20.00&nbsp;h</div></td></tr></table>"
﻿92086002472,Centre Cívic Casinet d'Hostafrancs,,,1984-05-30T00:00:00+02:00,2026-09-01T07:51:32.944605+02:00,,,246703,Carrer del Rector Triadó,53,,15,Hostafrancs,03,Sants-Montjuïc,08014,Barcelona,True,,39678,100002,Informació d'interès,E-mail,cotxeres-casinet@secretariat.cat,True,,428356.35456304916,4581058.3734327955,41.37785807405671,2.1432215181756806,"<table class=""timetable-table""><tr class=""timetable-header""><th class=""period"">Període</th><th class=""weekdays"">Dies</th><th class=""hours"">Hores</th></tr><tr><td class=""timetable-period"" rowspan=3><div>De l'1 setembre al 31 juliol</div></td><td class=""timetable-day"" rowspan=1><div><p style=""margin:0"">De dilluns a divendres </p><p style=""margin:0"">excepte dijous 2 d' abril</p></div></td><td class=""timetable-hour"" rowspan=1><div>de 09.00&nbsp;h a 14.30&nbsp;h i <br>de 16.00&nbsp;h a 21.30&nbsp;h</div></td></tr><tr><td class=""timetable-day"" rowspan=1><div><p style=""margin:0"">Dijous 2 d'abril</p></div></td><td class=""timetable-hour"" rowspan=1><div>de 09.00&nbsp;h a 14.30&nbsp;h</div></td></tr><tr><td class=""timetable-day"" rowspan=1><div><p style=""margin:0"">Dissabte </p><p style=""margin:0"">Tancat 4 d'abril</p></div></td><td class=""timetable-hour"" rowspan=1><div>de 09.30&nbsp;h a 14.30&nbsp;h i <br>de 16.30&nbsp;h a 21.30&nbsp;h</div></td></tr><tr><td class=""timetable-period"" rowspan=1><div><p style=""margin:0"">Estiu 2025:</p><p style=""margin:0"">De l'1 agost al 31 agost</p></div></td><td class=""timetable-day"" rowspan=1><div>Tots els dies tancat</div></td><td class=""timetable-hour"" rowspan=1><div><p style=""margin:0"">Tancat</p></div></td></tr></table>"
﻿75990703849,Supermercat Consum *av. República Argentina,,,2001-06-16T00:00:00+02:00,2026-06-19T12:29:04.407884+02:00,,,279600,Avinguda de la República Argentina,267,,27,el Putxet i el Farró,05,Sarrià-Sant Gervasi,08023,Barcelona,True,,72277,100003,Informació d'interès,Web,https://www.consum.es/va/,True,,428018.8600025001,4584995.45095444,41.41328763341149,2.138717898641919,
﻿75990704278,Fundació Privada Foto Colectania,,,2001-06-02T00:00:00+02:00,2026-07-27T13:45:49.356132+02:00,,,201400,Passeig de Picasso,14,14,04,"Sant Pere, Santa Caterina i la Ribera",01,Ciutat Vella,08003,Barcelona,True,,39303,100002,Informació d'interès,E-mail,info@fotocolectania.org,True,,431669.853,4582113.026,41.38764522911854,2.1827243907529503,"<table class=""timetable-table""><tr class=""timetable-header""><th class=""period"">Període</th><th class=""weekdays"">Dies</th><th class=""hours"">Hores</th><th class=""prices"">Preus</th><th class=""description"">Observacions</th></tr><tr><td class=""timetable-period current"" rowspan=3><div><p style=""margin:0"">De setembre a juliol</p></div></td><td class=""timetable-day"" rowspan=1><div><p style=""margin:0"">De dimecres a dissabte</p><p style=""margin:0"">Festius tancats</p></div></td><td class=""timetable-hour"" rowspan=1><div>d'11.00&nbsp;h a 14.30&nbsp;h i <br>de 16.00&nbsp;h a 20.00&nbsp;h</div></td><td class=""timetable-price"" rowspan=2><div>Entrada general: 5 € <p style=""margin:0""><br></p><p style=""margin:0""><strong>Reduïda:</strong> 3 €</p><p style=""margin:0"">• Estudiants fins a 28 anys</p><p style=""margin:0"">• Majors de 65 anys</p><p style=""margin:0"">• Carnet de docent</p><p style=""margin:0"">• Carnet Jove</p><p style=""margin:0"">• Associacions de fotògrafs</p><p style=""margin:0"">• Plataforma Assembleària d’Artistes Catalans (PAAC)</p><p style=""margin:0"">• Subscriptors de La Vanguardia (també 2x1)</p><p style=""margin:0"">• Targeta client llibreria Laie</p><p style=""margin:0""><br></p><p style=""margin:0""><strong>Gratuït:</strong></p><p style=""margin:0"">• Amics i Socis de Foto Colectania</p><p style=""margin:0"">• Carnet de Premsa</p><p style=""margin:0"">• Aturats</p><p style=""margin:0"">• Carnet de Discapacitat (i acompanyant quan el barem de mobilitat ho estipuli)</p><p style=""margin:0"">• Membres de l’ICOM</p><p style=""margin:0"">• Menors de 14 anys</p><p style=""margin:0"">• Alumnes de les escoles amigues: EASD Serra i Abella, ESCAC, FotoDesign Barcelona, Fundació Collserola (3 escoles), Grisart, IDEP, IEFC, Instituto 8, LABASAD, LCI Barcelona.</p><p style=""margin:0"">• Primer diumenge de mes, 11-15h (no cal reserva prèvia)</p><p style=""margin:0"">• 12 de febrer (Santa Eulàlia)</p><p style=""margin:0""><br></p><p style=""margin:0""><br></p><p style=""margin:0""><strong>﻿Compartida amb KBr Fundació MAPFRE 8€</strong></p></div></td><td class=""timetable-description"" rowspan=2><div></div></td></tr><tr><td class=""timetable-day"" rowspan=1><div><p style=""margin:0"">Diumenge</p><p style=""margin:0"">Festius tancat</p></div></td><td class=""timetable-hour"" rowspan=1><div>d'11:00 h a 15:00 h</div></td></tr><tr><td class=""timetable-day"" rowspan=1><div><p style=""margin:0"">La Nit dels Museus 2026:</p><p style=""margin:0"">16 de maig</p></div></td><td class=""timetable-hour"" rowspan=1><div>de 19.00&nbsp;h a 01.00&nbsp;h</div></td><td class=""timetable-price"" rowspan=1><div>Entrada Gratuïta</div></td><td class=""timetable-description"" rowspan=2><div></div></td></tr><tr><td class=""timetable-period"" rowspan=1><div><p style=""margin:0"">Agost</p></div></td><td class=""timetable-day"" rowspan=1><div><p style=""margin:0"">De dimarts a dissabte</p></div></td><td class=""timetable-hour"" rowspan=1><div>d'11.00&nbsp;h a 14.30&nbsp;h i <br>de 16.00&nbsp;h a 20.00&nbsp;h</div></td><td class=""timetable-price"" rowspan=1><div>Entrada general: 5 € <p style=""margin:0""><br></p><p style=""margin:0""><strong>Reduïda:</strong> 3 €</p><p style=""margin:0"">• Estudiants fins a 28 anys</p><p style=""margin:0"">• Majors de 65 anys</p><p style=""margin:0"">• Carnet de docent</p><p style=""margin:0"">• Carnet Jove</p><p style=""margin:0"">• Associacions de fotògrafs</p><p style=""margin:0"">• Plataforma Assembleària d’Artistes Catalans (PAAC)</p><p style=""margin:0"">• Subscriptors de La Vanguardia (també 2x1)</p><p style=""margin:0"">• Targeta client llibreria Laie</p><p style=""margin:0""><br></p><p style=""margin:0""><strong>Gratuït:</strong></p><p style=""margin:0"">• Amics i Socis de Foto Colectania</p><p style=""margin:0"">• Carnet de Premsa</p><p style=""margin:0"">• Aturats</p><p style=""margin:0"">• Carnet de Discapacitat (i acompanyant quan el barem de mobilitat ho estipuli)</p><p style=""margin:0"">• Membres de l’ICOM</p><p style=""margin:0"">• Menors de 14 anys</p><p style=""margin:0"">• Alumnes de les escoles amigues: EASD Serra i Abella, ESCAC, FotoDesign Barcelona, Fundació Collserola (3 escoles), Grisart, IDEP, IEFC, Instituto 8, LABASAD, LCI Barcelona.</p><p style=""margin:0"">• Primer diumenge de mes, 11-15h (no cal reserva prèvia)</p><p style=""margin:0"">• 12 de febrer (Santa Eulàlia)</p><p style=""margin:0""><br></p><p style=""margin:0""><br></p><p style=""margin:0""><strong>﻿Compartida amb KBr Fundació MAPFRE 8€</strong></p></div></td></tr></table>"
﻿92086009445,Mercat Barceloneta,,,1984-12-28T00:00:00+01:00,2026-07-14T12:10:46.094753+02:00,,,260908,Plaça del Poeta Boscà,1,,03,la Barceloneta,01,Ciutat Vella,08003,Barcelona,True,,744041,100003,Informació d'interès,Web,https://www.mercatsaunclic.barcelona/ca-ES/mercatbarceloneta/comercios,False,,432210.37004251796,4581286.445001463,41.38024616800817,2.18928120267198,"<table class=""timetable-table""><tr class=""timetable-header""><th class=""weekdays"">Dies</th><th class=""hours"">Hores</th></tr><tr><td class=""timetable-day"" rowspan=1><div>De dilluns a dissabte</div></td><td class=""timetable-hour"" rowspan=1><div>de 08:00 h a 15:00 h</div></td></tr></table>"
﻿92086009451,Mercat Ninot,,,1984-12-28T00:00:00+01:00,2026-07-02T13:41:24.968649+02:00,,,191204,Carrer de Mallorca,133,,08,l'Antiga Esquerra de l'Eixample,02,Eixample,08036,Barcelona,True,,73404,100003,Informació d'interès,Web,http://www.mercatdelninot.com,True,,429302.9601274389,4582159.266888027,41.38785716567697,2.1544122344047523,"<table class=""timetable-table""><tr class=""timetable-header""><th class=""weekdays"">Dies</th><th class=""hours"">Hores</th></tr><tr><td class=""timetable-day"" rowspan=1><div>De dilluns a dijous, 20 desembre, <br>2 gener i <br>3 gener</div></td><td class=""timetable-hour"" rowspan=1><div>de 08.00&nbsp;h a 20.00&nbsp;h</div></td></tr><tr><td class=""timetable-day"" rowspan=1><div>Divendres i dissabte excepte 20 desembre, 2 gener i 3 gener</div></td><td class=""timetable-hour"" rowspan=1><div>de 08.00&nbsp;h a 17.00&nbsp;h</div></td></tr></table>"
﻿92086011061,Casal de Gent Gran Josep Trueta,,,1985-02-21T00:00:00+01:00,2026-07-29T08:51:51.456322+02:00,,,277809,Carrer de la Reina Amàlia,31,31,01,el Raval,01,Ciutat Vella,08001,Barcelona,True,,40625,100002,Informació d'interès,E-mail,trueta@esport3.org,True,,430363.6660694855,4580940.1240065275,41.376969254254014,2.1672378540759167,"<table class=""timetable-table""><tr class=""timetable-header""><th class=""weekdays"">Dies</th><th class=""hours"">Hores</th></tr><tr><td class=""timetable-day"" rowspan=1><div>Cada dia</div></td><td class=""timetable-hour"" rowspan=1><div>de 10.00&nbsp;h a 12.30&nbsp;h i <br>de 15.00&nbsp;h a 19.00&nbsp;h</div></td></tr></table>"
﻿99400010469,Espai Jove Ca La Panarra,,,2002-07-02T14:19:00+02:00,2026-09-01T10:52:00.488282+02:00,,,202708,Carrer de Dolors Masferrer i Bosch,29,31,19,les Corts,04,Les Corts,08028,Barcelona,True,,563848,100002,Informació d'interès,E-mail,info@calapanarra.cat,False,,427139.2083333334,4581866.083335876,41.38502350348377,2.128570286359541,"<table class=""timetable-table""><tr class=""timetable-header""><th class=""period"">Període</th><th class=""weekdays"">Dies</th><th class=""hours"">Hores</th><th class=""description"">Observacions</th></tr><tr><td class=""timetable-period current"" rowspan=3><div><p style=""margin:0"">De setembre a juliol</p></div></td><td class=""timetable-day"" rowspan=1><div>De dilluns a dijous</div></td><td class=""timetable-hour"" rowspan=1><div>de 10.00&nbsp;h a 22.00&nbsp;h</div></td><td class=""timetable-description"" rowspan=4><div>Amb cita prèvia</div></td></tr><tr><td class=""timetable-day"" rowspan=1><div>Divendres</div></td><td class=""timetable-hour"" rowspan=1><div>de 10.00&nbsp;h a 23.00&nbsp;h</div></td></tr><tr><td class=""timetable-day"" rowspan=1><div>Dissabte</div></td><td class=""timetable-hour"" rowspan=1><div>d'11.00&nbsp;h a 14.00&nbsp;h i <br>de 16.00&nbsp;h a 23.00&nbsp;h</div></td></tr><tr><td class=""timetable-period"" rowspan=1><div><p style=""margin:0"">Agost</p></div></td><td class=""timetable-day"" rowspan=1><div><p style=""margin:0"">Tots els dies</p></div></td><td class=""timetable-hour"" rowspan=1><div><p style=""margin:0"">Tancat</p></div></td></tr></table>"
﻿99400521766,Casal de Gent Gran de Sant Genís dels Agudells,,,2017-07-10T11:25:36+02:00,2026-07-06T12:33:27.808019+02:00,,,225204,Carrer de Naïm,10,10,39,Sant Genís dels Agudells,07,Horta-Guinardó,08035,Barcelona,True,,59247,100002,Informació d'interès,E-mail,cggsantgenis@bcn.cat,True,,427978.84,4586403.383,41.42596467160077,2.138071440353443,"<table class=""timetable-table""><tr class=""timetable-header""><th class=""period"">Període</th><th class=""weekdays"">Dies</th><th class=""hours"">Hores</th></tr><tr><td class=""timetable-period current"" rowspan=2><div><p style=""margin:0"">De setembre a juliol</p></div></td><td class=""timetable-day"" rowspan=1><div>De dilluns a divendres</div></td><td class=""timetable-hour"" rowspan=1><div>de 10.00&nbsp;h a 14.00&nbsp;h i <br>de 16.00&nbsp;h a 20.00&nbsp;h</div></td></tr><tr><td class=""timetable-day"" rowspan=1><div>Dissabte</div></td><td class=""timetable-hour"" rowspan=1><div>de 16.30&nbsp;h a 20.30&nbsp;h</div></td></tr><tr><td class=""timetable-period"" rowspan=1><div><p style=""margin:0"">Agost</p></div></td><td class=""timetable-day"" rowspan=1><div>De dilluns a dissabte</div></td><td class=""timetable-hour"" rowspan=1><div>de 16.00&nbsp;h a 20.00&nbsp;h</div></td></tr></table>"
﻿99400787916,Botiga Santa Antònia,,,2026-09-22T10:17:30.080073+02:00,2026-09-22T10:19:23.159793+02:00,,,192502,Carrer de Manso,37,37,10,Sant Antoni,02,Eixample,08015,Barcelona,True,,756696,100002,Informació d'interès,E-mail,santantoniabcn@gmail.com,False,,429846.934,4580966.922,41.377165732802204,2.161055926076477,"<table class=""timetable-table""><tr class=""timetable-header""><th class=""weekdays"">Dies</th><th class=""hours"">Hores</th></tr><tr><td class=""timetable-day"" rowspan=1><div>De dilluns a dissabte</div></td><td class=""timetable-hour"" rowspan=1><div>de 10.00&nbsp;h a 20.30&nbsp;h</div></td></tr></table>"
﻿99400783479,Cafeteria,93068174518,Facultat de Psicologia i Ciències de l'Educació i de l'Esport Blanquerna - URL,2026-06-19T11:55:13.500887+02:00,2026-08-31T09:51:56.991296+02:00,,,079907,Carrer del Cister,34,,25,Sant Gervasi - la Bonanova,05,Sarrià-Sant Gervasi,08022,Barcelona,True,,739306,100003,Informació d'interès,Web,https://www.blanquerna.edu/ca/facultat-de-psicologia-ciencies-de-leducacio-i-de-lesport,True,,427566.86642397114,4584847.468300698,41.41191420929642,2.1333279293214424,
﻿99400780962,Espai  amb Jocs d'Aigua als Jardins Justa Freire,,,2026-05-08T10:56:06.898611+02:00,2026-07-06T08:44:07.594427+02:00,,,701921,Carrer de Miquel Porter Moix,22,22,12,la Marina del Prat Vermell,03,Sants-Montjuïc,08038,Barcelona,True,,732457,100097,Variables,Text per a la web de Refugis Climàtics - detalls,<p>Previsió de posada en marxa durant la segona quinzena de juny de 2026</p><p>Durant episodis d'altes temperatures els espais exteriors poden no oferir el confort tèrmic necessari</p>,False,,427945.181,4578358.089,41.35350085763619,2.138625694190593,"<table class=""timetable-table""><tr class=""timetable-header""><th class=""period"">Període</th><th class=""weekdays"">Dies</th><th class=""hours"">Hores</th><th class=""description"">Observacions</th></tr><tr><td class=""timetable-period current"" rowspan=1><div><p style=""margin:0"">De juny a setembre</p></div></td><td class=""timetable-day"" rowspan=1><div>Tots els dies</div></td><td class=""timetable-hour"" rowspan=1><div>de 10.00&nbsp;h a 20.00&nbsp;h</div></td><td class=""timetable-description"" rowspan=1><div><p style=""margin:0"">Quan s’activa el polsador, la instal·lació fa una seqüencia</p><p style=""margin:0"">de funcionament que dura un temps inferior als 5 minuts</p></div></td></tr></table>"
﻿99400780965,Espai  amb Jocs d'Aigua,95109130139,Jardins del  Baix Guinardó,2026-05-08T11:04:25.094718+02:00,2026-07-06T08:46:12.736947+02:00,,,344101,Travessera de Gràcia,381,381,33,el Baix Guinardó,07,Horta-Guinardó,08025,Barcelona,True,,732460,100097,Variables,Text per a la web de Refugis Climàtics - detalls,<p>Previsió de posada en marxa durant la segona quinzena de juny de 2026</p><p>Durant episodis d'altes temperatures els espais exteriors poden no oferir el confort tèrmic necessari</p>,False,,430604.281,4584484.594,41.40891393016035,2.1697088720810727,"<table class=""timetable-table""><tr class=""timetable-header""><th class=""period"">Període</th><th class=""weekdays"">Dies</th><th class=""hours"">Hores</th><th class=""description"">Observacions</th></tr><tr><td class=""timetable-period current"" rowspan=1><div><p style=""margin:0"">De juny a setembre</p></div></td><td class=""timetable-day"" rowspan=1><div>Tots els dies</div></td><td class=""timetable-hour"" rowspan=1><div>de 10.00&nbsp;h a 20.00&nbsp;h</div></td><td class=""timetable-description"" rowspan=1><div><p style=""margin:0"">Quan s’activa el polsador, la instal·lació fa una seqüencia</p><p style=""margin:0"">de funcionament que dura un temps inferior als 5 minuts</p></div></td></tr></table>"
﻿99400780973,Espai amb Jocs d'Aigua,99400609279,Jardins de la Plaça Carmé Simó,2026-05-08T11:19:50.250702+02:00,2026-08-03T11:31:10.858794+02:00,,,328706,C Sots-tinent Navarro,12,,02,el Barri Gòtic,01,Ciutat Vella,08002,BARCELONA,True,,732473,100097,Variables,Text per a la web de Refugis Climàtics - detalls,"<p><span class=""ql-cursor"">﻿</span>Previsió de posada en marxa durant la segona quinzena de juny de 2026</p><p>Durant episodis d'altes temperatures els espais exteriors poden no oferir el confort tèrmic necessari</p>",False,,431392.4119315087,4581599.957776578,41.38300055778059,2.179464430011531,"<table class=""timetable-table""><tr class=""timetable-header""><th class=""period"">Període</th><th class=""weekdays"">Dies</th><th class=""hours"">Hores</th><th class=""description"">Observacions</th></tr><tr><td class=""timetable-period current"" rowspan=1><div><p style=""margin:0"">De juny a setembre</p></div></td><td class=""timetable-day"" rowspan=1><div>Tots els dies</div></td><td class=""timetable-hour"" rowspan=1><div>de 10.00&nbsp;h a 20.00&nbsp;h</div></td><td class=""timetable-description"" rowspan=1><div><p style=""margin:0"">Quan s’activa el polsador, la instal·lació fa una seqüencia</p><p style=""margin:0"">de funcionament que dura un temps inferior als 5 minuts</p></div></td></tr></table>"
﻿2071125357,Saló del Tinell,92086011563,Museu d'Història de Barcelona. Plaça del Rei,2002-03-12T00:00:00+01:00,2026-07-24T13:25:54.640191+02:00,,,280600,Plaça del Rei,9,,02,el Barri Gòtic,01,Ciutat Vella,08002,Barcelona,True,,34721,100002,Informació d'interès,E-mail,museuhistoria@bcn.cat,True,,431209.4676803316,4581745.466319346,41.3842954888128,2.1772601428647365,"<table class=""timetable-table""><tr class=""timetable-header""><th class=""weekdays"">Dies</th><th class=""hours"">Hores</th></tr><tr><td class=""timetable-day"" rowspan=1><div>Dimarts, dimecres, dijous, divendres i dissabte</div></td><td class=""timetable-hour"" rowspan=1><div>de 10.00&nbsp;h a 19.00&nbsp;h</div></td></tr><tr><td class=""timetable-day"" rowspan=1><div>Diumenge excepte 1 gener, 1 maig, 24 juny i 25 desembre</div></td><td class=""timetable-hour"" rowspan=1><div>de 10.00&nbsp;h a 20.00&nbsp;h</div></td></tr></table>"
﻿2107115305,Casal de Gent Gran de Sant Ramon,,,2002-04-17T00:00:00+02:00,2026-09-01T08:43:25.289573+02:00,,,065200,Carrer del Cardenal Reig,11,11,20,la Maternitat i Sant Ramon,04,Les Corts,08028,Barcelona,True,,34727,100002,Informació d'interès,E-mail,gentgranlescorts@bcn.cat,True,,425910.669,4581000.79,41.37711797977221,2.113984171864028,"<table class=""timetable-table""><tr class=""timetable-header""><th class=""period"">Període</th><th class=""weekdays"">Dies</th><th class=""hours"">Hores</th></tr><tr><td class=""timetable-period"" rowspan=3><div>De l'1 octubre al 30 juny</div></td><td class=""timetable-day"" rowspan=1><div><p style=""margin:0"">De dilluns a divendres</p><p style=""margin:0"">Excepte dijous 2 d'abril</p></div></td><td class=""timetable-hour"" rowspan=1><div>de 09.30&nbsp;h a 13.00&nbsp;h i <br>de 16.00&nbsp;h a 19.30&nbsp;h</div></td></tr><tr><td class=""timetable-day"" rowspan=1><div><p style=""margin:0"">Dijous 2 d'abril</p></div></td><td class=""timetable-hour"" rowspan=1><div>de 09.30&nbsp;h a 13.30&nbsp;h</div></td></tr><tr><td class=""timetable-day"" rowspan=1><div><p style=""margin:0"">Dissabte i diumenge </p><p style=""margin:0"">Tancat 4 d'abril i 5 d'abril</p></div></td><td class=""timetable-hour"" rowspan=1><div>de 18.00&nbsp;h a 20.00&nbsp;h</div></td></tr><tr><td class=""timetable-period"" rowspan=1><div>De l'1 juliol al 31 juliol</div></td><td class=""timetable-day"" rowspan=1><div><p style=""margin:0"">De dilluns a divendres</p><p style=""margin:0"">Excepte dijous 2 d'abril</p></div></td><td class=""timetable-hour"" rowspan=1><div>de 09.30&nbsp;h a 13.00&nbsp;h i <br>de 16.00&nbsp;h a 19.30&nbsp;h</div></td></tr><tr><td class=""timetable-period"" rowspan=1><div>De l'1 agost al 31 agost</div></td><td class=""timetable-day"" rowspan=1><div>Tots els dies</div></td><td class=""timetable-hour"" rowspan=1><div>Tancat</div></td></tr><tr><td class=""timetable-period"" rowspan=1><div>De l'1 setembre al 30 setembre</div></td><td class=""timetable-day"" rowspan=1><div>De dilluns a divendres</div></td><td class=""timetable-hour"" rowspan=1><div>de 09.30&nbsp;h a 13.00&nbsp;h i <br>de 16.00&nbsp;h a 19.30&nbsp;h</div></td></tr></table>"
﻿99400144112,Piscina Coberta,93053131509,Centre Esportiu Municipal Parc de la Ciutadella,2005-10-03T09:02:00+02:00,2026-07-27T12:42:52.984908+02:00,,,079306,Passeig de Circumval·lació,3,3,04,"Sant Pere, Santa Caterina i la Ribera",01,Ciutat Vella,08003,Barcelona,True,,747614,100097,Variables,Text per a la web de Refugis Climàtics - detalls,<p>Les piscines municipals són refugis climàtics de pagament i subjectes a aforament màxim</p>,False,,431992.274,4581835.304,41.385171187682445,2.186611570051401,"<table class=""timetable-table""><tr class=""timetable-header""><th class=""weekdays"">Dies</th><th class=""hours"">Hores</th></tr><tr><td class=""timetable-day"" rowspan=1><div>De dilluns a divendres</div></td><td class=""timetable-hour"" rowspan=1><div>de 07:00 h a 23:00 h</div></td></tr><tr><td class=""timetable-day"" rowspan=1><div>Dissabte</div></td><td class=""timetable-hour"" rowspan=1><div>de 08:00 h a 20:00 h</div></td></tr><tr><td class=""timetable-day"" rowspan=1><div>Diumenge i festius</div></td><td class=""timetable-hour"" rowspan=1><div>de 08.00&nbsp;h a 14.00&nbsp;h</div></td></tr></table>"
﻿99400783490,Supermercat Consum *Borrell,,,2026-06-19T12:25:57.861406+02:00,2026-06-19T12:26:39.045516+02:00,,,087009,Carrer del Comte Borrell,9,15,10,Sant Antoni,02,Eixample,08015,Barcelona,True,,739325,100003,Informació d'interès,Web,https://www.consum.es/va/,False,,430148.329,4580797.879,41.375669434213634,2.1646793506441617,
﻿99400783491,Supermercat Consum *Alcúdia,,,2026-06-19T12:36:07.119337+02:00,2026-06-19T12:36:44.438669+02:00,,,007600,Carrer d'Alcúdia,47,47,45,Porta,08,Nou Barris,08016,Barcelona,True,,739326,100003,Informació d'interès,Web,https://www.consum.es/va/,False,,431010.583,4587484.183,41.43596512067,2.174227419168306,
﻿99400783496,Supermercat Consum *Gran de Sant Andreu,,,2026-06-19T12:44:01.439256+02:00,2026-06-19T12:44:44.414412+02:00,,,296202,Carrer Gran de Sant Andreu,356,358,60,Sant Andreu,09,Sant Andreu,08030,Barcelona,True,,739331,100003,Informació d'interès,Web,https://www.consum.es/va/,False,,432248.399,4587724.633,41.438236156777066,2.1890151281553054,
﻿284153819,Biblioteca La Maternitat i Sant Ramon – Miquel Llongueras,,,2000-10-10T00:00:00+02:00,2026-08-31T14:35:02.151679+02:00,,,343903,Travessera de les Corts,58,,20,la Maternitat i Sant Ramon,04,Les Corts,08028,Barcelona,True,,33492,100002,Informació d'interès,E-mail,b.barcelona.ml@diba.cat,True,,426568.77093692764,4581092.716713978,41.37800624869994,2.1218422207694956,"<table class=""timetable-table""><tr class=""timetable-header""><th class=""period"">Període</th><th class=""weekdays"">Dies</th><th class=""hours"">Hores</th></tr><tr><td class=""timetable-period"" rowspan=5><div><p style=""margin:0"">Horari habitual</p><p style=""margin:0"">al llarg de l'any</p></div></td><td class=""timetable-day"" rowspan=1><div>Dilluns i dimecres</div></td><td class=""timetable-hour"" rowspan=1><div>de 15.30&nbsp;h a 20.00&nbsp;h</div></td></tr><tr><td class=""timetable-day"" rowspan=1><div><p style=""margin:0"">Dimarts i divendres </p><p style=""margin:0"">excepte dimarts 23 de juny</p></div></td><td class=""timetable-hour"" rowspan=1><div>de 09.30&nbsp;h a 13.30&nbsp;h i <br>de 15.30&nbsp;h a 20.00&nbsp;h</div></td></tr><tr><td class=""timetable-day"" rowspan=1><div><p style=""margin:0"">Dimarts 23 de juny</p></div></td><td class=""timetable-hour"" rowspan=1><div>de 09.30&nbsp;h a 13.30&nbsp;h</div></td></tr><tr><td class=""timetable-day"" rowspan=1><div>Dijous</div></td><td class=""timetable-hour"" rowspan=1><div>de 09.30&nbsp;h a 20.00&nbsp;h</div></td></tr><tr><td class=""timetable-day"" rowspan=1><div>Dissabte</div></td><td class=""timetable-hour"" rowspan=1><div>de 10.00&nbsp;h a 14.00&nbsp;h</div></td></tr><tr><td class=""timetable-period"" rowspan=3><div><p style=""margin:0"">Estiu 2026</p><p style=""margin:0"">Del 24 juny al 31 juliol</p></div></td><td class=""timetable-day"" rowspan=1><div>Dilluns i dimecres</div></td><td class=""timetable-hour"" rowspan=1><div>de 15.30&nbsp;h a 20.00&nbsp;h</div></td></tr><tr><td class=""timetable-day"" rowspan=1><div>Dimarts i divendres</div></td><td class=""timetable-hour"" rowspan=1><div>de 09.30&nbsp;h a 13.30&nbsp;h i <br>de 15.30&nbsp;h a 20.00&nbsp;h</div></td></tr><tr><td class=""timetable-day"" rowspan=1><div>Dijous</div></td><td class=""timetable-hour"" rowspan=1><div>de 09.30&nbsp;h a 20.00&nbsp;h</div></td></tr><tr><td class=""timetable-period"" rowspan=1><div>De l'1 agost al 31 agost</div></td><td class=""timetable-day"" rowspan=1><div><p style=""margin:0"">Tots els dies</p></div></td><td class=""timetable-hour"" rowspan=1><div><p style=""margin:0"">Tancada</p></div></td></tr><tr><td class=""timetable-period"" rowspan=3><div>De l'1 setembre al 24 setembre</div></td><td class=""timetable-day"" rowspan=1><div>Dilluns i dimecres</div></td><td class=""timetable-hour"" rowspan=1><div>de 15.30&nbsp;h a 20.00&nbsp;h</div></td></tr><tr><td class=""timetable-day"" rowspan=1><div>Dimarts i divendres</div></td><td class=""timetable-hour"" rowspan=1><div>de 09.30&nbsp;h a 13.30&nbsp;h i <br>de 15.30&nbsp;h a 20.00&nbsp;h</div></td></tr><tr><td class=""timetable-day"" rowspan=1><div>Dijous</div></td><td class=""timetable-hour"" rowspan=1><div>de 09.30&nbsp;h a 20.00&nbsp;h</div></td></tr></table>"
﻿99400219575,Espai Jove La Fontana,,,2009-01-13T17:23:40+01:00,2026-09-08T13:24:58.404635+02:00,,,206403,Carrer Gran de Gràcia,190,192,31,la Vila de Gràcia,06,Gràcia,08012,Barcelona,True,,53799,100002,Informació d'interès,E-mail,espaijove@lafontana.org,True,,429145.107,4583870.521,41.40325591053634,2.1523241627536023,"<table class=""timetable-table""><tr class=""timetable-header""><th class=""period"">Període</th><th class=""weekdays"">Dies</th><th class=""hours"">Hores</th><th class=""description"">Observacions</th></tr><tr><td class=""timetable-period"" rowspan=3><div>Del 9 setembre al 20 juliol</div></td><td class=""timetable-day"" rowspan=1><div>De dilluns a dijous</div></td><td class=""timetable-hour"" rowspan=1><div>de 09.00&nbsp;h a 14.00&nbsp;h i <br>de 17.00&nbsp;h a 21.00&nbsp;h</div></td><td class=""timetable-description"" rowspan=4><div><p style=""margin:0"">Fora d’aquest horari, l’espai està obert</p><p style=""margin:0"">sempre que hi ha activitats públiques </p><p style=""margin:0"">programades&nbsp;</p></div></td></tr><tr><td class=""timetable-day"" rowspan=1><div>Divendres</div></td><td class=""timetable-hour"" rowspan=1><div>de 17.00&nbsp;h a 21.00&nbsp;h</div></td></tr><tr><td class=""timetable-day"" rowspan=1><div><p style=""margin:0"">Dissabtes</p></div></td><td class=""timetable-hour"" rowspan=1><div>de 10.00&nbsp;h a 14.00&nbsp;h i <br>de 16.00&nbsp;h a 21.00&nbsp;h</div></td></tr><tr><td class=""timetable-period"" rowspan=1><div><p style=""margin:0"">Estiu 2025</p><p style=""margin:0"">Del 21 juliol al 8 setembre</p></div></td><td class=""timetable-day"" rowspan=1><div>Tots els dies tancat</div></td><td class=""timetable-hour"" rowspan=1><div><p style=""margin:0"">Tancat</p></div></td></tr></table>"
﻿99400305681,Centre Cívic Navas,,,2012-11-29T13:00:17+01:00,2026-09-01T07:56:05.008168+02:00,,,226400,Carrer de Las Navas de Tolosa,312,,63,Navas,09,Sant Andreu,08027,Barcelona,True,,55535,100002,Informació d'interès,E-mail,ccnavas@bcn.cat,True,,431884.9903809375,4585363.553166486,41.41693998158291,2.184931573020558,"<table class=""timetable-table""><tr class=""timetable-header""><th class=""period"">Període</th><th class=""weekdays"">Dies</th><th class=""hours"">Hores</th></tr><tr><td class=""timetable-period"" rowspan=3><div><p style=""margin:0"">De setembre a juliol</p></div></td><td class=""timetable-day"" rowspan=1><div><p style=""margin:0"">De dilluns a divendres </p><p style=""margin:0"">excepte dimarts 23 de juny</p></div></td><td class=""timetable-hour"" rowspan=1><div>de 09.30&nbsp;h a 14.30&nbsp;h i <br>de 16.00&nbsp;h a 21.30&nbsp;h</div></td></tr><tr><td class=""timetable-day"" rowspan=1><div><p style=""margin:0"">Dimarts 23 de juny</p></div></td><td class=""timetable-hour"" rowspan=1><div>de 09.30&nbsp;h a 14.00&nbsp;h</div></td></tr><tr><td class=""timetable-day"" rowspan=1><div>Dissabte</div></td><td class=""timetable-hour"" rowspan=1><div>de 10:00 h a 14:00 h i<BR>de 16:00 h a 20:00 h</div></td></tr><tr><td class=""timetable-period"" rowspan=1><div><p style=""margin:0"">Estiu 2026</p><p style=""margin:0"">De l'1 agost al 31 agost</p><p style=""margin:0""><br></p></div></td><td class=""timetable-day"" rowspan=1><div><p style=""margin:0"">Tots els dies</p></div></td><td class=""timetable-hour"" rowspan=1><div><p style=""margin:0"">Tancat</p></div></td></tr></table>"
﻿99400400153,Llibreria Cooperativa Abacus *Fabra i Puig,,,2015-10-29T14:28:57+01:00,2026-05-08T13:26:22.465416+02:00,,,119003,Passeig de Fabra i Puig,196,200,45,Porta,08,Nou Barris,08016,Barcelona,True,,57381,100002,Informació d'interès,E-mail,fabraipuig@abacus.coop,True,,431359.004,4586861.348,41.43038533285962,2.178468185139513,"<table class=""timetable-table""><tr class=""timetable-header""><th class=""weekdays"">Dies</th><th class=""hours"">Hores</th></tr><tr><td class=""timetable-day"" rowspan=1><div>De dilluns a divendres</div></td><td class=""timetable-hour"" rowspan=1><div>de 09.30&nbsp;h a 21.00&nbsp;h</div></td></tr><tr><td class=""timetable-day"" rowspan=1><div>Dissabte</div></td><td class=""timetable-hour"" rowspan=1><div>de 10.00&nbsp;h a 21.00&nbsp;h</div></td></tr></table>"
﻿99400228653,Piscina Coberta,92086010504,Centre Esportiu Municipal Can Caralleu,2009-07-01T00:00:00+02:00,2026-07-27T13:00:20.364962+02:00,,,098854,Carrer dels Esports,2,8,23,Sarrià,05,Sarrià-Sant Gervasi,08017,Barcelona,True,,53824,100002,Informació d'interès,E-mail,cancaralleu@cancaralleu.cat,True,,425696.74199999997,4583716.892,41.40156094221535,2.1110929977178143,"<table class=""timetable-table""><tr class=""timetable-header""><th class=""period"">Període</th><th class=""weekdays"">Dies</th><th class=""hours"">Hores</th><th class=""description"">Observacions</th></tr><tr><td class=""timetable-period"" rowspan=3><div><p style=""margin:0"">De setembre a juny</p></div></td><td class=""timetable-day"" rowspan=1><div>De dilluns a divendres</div></td><td class=""timetable-hour"" rowspan=1><div>de 06.45&nbsp;h a 22.30&nbsp;h</div></td><td class=""timetable-description"" rowspan=9><div>Aforament limitat</div></td></tr><tr><td class=""timetable-day"" rowspan=1><div>Dissabte</div></td><td class=""timetable-hour"" rowspan=1><div>de 08.00&nbsp;h a 20.30&nbsp;h</div></td></tr><tr><td class=""timetable-day"" rowspan=1><div>Diumenge i  festius</div></td><td class=""timetable-hour"" rowspan=1><div>de 08.30&nbsp;h a 15.30&nbsp;h</div></td></tr><tr><td class=""timetable-period"" rowspan=3><div>Juliol</div></td><td class=""timetable-day"" rowspan=1><div>De dilluns a divendres</div></td><td class=""timetable-hour"" rowspan=1><div>de 06.45&nbsp;h a 22.30&nbsp;h</div></td></tr><tr><td class=""timetable-day"" rowspan=1><div>Dissabte</div></td><td class=""timetable-hour"" rowspan=1><div>de 08.00&nbsp;h a 20.30&nbsp;h</div></td></tr><tr><td class=""timetable-day"" rowspan=1><div>Diumenge i  festius</div></td><td class=""timetable-hour"" rowspan=1><div>de 09.00&nbsp;h a 15.30&nbsp;h</div></td></tr><tr><td class=""timetable-period"" rowspan=3><div>Agost</div></td><td class=""timetable-day"" rowspan=1><div>De dilluns a divendres</div></td><td class=""timetable-hour"" rowspan=1><div>de 06.45&nbsp;h a 21.00&nbsp;h</div></td></tr><tr><td class=""timetable-day"" rowspan=1><div>Dissabte</div></td><td class=""timetable-hour"" rowspan=1><div>de 08.00&nbsp;h a 20.30&nbsp;h</div></td></tr><tr><td class=""timetable-day"" rowspan=1><div>Diumenge i  festius</div></td><td class=""timetable-hour"" rowspan=1><div>de 09.00&nbsp;h a 15.30&nbsp;h</div></td></tr></table>"
﻿99400737868,Refugi climàtic,92086002388,Parròquia de Santa Maria de Sants,2024-06-12T10:17:52.919111+02:00,2026-01-15T10:29:17.215719+01:00,,,190201,Plaça de Bonet i Muixí,5,5,18,Sants,03,Sants-Montjuïc,08014,Barcelona,True,,610327,100003,Informació d'interès,Web,http://www.santjoseporiol.org,True,,427811.816,4580706.425,41.374639540035865,2.1367520629021324,"<table class=""timetable-table""><tr class=""timetable-header""><th class=""period"">Període</th><th class=""weekdays"">Dies</th><th class=""hours"">Hores</th></tr><tr><td class=""timetable-period"" rowspan=4><div>De l'1 juny al 30 setembre</div></td><td class=""timetable-day"" rowspan=1><div>Dilluns, dimecres i divendres</div></td><td class=""timetable-hour"" rowspan=1><div>de 09.00&nbsp;h a 13.00&nbsp;h i <br>de 17.00&nbsp;h a 20.00&nbsp;h</div></td></tr><tr><td class=""timetable-day"" rowspan=1><div>Dimarts i dijous</div></td><td class=""timetable-hour"" rowspan=1><div>de 18.00&nbsp;h a 20.00&nbsp;h</div></td></tr><tr><td class=""timetable-day"" rowspan=1><div>Dissabte</div></td><td class=""timetable-hour"" rowspan=1><div>de 18.30&nbsp;h a 20.00&nbsp;h</div></td></tr><tr><td class=""timetable-day"" rowspan=1><div>Diumenge</div></td><td class=""timetable-hour"" rowspan=1><div>d'11.30&nbsp;h a 13.00&nbsp;h</div></td></tr></table>"
﻿99400737872,Refugi climàtic,92086005077,Parròquia de Crist Rei,2024-06-12T10:25:51.191235+02:00,2025-05-19T13:07:51.336695+02:00,,,201308,Carrer de Martí Molins,41,45,61,la Sagrera,09,Sant Andreu,08027,Barcelona,True,,610340,100003,Informació d'interès,Web,http://www.santjoseporiol.org,True,,432164.808,4586136.562,41.42392588968036,2.188192861522015,"<table class=""timetable-table""><tr class=""timetable-header""><th class=""period"">Període</th><th class=""weekdays"">Dies</th><th class=""hours"">Hores</th></tr><tr><td class=""timetable-period"" rowspan=2><div>De l'1 juny al 30 setembre</div></td><td class=""timetable-day"" rowspan=1><div>De dilluns a dissabte</div></td><td class=""timetable-hour"" rowspan=1><div>de 10.00&nbsp;h a 13.00&nbsp;h i <br>de 18.00&nbsp;h a 20.00&nbsp;h</div></td></tr><tr><td class=""timetable-day"" rowspan=1><div>Diumenge</div></td><td class=""timetable-hour"" rowspan=1><div>de 10.00&nbsp;h a 13.00&nbsp;h</div></td></tr></table>"
﻿99400737889,Refugi Climàtic Pati d'Escola Bressol,99400018801,Escola Bressol Municipal Valldaura,2024-06-12T11:21:18.111276+02:00,2026-05-13T11:56:08.846640+02:00,,,351901,Passeig de Valldaura,18,18,43,Horta,07,Horta-Guinardó,08031,Barcelona,True,,610386,100002,Informació d'interès,E-mail,ebmvalldaura@bcn.cat,True,,429506.006,4587631.494,41.437161220558714,2.1562029733761814,"<table class=""timetable-table""><tr class=""timetable-header""><th class=""period"">Període</th><th class=""weekdays"">Dies</th><th class=""hours"">Hores</th><th class=""prices"">Preus</th></tr><tr><td class=""timetable-period"" rowspan=1><div>De l'1 juny al 12 setembre</div></td><td class=""timetable-day"" rowspan=1><div>Dissabte</div></td><td class=""timetable-hour"" rowspan=1><div>de 10.30&nbsp;h a 13.00&nbsp;h</div></td><td class=""timetable-price"" rowspan=1><div>Entrada Gratuïta</div></td></tr></table>"
﻿99400737894,Refugi climàtic,92086003106,Centre Artesà Tradicionàrius,2024-06-12T11:40:10.639801+02:00,2026-09-01T10:30:20.141600+02:00,,,701225,Plaça d'Anna Frank,0,0,31,la Vila de Gràcia,06,Gràcia,08012,Barcelona,True,,,,,,,,,429320.875,4583791.041,41.40255553570604,2.154436031679846,"<table class=""timetable-table""><tr class=""timetable-header""><th class=""period"">Període</th><th class=""weekdays"">Dies</th><th class=""hours"">Hores</th></tr><tr><td class=""timetable-period"" rowspan=1><div>De l'1 juny al 27 juliol</div></td><td class=""timetable-day"" rowspan=1><div>De dilluns a divendres</div></td><td class=""timetable-hour"" rowspan=1><div>de 17.00&nbsp;h a 21.00&nbsp;h</div></td></tr><tr><td class=""timetable-period"" rowspan=1><div>Del 29 juliol al 31 agost</div></td><td class=""timetable-day"" rowspan=1><div>Tots els dies tancat</div></td><td class=""timetable-hour"" rowspan=1><div><p style=""margin:0"">Tancat</p></div></td></tr><tr><td class=""timetable-period"" rowspan=1><div>De l'1 setembre al 30 setembre</div></td><td class=""timetable-day"" rowspan=1><div>De dilluns a divendres</div></td><td class=""timetable-hour"" rowspan=1><div>de 17.00&nbsp;h a 21.00&nbsp;h</div></td></tr></table>"
﻿99400061992,Biblioteca El Carmel - Juan Marsé,,,2003-10-02T18:13:07+02:00,2026-08-31T14:02:50.640840+02:00,,,224405,Carrer de la Murtra,135,,37,el Carmel,07,Horta-Guinardó,08032,Barcelona,True,,48224,100002,Informació d'interès,E-mail,b.barcelona.jma@diba.cat,True,,429397.7144340334,4585841.258000116,41.42102779561162,2.1551159636410184,"<table class=""timetable-table""><tr class=""timetable-header""><th class=""period"">Període</th><th class=""weekdays"">Dies</th><th class=""hours"">Hores</th></tr><tr><td class=""timetable-period current"" rowspan=5><div><p style=""margin:0"">Horari habitual</p><p style=""margin:0"">al llarg de l'any</p></div></td><td class=""timetable-day"" rowspan=1><div><p style=""margin:0"">De dilluns a dijous</p><p style=""margin:0"">excepte dimarts 23 de juny</p></div></td><td class=""timetable-hour"" rowspan=1><div>de 09.30&nbsp;h a 13.30&nbsp;h i <br>de 15.30&nbsp;h a 20.00&nbsp;h</div></td></tr><tr><td class=""timetable-day"" rowspan=1><div><p style=""margin:0"">Dimarts 23 de juny</p></div></td><td class=""timetable-hour"" rowspan=1><div>de 09.30&nbsp;h a 13.30&nbsp;h</div></td></tr><tr><td class=""timetable-day"" rowspan=1><div>Divendres</div></td><td class=""timetable-hour"" rowspan=1><div>de 09.30&nbsp;h a 20.00&nbsp;h</div></td></tr><tr><td class=""timetable-day"" rowspan=1><div>Dissabte</div></td><td class=""timetable-hour"" rowspan=1><div>de 10.00&nbsp;h a 14.00&nbsp;h i <br>de 16.00&nbsp;h a 20.00&nbsp;h</div></td></tr><tr><td class=""timetable-day"" rowspan=1><div>Diumenge</div></td><td class=""timetable-hour"" rowspan=1><div>de 10.00&nbsp;h a 14.00&nbsp;h</div></td></tr><tr><td class=""timetable-period"" rowspan=3><div><p style=""margin:0"">Estiu 2026</p><p style=""margin:0"">Del 24 juny al 31 juliol</p></div></td><td class=""timetable-day"" rowspan=1><div><p style=""margin:0"">De dilluns a dijous</p></div></td><td class=""timetable-hour"" rowspan=1><div>de 09.30&nbsp;h a 13.30&nbsp;h i <br>de 15.30&nbsp;h a 20.00&nbsp;h</div></td></tr><tr><td class=""timetable-day"" rowspan=1><div>Divendres</div></td><td class=""timetable-hour"" rowspan=1><div>de 09.30&nbsp;h a 20.00&nbsp;h</div></td></tr><tr><td class=""timetable-day"" rowspan=1><div>Dissabte</div></td><td class=""timetable-hour"" rowspan=1><div>de 10.00&nbsp;h a 14.00&nbsp;h</div></td></tr><tr><td class=""timetable-period"" rowspan=1><div>De l'1 agost al 31 agost</div></td><td class=""timetable-day"" rowspan=1><div><p style=""margin:0"">Tots els dies</p></div></td><td class=""timetable-hour"" rowspan=1><div><p style=""margin:0"">Tancat</p></div></td></tr><tr><td class=""timetable-period"" rowspan=3><div>De l'1 setembre al 24 setembre</div></td><td class=""timetable-day"" rowspan=1><div><p style=""margin:0"">De dilluns a dijous</p></div></td><td class=""timetable-hour"" rowspan=1><div>de 09.30&nbsp;h a 13.30&nbsp;h i <br>de 15.30&nbsp;h a 20.00&nbsp;h</div></td></tr><tr><td class=""timetable-day"" rowspan=1><div>Divendres</div></td><td class=""timetable-hour"" rowspan=1><div>de 09.30&nbsp;h a 20.00&nbsp;h</div></td></tr><tr><td class=""timetable-day"" rowspan=1><div>Dissabte</div></td><td class=""timetable-hour"" rowspan=1><div>de 10.00&nbsp;h a 14.00&nbsp;h</div></td></tr></table>"
﻿99400218118,Disseny Hub Barcelona,,,2008-12-01T14:02:22+01:00,2026-07-29T08:51:23.829256+02:00,,,146902,Plaça de les Glòries Catalanes,37,,66,el Parc i la Llacuna del Poblenou,10,Sant Martí,08038,Barcelona,True,,53551,100002,Informació d'interès,E-mail,dhub@bcn.cat,True,,432130.6633167254,4583769.22076164,41.40260111169283,2.1880498461023428,"<table class=""timetable-table""><tr class=""timetable-header""><th class=""period"">Període</th><th class=""weekdays"">Dies</th><th class=""hours"">Hores</th><th class=""prices"">Preus</th><th class=""description"">Observacions</th></tr><tr><td class=""timetable-period"" rowspan=4><div>De l'1 setembre al 31 juliol</div></td><td class=""timetable-day"" rowspan=1><div><p style=""margin:0"">Dilluns tancat</p><p style=""margin:0"">(L'edifici és obert, però les exposicions estan tancades)</p></div></td><td class=""timetable-hour"" rowspan=1><div>de 15.30&nbsp;h a 21.00&nbsp;h</div></td><td class=""timetable-price"" rowspan=3><div>Entrada general: 6.2 € <p style=""margin:0"">El preu inclou la visita a les exposicions permanents</p><p style=""margin:0""><br></p><p style=""margin:0""><strong>Entrada reduïda:</strong> 4.20 €</p><p style=""margin:0""><span style=""color: rgb(21, 21, 21);"">·Visitants d’entre 16 a 29 anys</span></p><p style=""margin:0""><span style=""color: rgb(21, 21, 21);"">·Visiitants de 65 anys o més</span></p><p style=""margin:0""><span style=""color: rgb(21, 21, 21);"">·Targeta Rosa Reduïda</span></p><p style=""margin:0""><span style=""color: rgb(21, 21, 21);"">·Persones que es trobin en situació d’atur, cal presentar el document acreditatiu del SOC</span></p><p style=""margin:0""><span style=""color: rgb(21, 21, 21);"">·Carnet de família monoparental o nombrosa</span></p><p style=""margin:0""><span style=""color: rgb(21, 21, 21);"">·Barcelona Card Express</span></p><p style=""margin:0""><span style=""color: rgb(21, 21, 21);"">·Reducció per a famílies: aplicable a aquells adults que vinguin acompanyats per menors de 16 anys.</span></p><p style=""margin:0""><span style=""color: rgb(21, 21, 21);"">No es podrà aplicar a més de dos adults per cada nen, dels quals un d'ells ha de </span></p><p style=""margin:0""><span style=""color: rgb(21, 21, 21);"">ser el pare, mare, o el tutor/a legal.</span></p><p style=""margin:0""><span style=""color: rgb(21, 21, 21);"">·Usuaris de la xarxa de biblioteques de Barcelona</span></p><p style=""margin:0""><br></p><p style=""margin:0""><strong>Entrada gratuïta:</strong></p><p style=""margin:0"">· Diumenge a la tarda, de 15 a 20 h</p><p style=""margin:0"">. Cada primer diumenge de mes</p><p style=""margin:0"">. 12 de febrer (Santa Eulàlia)</p><p style=""margin:0"">. 24 de setembre (La Mercè)</p><p style=""margin:0"">. Menors de 16 anys</p><p style=""margin:0"">. Posseïdors de la Targeta Rosa gratuïta</p><p style=""margin:0"">. Membres de l'ICOM (International Council of Museums)</p><p style=""margin:0"">. Membres de l'Associació de Museòlegs de Catalunya</p><p style=""margin:0"">. Guies turístics professionals</p><p style=""margin:0"">. Professors d'ensenyament reglat acreditats per la direcció del centre educatiu</p><p style=""margin:0"">. Professors d'ensenyament reglat quan acompanyin un grup d'estudiants</p><p style=""margin:0"">. Persones que disposin del passi metropolità d'acompanyant de persones amb discapacitat</p><p style=""margin:0"">. Periodistes degudament acreditats</p><p style=""margin:0"">. Posseïdors de la targeta Barcelona Card</p><p style=""margin:0"">. Persones inscrites al Gaudir Més</p></div></td><td class=""timetable-description"" rowspan=3><div><p style=""margin:0"">Horari d'exposicions:</p><p style=""margin:0"">De dimarts a diumenge, de 10 a 20 h.</p><p style=""margin:0"">Dilluns festius de 10 a 20 h</p><p style=""margin:0"">24 i 31 desembre: de 10 a 15h</p></div></td></tr><tr><td class=""timetable-day"" rowspan=1><div><p style=""margin:0"">De dimarts a diumenge i festius</p><p style=""margin:0"">Horaris especials: 24 desembre i 31 desembre</p><p style=""margin:0"">Tancat: <span style=""color: rgb(21, 21, 21);"">1 de gener, 1 de maig,  24 de juny i 25 de desembre</span></p></div></td><td class=""timetable-hour"" rowspan=1><div>de 09.00&nbsp;h a 21.00&nbsp;h</div></td></tr><tr><td class=""timetable-day"" rowspan=1><div>24 desembre i <br>31 desembre</div></td><td class=""timetable-hour"" rowspan=1><div>de 09.00&nbsp;h a 15.30&nbsp;h</div></td></tr><tr><td class=""timetable-day"" rowspan=1><div><p style=""margin:0"">La Nit dels Museus 2026:</p><p style=""margin:0"">16 de maig</p></div></td><td class=""timetable-hour"" rowspan=1><div>de 19.00&nbsp;h a 01.00&nbsp;h</div></td><td class=""timetable-price"" rowspan=1><div>Entrada Gratuïta</div></td><td  rowspan=1><div></div></td></tr><tr><td class=""timetable-period"" rowspan=1><div>De l'1 agost al 31 agost</div></td><td class=""timetable-day"" rowspan=1><div>Dimarts, dimecres, dijous, divendres, dissabte i diumenge i  festius</div></td><td class=""timetable-hour"" rowspan=1><div>de 09.00&nbsp;h a 21.00&nbsp;h</div></td><td class=""timetable-price"" rowspan=1><div>Entrada general: 6.2 € <p style=""margin:0"">El preu inclou la visita a les exposicions permanents</p><p style=""margin:0""><br></p><p style=""margin:0""><strong>Entrada reduïda:</strong> 4.20 €</p><p style=""margin:0""><span style=""color: rgb(21, 21, 21);"">·Visitants d’entre 16 a 29 anys</span></p><p style=""margin:0""><span style=""color: rgb(21, 21, 21);"">·Visiitants de 65 anys o més</span></p><p style=""margin:0""><span style=""color: rgb(21, 21, 21);"">·Targeta Rosa Reduïda</span></p><p style=""margin:0""><span style=""color: rgb(21, 21, 21);"">·Persones que es trobin en situació d’atur, cal presentar el document acreditatiu del SOC</span></p><p style=""margin:0""><span style=""color: rgb(21, 21, 21);"">·Carnet de família monoparental o nombrosa</span></p><p style=""margin:0""><span style=""color: rgb(21, 21, 21);"">·Barcelona Card Express</span></p><p style=""margin:0""><span style=""color: rgb(21, 21, 21);"">·Reducció per a famílies: aplicable a aquells adults que vinguin acompanyats per menors de 16 anys.</span></p><p style=""margin:0""><span style=""color: rgb(21, 21, 21);"">No es podrà aplicar a més de dos adults per cada nen, dels quals un d'ells ha de </span></p><p style=""margin:0""><span style=""color: rgb(21, 21, 21);"">ser el pare, mare, o el tutor/a legal.</span></p><p style=""margin:0""><span style=""color: rgb(21, 21, 21);"">·Usuaris de la xarxa de biblioteques de Barcelona</span></p><p style=""margin:0""><br></p><p style=""margin:0""><strong>Entrada gratuïta:</strong></p><p style=""margin:0"">· Diumenge a la tarda, de 15 a 20 h</p><p style=""margin:0"">. Cada primer diumenge de mes</p><p style=""margin:0"">. 12 de febrer (Santa Eulàlia)</p><p style=""margin:0"">. 24 de setembre (La Mercè)</p><p style=""margin:0"">. Menors de 16 anys</p><p style=""margin:0"">. Posseïdors de la Targeta Rosa gratuïta</p><p style=""margin:0"">. Membres de l'ICOM (International Council of Museums)</p><p style=""margin:0"">. Membres de l'Associació de Museòlegs de Catalunya</p><p style=""margin:0"">. Guies turístics professionals</p><p style=""margin:0"">. Professors d'ensenyament reglat acreditats per la direcció del centre educatiu</p><p style=""margin:0"">. Professors d'ensenyament reglat quan acompanyin un grup d'estudiants</p><p style=""margin:0"">. Persones que disposin del passi metropolità d'acompanyant de persones amb discapacitat</p><p style=""margin:0"">. Periodistes degudament acreditats</p><p style=""margin:0"">. Posseïdors de la targeta Barcelona Card</p><p style=""margin:0"">. Persones inscrites al Gaudir Més</p></div></td><td class=""timetable-description"" rowspan=1><div><p style=""margin:0"">Horari d'exposicions:</p><p style=""margin:0"">De dimarts a diumenge, de 10 a 20 h.</p><p style=""margin:0"">Dilluns festius de 10 a 20 h</p><p style=""margin:0"">24 i 31 desembre: de 10 a 15h</p></div></td></tr></table>"
﻿75990000684,Farmàcia Morera Inglés,,,1996-09-17T00:00:00+02:00,2025-10-27T16:40:10.892544+01:00,,,305100,Passeig de Sant Joan,3,,07,la Dreta de l'Eixample,02,Eixample,08010,Barcelona,True,,693761,100002,Informació d'interès,E-mail,farmaciamorera@gmail.com,False,,431372.050927742,4582588.910122224,41.39190602300628,2.1791089058928805,"<table class=""timetable-table""><tr class=""timetable-header""><th class=""weekdays"">Dies</th><th class=""hours"">Hores</th></tr><tr><td class=""timetable-day"" rowspan=1><div>Cada dia</div></td><td class=""timetable-hour"" rowspan=1><div>de 09:00 h a 22:00 h</div></td></tr></table>"
﻿99400234862,Llibreria Cooperativa Abacus *Illa Diagonal,,,2009-10-27T12:08:42+01:00,2026-08-31T10:04:05.383763+02:00,,,144601,Avinguda Diagonal,545,557,19,les Corts,04,Les Corts,08029,Barcelona,True,,54451,100002,Informació d'interès,E-mail,illa@abacus.coop,True,,427675.34,4582390.899,41.38979868797783,2.134919168957345,"<table class=""timetable-table""><tr class=""timetable-header""><th class=""weekdays"">Dies</th><th class=""hours"">Hores</th></tr><tr><td class=""timetable-day"" rowspan=1><div>De dilluns a dissabte</div></td><td class=""timetable-hour"" rowspan=1><div>de 09:30 h a 21:30 h</div></td></tr></table>"
﻿99400783492,Supermercat Consum *Av. Icària,,,2026-06-19T12:38:05.671831+02:00,2026-06-19T12:38:51.526394+02:00,,,062609,Avinguda d'Icària,164,164,67,la Vila Olímpica del Poblenou,10,Sant Martí,08005,Barcelona,True,,739327,100003,Informació d'interès,Web,https://www.consum.es/va/,False,,432897.678,4582500.165,41.39123545206513,2.1973657414169097,
﻿99400783493,Supermercat Consum *Berruguete,,,2026-06-19T12:39:16.769948+02:00,2026-06-19T12:41:31.825313+02:00,,,041201,Carrer de Berruguete,106,106,41,la Vall d'Hebron,07,Horta-Guinardó,08035,Barcelona,True,,739328,100003,Informació d'interès,Web,https://www.consum.es/va/,False,,428921.135,4587202.919,41.433249676438294,2.1492533451778155,
﻿99400783494,Supermercat Consum *Villarroel,,,2026-06-19T12:41:38.388285+02:00,2026-06-19T12:42:14.704843+02:00,,,363809,Carrer de Villarroel,15,15,10,Sant Antoni,02,Eixample,08011,Barcelona,True,,739329,100003,Informació d'interès,Web,https://www.consum.es/va/,False,,429954.052,4581380.437,41.380899461305226,2.1622890009530136,
﻿99400783495,Supermercat Consum *Rbla Fabra i Puig,,,2026-06-19T12:42:48.112992+02:00,2026-06-19T12:43:33.648010+02:00,,,701326,Rambla de Fabra i Puig,53,55,60,Sant Andreu,09,Sant Andreu,08030,Barcelona,True,,739330,100003,Informació d'interès,Web,https://www.consum.es/va/,False,,431967.086,4586815.992,41.43002856356498,2.185750428703322,
﻿99400783498,Supermercat Consum *Berenguer de Palou,,,2026-06-19T12:45:35.806218+02:00,2026-06-19T12:46:21.665415+02:00,,,039709,Carrer de Berenguer de Palou,52,52,61,la Sagrera,09,Sant Andreu,08027,Barcelona,True,,739333,100003,Informació d'interès,Web,https://www.consum.es/va/,False,,432478.656,4586038.319,41.42306748599898,2.1919593993810658,
﻿99400783499,Botiga Nivell Estudi De Cuines,,,2026-06-19T12:48:15.076284+02:00,2026-06-19T12:49:04.461458+02:00,,,344101,Travessera de Gràcia,254,254,32,el Camp d'en Grassot i Gràcia Nova,06,Gràcia,08025,Barcelona,True,,,,,,,,,430181.587,4584112.041,41.405521874926144,2.1646950068321824,
﻿99400180423,Centre Cívic Casa Orlandai,,,2007-04-05T17:16:51+02:00,2026-09-01T07:50:53.974491+02:00,,,165805,Carrer de Jaume Piquet,23,,23,Sarrià,05,Sarrià-Sant Gervasi,08017,Barcelona,True,,52318,100002,Informació d'interès,E-mail,info@casaorlandai.cat,True,,426828.2269232857,4583349.96874513,41.3983599977031,2.1246720318706647,"<table class=""timetable-table""><tr class=""timetable-header""><th class=""period"">Període</th><th class=""weekdays"">Dies</th><th class=""hours"">Hores</th></tr><tr><td class=""timetable-period current"" rowspan=1><div><p style=""margin:0"">De setembre a juliol</p></div></td><td class=""timetable-day"" rowspan=1><div>De dilluns a dissabte</div></td><td class=""timetable-hour"" rowspan=1><div>de 10.00&nbsp;h a 14.00&nbsp;h i <br>de 16.00&nbsp;h a 20.00&nbsp;h</div></td></tr><tr><td class=""timetable-period"" rowspan=1><div><p style=""margin:0"">Estiu 2026</p><p style=""margin:0"">Agost</p></div></td><td class=""timetable-day"" rowspan=1><div><p style=""margin:0"">Tots els dies</p></div></td><td class=""timetable-hour"" rowspan=1><div><p style=""margin:0"">Tancat</p></div></td></tr></table>"
﻿99400201005,Parc del Centre del Poblenou,,,2008-02-26T14:55:46+01:00,2026-08-25T14:48:53.873904+02:00,,,144601,Av Diagonal,130,,71,Provençals del Poblenou,10,Sant Martí,08018,BARCELONA,True,,88560,100003,Informació d'interès,Web,https://link.bcn.cat/cPdCdP,True,,433113.5806764498,4584225.555507102,41.40679356695045,2.1997573736435094,"<table class=""timetable-table""><tr class=""timetable-header""><th class=""period"">Període</th><th class=""weekdays"">Dies</th><th class=""hours"">Hores</th><th class=""description"">Observacions</th></tr><tr><td class=""timetable-period"" rowspan=1><div><p style=""margin:0"">Horari d’hivern: </p><p style=""margin:0"">de l'1 de novembre al 31 de març</p></div></td><td class=""timetable-day"" rowspan=2><div>Cada dia</div></td><td class=""timetable-hour"" rowspan=1><div>de 08.30&nbsp;h a 19.00&nbsp;h</div></td><td class=""timetable-description"" rowspan=2><div>Hora de tancament<br>aproximada,en funció de<br> l'horari solar (tanquen<br> quan es fa fosc, al capvespre)</div></td></tr><tr><td class=""timetable-period current"" rowspan=1><div><p style=""margin:0"">Horari d’estiu: </p><p style=""margin:0"">de l'1 d'abril al 31 d'octubre</p></div></td><td class=""timetable-hour"" rowspan=1><div>de 08.30&nbsp;h a 21.00&nbsp;h</div></td></tr></table>"
﻿99400047563,Jardins de Lina Òdena,,,2003-06-26T13:25:52+02:00,2026-08-25T15:01:41.748422+02:00,,,076807,Carrer de Sardenya,170,170,05,el Fort Pienc,02,Eixample,08013,Barcelona,True,,668016,100097,Variables,Text per a la web de Refugis Climàtics - detalls,<p>Durant episodis d'altes temperatures els espais exteriors poden no oferir el confort tèrmic necessari</p>,False,,431727.89,4583090.651,41.39645533894941,2.1833082836130293,"<table class=""timetable-table""><tr class=""timetable-header""><th class=""period"">Període</th><th class=""weekdays"">Dies</th><th class=""hours"">Hores</th><th class=""description"">Observacions</th></tr><tr><td class=""timetable-period"" rowspan=1><div><p style=""margin:0"">Horari d’hivern:</p><p style=""margin:0""> de l'1 de novembre al 31 de març</p></div></td><td class=""timetable-day"" rowspan=2><div>Cada dia</div></td><td class=""timetable-hour"" rowspan=1><div>de 09.30&nbsp;h a 19.00&nbsp;h</div></td><td class=""timetable-description"" rowspan=2><div>Hora de tancament<br>aproximada,en funció de<br> l'horari solar (tanquen<br> quan es fa fosc, al capvespre)</div></td></tr><tr><td class=""timetable-period current"" rowspan=1><div><p style=""margin:0"">Horari d’estiu: </p><p style=""margin:0"">de l'1 d'abril al 31 d'octubre</p></div></td><td class=""timetable-hour"" rowspan=1><div>de 09.30&nbsp;h a 21.00&nbsp;h</div></td></tr></table>"
﻿98056162156,Centre Esportiu Municipal Bac de Roda,,,1998-02-25T00:00:00+01:00,2026-07-29T08:52:25.932537+02:00,,,153205,Rambla de Guipúscoa,23,25,72,Sant Martí de Provençals,10,Sant Martí,08018,Barcelona,True,,46407,100002,Informació d'interès,E-mail,info@bacderodasport.com,True,,432645.977,4585068.872,41.414350023455754,2.194069526567754,"<table class=""timetable-table""><tr class=""timetable-header""><th class=""weekdays"">Dies</th><th class=""hours"">Hores</th></tr><tr><td class=""timetable-day"" rowspan=1><div>De dilluns a divendres</div></td><td class=""timetable-hour"" rowspan=1><div>de 06:30 h a 23:30 h</div></td></tr><tr><td class=""timetable-day"" rowspan=1><div>dissabtes</div></td><td class=""timetable-hour"" rowspan=1><div>de 08:00 h a 21:00 h</div></td></tr><tr><td class=""timetable-day"" rowspan=1><div>diumenges i festius</div></td><td class=""timetable-hour"" rowspan=1><div>de 09:00 h a 20:00 h</div></td></tr></table>"
﻿99400110957,Piscina Coberta,99400110953,Centre Esportiu Municipal la Bordeta,2005-05-17T14:09:00+02:00,2026-07-27T12:34:46.087525+02:00,,,228600,Carrer de la Noguera Pallaresa,34,42,16,la Bordeta,03,Sants-Montjuïc,08014,Barcelona,True,,50502,100002,Informació d'interès,E-mail,bordeta@atlesesports.cat,True,,428012.843,4580444.734,41.37230059209696,2.1391868181707934,"<table class=""timetable-table""><tr class=""timetable-header""><th class=""weekdays"">Dies</th><th class=""hours"">Hores</th></tr><tr><td class=""timetable-day"" rowspan=1><div>De dilluns a divendres</div></td><td class=""timetable-hour"" rowspan=1><div>de 07:00 h a 23:00 h</div></td></tr><tr><td class=""timetable-day"" rowspan=1><div>Dissabte, diumenge i festius</div></td><td class=""timetable-hour"" rowspan=1><div>de 08:00 h a 14:30 h</div></td></tr></table>"
﻿99400418729,Òptica C4 Òptics *Sant Gervasi,,,2016-01-15T11:03:09+01:00,2026-09-22T10:42:42.544849+02:00,,,093409,Carrer de Craywinckel,2,6,27,el Putxet i el Farró,05,Sarrià-Sant Gervasi,08022,Barcelona,True,,57568,100002,Informació d'interès,E-mail,craywinckel@c4optics.com,True,,428091.848,4584883.952,41.41228994369872,2.139604385431753,"<table class=""timetable-table""><tr class=""timetable-header""><th class=""weekdays"">Dies</th><th class=""hours"">Hores</th></tr><tr><td class=""timetable-day"" rowspan=1><div>De dilluns a divendres</div></td><td class=""timetable-hour"" rowspan=1><div>de 09.30&nbsp;h a 14.00&nbsp;h i <br>de 16.30&nbsp;h a 20.30&nbsp;h</div></td></tr><tr><td class=""timetable-day"" rowspan=1><div>Dissabte</div></td><td class=""timetable-hour"" rowspan=1><div>de 10.00&nbsp;h a 14.00&nbsp;h</div></td></tr></table>"
﻿1015170605,Centre d'Atenció Primària Sardenya,,,2001-01-15T00:00:00+01:00,2026-07-27T13:44:02.455798+02:00,,,076807,Carrer de Sardenya,466,,33,el Baix Guinardó,07,Horta-Guinardó,08025,Barcelona,True,,33661,100002,Informació d'interès,E-mail,ajuda@eapsardenya.cat,True,,430258.03834851866,4584549.527771263,41.40946879799104,2.165559158653853,"<table class=""timetable-table""><tr class=""timetable-header""><th class=""weekdays"">Dies</th><th class=""hours"">Hores</th><th class=""description"">Observacions</th></tr><tr><td class=""timetable-day"" rowspan=1><div>De dilluns a divendres</div></td><td class=""timetable-hour"" rowspan=1><div>de 08.00&nbsp;h a 20.00&nbsp;h</div></td><td class=""timetable-description"" rowspan=2><div><p style=""margin:0""><span style=""color: rgb(51, 51, 51);"">Fora d'aquest horari telèfon 061 Salut Respon </span></p><p style=""margin:0""><span style=""color: rgb(51, 51, 51);"">o a l'Hospital Dos de Maig (CUAP).</span></p></div></td></tr><tr><td class=""timetable-day"" rowspan=1><div>dissabtes</div></td><td class=""timetable-hour"" rowspan=1><div>de 09:00 h a 14:00 h</div></td></tr></table>"
﻿99400060119,Piscina Coberta,92132091748,Centre Esportiu Municipal del Carmel,2003-09-08T14:03:30+02:00,2026-07-27T12:23:49.215730+02:00,,,248800,Carrer de Pedrell,192,202,37,el Carmel,07,Horta-Guinardó,08032,Barcelona,True,,48471,100002,Informació d'interès,E-mail,horta@eurofitness.com,True,,429687.291,4586077.028,41.42317667616388,2.158553498728801,"<table class=""timetable-table""><tr class=""timetable-header""><th class=""weekdays"">Dies</th><th class=""hours"">Hores</th></tr><tr><td class=""timetable-day"" rowspan=1><div>De dilluns a divendres</div></td><td class=""timetable-hour"" rowspan=1><div>de 07.00&nbsp;h a 21.45&nbsp;h</div></td></tr><tr><td class=""timetable-day"" rowspan=1><div>Dissabte i diumenge i  festius</div></td><td class=""timetable-hour"" rowspan=1><div>de 09.00&nbsp;h a 14.15&nbsp;h</div></td></tr></table>"
﻿99400060269,Supermercat Consum *Balmes,,,2003-09-10T13:07:08+02:00,2026-06-19T12:35:50.744555+02:00,,,032700,Carrer de Balmes,306,306,27,el Putxet i el Farró,05,Sarrià-Sant Gervasi,08006,Barcelona,True,,82439,100003,Informació d'interès,Web,https://www.consum.es/va/,True,,428577.126,4583787.798,41.40246059925614,2.145539578187828,
﻿99400527888,Assegurances Mapfre *Balmes,,,2017-09-15T14:47:10+02:00,2026-08-03T11:04:46.828444+02:00,,,032700,Carrer de Balmes,460,462,27,el Putxet i el Farró,05,Sarrià-Sant Gervasi,08022,Barcelona,True,,102557,100003,Informació d'interès,Web,https://www.mapfre.es/,True,,427904.819,4584592.476,41.40964798902846,2.1374015178789736,"<table class=""timetable-table""><tr class=""timetable-header""><th class=""weekdays"">Dies</th><th class=""hours"">Hores</th></tr><tr><td class=""timetable-day"" rowspan=1><div>De dilluns a divendres</div></td><td class=""timetable-hour"" rowspan=1><div>de 09.00&nbsp;h a 14.00&nbsp;h</div></td></tr></table>"
﻿99400236720,Biblioteca Zona Nord - Mària Sánchez,,,2009-11-24T12:55:35+01:00,2026-07-16T14:56:37.152936+02:00,,,351606,Carrer de Vallcivera,3,,54,Torre Baró,08,Nou Barris,08033,Barcelona,True,,54464,100002,Informació d'interès,E-mail,b.barcelona.zn@diba.cat,True,,431510.5060158566,4590288.80711458,41.46126807109291,2.17989262234208,"<table class=""timetable-table""><tr class=""timetable-header""><th class=""period"">Període</th><th class=""weekdays"">Dies</th><th class=""hours"">Hores</th></tr><tr><td class=""timetable-period"" rowspan=4><div><p style=""margin:0"">Horari habitual</p><p style=""margin:0"">al llarg de l'any</p></div></td><td class=""timetable-day"" rowspan=1><div>Dilluns i dimecres</div></td><td class=""timetable-hour"" rowspan=1><div>de 15.30&nbsp;h a 20.00&nbsp;h</div></td></tr><tr><td class=""timetable-day"" rowspan=1><div><p style=""margin:0"">Dimarts, dijous i divendres </p><p style=""margin:0"">excepte dimarts 23 de juny</p></div></td><td class=""timetable-hour"" rowspan=1><div>de 09.30&nbsp;h a 13.30&nbsp;h i <br>de 15.30&nbsp;h a 20.00&nbsp;h</div></td></tr><tr><td class=""timetable-day"" rowspan=1><div><p style=""margin:0"">Dimarts 23 de juny</p></div></td><td class=""timetable-hour"" rowspan=1><div>de 09.30&nbsp;h a 13.30&nbsp;h</div></td></tr><tr><td class=""timetable-day"" rowspan=1><div>Dissabte</div></td><td class=""timetable-hour"" rowspan=1><div>de 10.00&nbsp;h a 14.00&nbsp;h</div></td></tr><tr><td class=""timetable-period"" rowspan=2><div><p style=""margin:0"">Estiu 2026</p><p style=""margin:0"">Del 24 juny al 24 setembre</p></div></td><td class=""timetable-day"" rowspan=1><div>Dilluns i dimecres</div></td><td class=""timetable-hour"" rowspan=1><div>de 15.30&nbsp;h a 20.00&nbsp;h</div></td></tr><tr><td class=""timetable-day"" rowspan=1><div>Dimarts, dijous i divendres</div></td><td class=""timetable-hour"" rowspan=1><div>de 09.30&nbsp;h a 13.30&nbsp;h i <br>de 15.30&nbsp;h a 20.00&nbsp;h</div></td></tr></table>"
﻿99400247031,Centre Esportiu Municipal Putxet,,,2010-05-12T17:55:35+02:00,2026-06-08T14:08:43.494702+02:00,,,198101,Carrer de Marmellà,23,23,27,el Putxet i el Farró,05,Sarrià-Sant Gervasi,08023,Barcelona,True,,54817,100002,Informació d'interès,E-mail,info@putxetsport.cat,True,,428230.781,4584597.335,41.409720923078524,2.1413005635415434,"<table class=""timetable-table""><tr class=""timetable-header""><th class=""period"">Període</th><th class=""weekdays"">Dies</th><th class=""hours"">Hores</th></tr><tr><td class=""timetable-period"" rowspan=3><div>De l'1 octubre al 31 maig</div></td><td class=""timetable-day"" rowspan=1><div>De dilluns a divendres</div></td><td class=""timetable-hour"" rowspan=1><div>de 07.00&nbsp;h a 22.30&nbsp;h</div></td></tr><tr><td class=""timetable-day"" rowspan=1><div>Dissabte</div></td><td class=""timetable-hour"" rowspan=1><div>de 08.00&nbsp;h a 20.00&nbsp;h</div></td></tr><tr><td class=""timetable-day"" rowspan=1><div>Diumenge i  festius</div></td><td class=""timetable-hour"" rowspan=1><div>de 09.00&nbsp;h a 14.30&nbsp;h</div></td></tr><tr><td class=""timetable-period"" rowspan=1><div>De l'1 juny al 31 juliol</div></td><td class=""timetable-day"" rowspan=1><div>De dilluns a divendres</div></td><td class=""timetable-hour"" rowspan=1><div>de 10.00&nbsp;h a 17.00&nbsp;h</div></td></tr><tr><td class=""timetable-period"" rowspan=1><div>De l'1 agost al 31 agost</div></td><td class=""timetable-day"" rowspan=1><div><p style=""margin:0"">Tots els dies</p></div></td><td class=""timetable-hour"" rowspan=1><div><p style=""margin:0"">Tancat</p></div></td></tr><tr><td class=""timetable-period current"" rowspan=1><div>De l'1 setembre al 30 setembre</div></td><td class=""timetable-day"" rowspan=1><div>De dilluns a divendres</div></td><td class=""timetable-hour"" rowspan=1><div>de 10.00&nbsp;h a 17.00&nbsp;h</div></td></tr></table>"
﻿92086019602,Centre Cívic Zona Nord,,,1987-03-17T00:00:00+01:00,2026-07-29T08:51:44.603977+02:00,,,351606,Carrer de Vallcivera,14,,55,Ciutat Meridiana,08,Nou Barris,08033,Barcelona,True,,41539,100002,Informació d'interès,E-mail,informacio@cczonanord.net,True,,431382.3852707189,4590227.012690122,41.46070056717623,2.1783656547350856,"<table class=""timetable-table""><tr class=""timetable-header""><th class=""period"">Període</th><th class=""weekdays"">Dies</th><th class=""hours"">Hores</th></tr><tr><td class=""timetable-period"" rowspan=2><div>de l'1 de setembre<br>al 31 de juliol</div></td><td class=""timetable-day"" rowspan=1><div>De dilluns a divendres</div></td><td class=""timetable-hour"" rowspan=1><div>de 09.00&nbsp;h a 14.00&nbsp;h i <br>de 16.00&nbsp;h a 21.00&nbsp;h</div></td></tr><tr><td class=""timetable-day"" rowspan=1><div>Dissabte</div></td><td class=""timetable-hour"" rowspan=1><div>de 09.30&nbsp;h a 14.00&nbsp;h i <br>de 16.30&nbsp;h a 21.00&nbsp;h</div></td></tr><tr><td class=""timetable-period"" rowspan=1><div>De l'1 agost al 14 agost</div></td><td class=""timetable-day"" rowspan=1><div>De dilluns a divendres</div></td><td class=""timetable-hour"" rowspan=1><div>de 09.00&nbsp;h a 14.00&nbsp;h</div></td></tr><tr><td class=""timetable-period"" rowspan=1><div>Del 15 agost al 31 agost</div></td><td class=""timetable-day"" rowspan=1><div>Tots els dies tancat</div></td><td class=""timetable-hour"" rowspan=1><div><p style=""margin:0"">Tancat</p></div></td></tr></table>"
﻿99400080055,Espai de Gent Gran de l'Esquerra de l'Eixample,,,2004-04-21T11:41:56+02:00,2026-09-01T08:54:59.936811+02:00,,,289105,Carrer del Rosselló,78,82,09,la Nova Esquerra de l'Eixample,02,Eixample,08029,Barcelona,True,,49735,100002,Informació d'interès,E-mail,esquerra@gentgraneixample.cat,True,,428843.865,4582052.571,41.386855714482415,2.1489342360294073,"<table class=""timetable-table""><tr class=""timetable-header""><th class=""period"">Període</th><th class=""weekdays"">Dies</th><th class=""hours"">Hores</th></tr><tr><td class=""timetable-period"" rowspan=1><div><p style=""margin:0"">De setembre a juliol</p></div></td><td class=""timetable-day"" rowspan=1><div><p style=""margin:0"">De dilluns a divendres </p><p style=""margin:0"">Tancat  23 i 24 de juny</p></div></td><td class=""timetable-hour"" rowspan=1><div>de 09.15&nbsp;h a 13.30&nbsp;h i <br>de 16.30&nbsp;h a 19.30&nbsp;h</div></td></tr><tr><td class=""timetable-period"" rowspan=1><div><p style=""margin:0"">Agost</p></div></td><td class=""timetable-day"" rowspan=1><div>Tots els dies tancat</div></td><td class=""timetable-hour"" rowspan=1><div><p style=""margin:0"">Tancat</p></div></td></tr></table>"
﻿99400063147,Jardins Interior d'Illa de Paula Montal,,,2003-10-15T13:25:35+02:00,2026-08-25T14:58:22.970993+02:00,,,361406,Carrer de Viladomat,149,151,09,la Nova Esquerra de l'Eixample,02,Eixample,08015,Barcelona,True,,207553,20001,Telèfons,Tel.,010,True,,429294.217,4581481.649,41.381753328658114,2.1543867487969446,"<table class=""timetable-table""><tr class=""timetable-header""><th class=""period"">Període</th><th class=""weekdays"">Dies</th><th class=""hours"">Hores</th><th class=""description"">Observacions</th></tr><tr><td class=""timetable-period"" rowspan=1><div><p style=""margin:0"">Horari d'hivern</p><p style=""margin:0"">de l'1 de novembre al 31 de març</p></div></td><td class=""timetable-day"" rowspan=2><div>Cada dia</div></td><td class=""timetable-hour"" rowspan=1><div>de 10:00 h a 19:00 h</div></td><td class=""timetable-description"" rowspan=2><div>Hora de tancament<br>aproximada,en funció de<br> l'horari solar (tanquen<br> quan es fa fosc, al capvespre)</div></td></tr><tr><td class=""timetable-period current"" rowspan=1><div><p style=""margin:0"">Horari d'estiu</p><p style=""margin:0"">de l'1 d'abril al 31 d'octubre</p></div></td><td class=""timetable-hour"" rowspan=1><div>de 10:00 h a 21:00 h</div></td></tr></table>"
﻿99400161204,Centre Cívic  Parc Sandaru,,,2006-05-30T16:50:31+02:00,2026-09-01T09:25:26.199528+02:00,,,050803,Carrer de Buenaventura Muñoz,21,,66,el Parc i la Llacuna del Poblenou,10,Sant Martí,08018,Barcelona,True,,51730,100002,Informació d'interès,E-mail,info@ccparcsandaru.cat,True,,431844.8993366278,4582566.646435081,41.39174570900244,2.184766821590944,"<table class=""timetable-table""><tr class=""timetable-header""><th class=""period"">Període</th><th class=""weekdays"">Dies</th><th class=""hours"">Hores</th></tr><tr><td class=""timetable-period current"" rowspan=1><div>De l'1 setembre al 31 juliol</div></td><td class=""timetable-day"" rowspan=1><div>De dilluns a divendres</div></td><td class=""timetable-hour"" rowspan=1><div>de 08.00&nbsp;h a 21.00&nbsp;h</div></td></tr><tr><td class=""timetable-period"" rowspan=1><div><p style=""margin:0"">Estiu 2026:</p><p style=""margin:0"">De l'1 agost al 31 agost</p></div></td><td class=""timetable-day"" rowspan=1><div><p style=""margin:0"">Tots els dies</p></div></td><td class=""timetable-hour"" rowspan=1><div><p style=""margin:0"">Tancat</p></div></td></tr></table>"
﻿92086009231,Institut Català de la Salut,,,1990-02-10T00:00:00+01:00,2026-05-14T10:36:44.864318+02:00,,,169409,Gran Via de les Corts Catalanes,587,589,07,la Dreta de l'Eixample,02,Eixample,08007,Barcelona,True,,40216,100002,Informació d'interès,E-mail,atencioalciutada.ics@gencat.cat,True,,430241.19,4582139.317,41.38775939631318,2.1656352906853154,"<table class=""timetable-table""><tr class=""timetable-header""><th class=""period"">Període</th><th class=""weekdays"">Dies</th><th class=""hours"">Hores</th><th class=""description"">Observacions</th></tr><tr><td class=""timetable-period"" rowspan=1><div>De l'1 juny al 30 setembre</div></td><td class=""timetable-day"" rowspan=1><div>De dilluns a divendres excepte  festius</div></td><td class=""timetable-hour"" rowspan=1><div>de 09.00&nbsp;h a 17.00&nbsp;h</div></td><td class=""timetable-description"" rowspan=1><div><p style=""margin:0"">Els horaris corresponen als d'obertura com a refugi climàtic</p></div></td></tr></table>"
﻿99400110881,Piscina Descoberta,92168152051,Centre Municipal Tennis Vall Hebron,2005-05-13T17:41:00+02:00,2026-06-11T13:04:31.975524+02:00,,,352507,Passeig de la Vall d'Hebron,178,196,41,la Vall d'Hebron,07,Horta-Guinardó,08035,Barcelona,True,,50775,100002,Informació d'interès,E-mail,atencioclients.vallhebron@eurofitness.com,True,,428601.372,4586817.22,41.42974749223056,2.1454720519149793,"<table class=""timetable-table""><tr class=""timetable-header""><th class=""period"">Període</th><th class=""weekdays"">Dies</th><th class=""hours"">Hores</th><th class=""prices"">Preus</th></tr><tr><td class=""timetable-period"" rowspan=2><div><p style=""margin:0"">Estiu 2026:</p><p style=""margin:0"">Del 8 juny al 13 setembre</p></div></td><td class=""timetable-day"" rowspan=1><div>De dilluns a divendres</div></td><td class=""timetable-hour"" rowspan=1><div>de 10.00&nbsp;h a 20.00&nbsp;h</div></td><td class=""timetable-price"" rowspan=2><div>Entrada general de: 5.12 a 9 € <p style=""margin:0"">Entrada general (a partir de 12 anys) 9 €</p><p style=""margin:0"">Infants de 4 a 11 anys: 5,12 €</p><p style=""margin:0"">Infants fins a 3 anys: gratuït</p><p style=""margin:0""><br></p><p style=""margin:0"">Abonaments Adults (a partir de 12 anys): 67.06 €</p><p style=""margin:0"">Abonament Intantil (de 4 a 11 anys): 47.55 €</p><p style=""margin:0""><br></p></div></td></tr><tr><td class=""timetable-day"" rowspan=1><div>Dissabte, diumenge i festius</div></td><td class=""timetable-hour"" rowspan=1><div>de 10.00&nbsp;h a 19.00&nbsp;h</div></td></tr></table>"
﻿92086010318,Biblioteca Les Roquetes – Rafa Juncadella,,,1986-05-21T00:00:00+02:00,2026-07-16T14:56:41.820657+02:00,,,120807,Via Favència,288,,50,les Roquetes,08,Nou Barris,08042,Barcelona,True,,40648,100002,Informació d'interès,E-mail,b.barcelona.lr@diba.cat,True,,431262.2677817648,4588529.625191903,41.44540260061121,2.1771207332794797,"<table class=""timetable-table""><tr class=""timetable-header""><th class=""period"">Període</th><th class=""weekdays"">Dies</th><th class=""hours"">Hores</th></tr><tr><td class=""timetable-period current"" rowspan=4><div><p style=""margin:0"">Horari habitual</p><p style=""margin:0"">al llarg de l'any</p></div></td><td class=""timetable-day"" rowspan=1><div><p style=""margin:0"">Dilluns i dimarts </p><p style=""margin:0"">excepte dimarts 23 juny</p></div></td><td class=""timetable-hour"" rowspan=1><div>de 15.30&nbsp;h a 20.00&nbsp;h</div></td></tr><tr><td class=""timetable-day"" rowspan=1><div><p style=""margin:0"">Dimarts 23 de juny</p></div></td><td class=""timetable-hour"" rowspan=1><div>de 09.30&nbsp;h a 13.30&nbsp;h</div></td></tr><tr><td class=""timetable-day"" rowspan=1><div>Dimecres, dijous i divendres</div></td><td class=""timetable-hour"" rowspan=1><div>de 09.30&nbsp;h a 13.30&nbsp;h i <br>de 15.30&nbsp;h a 20.00&nbsp;h</div></td></tr><tr><td class=""timetable-day"" rowspan=1><div>Dissabte</div></td><td class=""timetable-hour"" rowspan=1><div>de 10.00&nbsp;h a 14.00&nbsp;h</div></td></tr><tr><td class=""timetable-period"" rowspan=2><div><p style=""margin:0"">Estiu 2026</p><p style=""margin:0"">Del 24 juny al 24 setembre</p></div></td><td class=""timetable-day"" rowspan=1><div>Dilluns i dimarts</div></td><td class=""timetable-hour"" rowspan=1><div>de 15.30&nbsp;h a 20.00&nbsp;h</div></td></tr><tr><td class=""timetable-day"" rowspan=1><div>Dimecres, dijous i divendres</div></td><td class=""timetable-hour"" rowspan=1><div>de 09.30&nbsp;h a 13.30&nbsp;h i <br>de 15.30&nbsp;h a 20.00&nbsp;h</div></td></tr></table>"
﻿99120120846,Centre Cívic El Sortidor,,,1999-04-30T00:00:00+02:00,2026-09-01T07:48:04.139108+02:00,,,043309,Plaça del Sortidor,12,,11,el Poble-sec,03,Sants-Montjuïc,08004,Barcelona,True,,46999,100002,Informació d'interès,E-mail,ccelsortidor@bcn.cat,True,,429966.2930452813,4580403.150166503,41.372098413253546,2.162548299594534,"<table class=""timetable-table""><tr class=""timetable-header""><th class=""period"">Període</th><th class=""weekdays"">Dies</th><th class=""hours"">Hores</th></tr><tr><td class=""timetable-period"" rowspan=4><div>De l'1 setembre al 31 juliol</div></td><td class=""timetable-day"" rowspan=1><div><p style=""margin:0"">De dilluns a divendres </p><p style=""margin:0"">excepte dijous  2 d'abril</p></div></td><td class=""timetable-hour"" rowspan=1><div>de 08.30&nbsp;h a 22.00&nbsp;h</div></td></tr><tr><td class=""timetable-day"" rowspan=1><div><p style=""margin:0"">Dijous 2 d'abril</p></div></td><td class=""timetable-hour"" rowspan=1><div>de 08.30&nbsp;h a 14.00&nbsp;h</div></td></tr><tr><td class=""timetable-day"" rowspan=1><div><p style=""margin:0"">Dissabte </p><p style=""margin:0"">Tancat 4 d'abril</p></div></td><td class=""timetable-hour"" rowspan=1><div>de 10.00&nbsp;h a 14.00&nbsp;h i <br>de 16.00&nbsp;h a 21.00&nbsp;h</div></td></tr><tr><td class=""timetable-day"" rowspan=1><div><p style=""margin:0"">Diumenge </p><p style=""margin:0"">Tancat 5 d'abril</p></div></td><td class=""timetable-hour"" rowspan=1><div>de 10.00&nbsp;h a 14.00&nbsp;h</div></td></tr><tr><td class=""timetable-period"" rowspan=1><div>De l'1 agost al 31 agost</div></td><td class=""timetable-day"" rowspan=1><div>Tots els dies tancat</div></td><td class=""timetable-hour"" rowspan=1><div><p style=""margin:0"">Tancat</p></div></td></tr></table>"
﻿99400038777,Piscines Cobertes,98056162156,Centre Esportiu Municipal Bac de Roda,2003-05-05T10:01:00+02:00,2026-07-27T12:58:29.499376+02:00,,,153205,Rambla de Guipúscoa,23,25,72,Sant Martí de Provençals,10,Sant Martí,08018,Barcelona,True,,48214,100002,Informació d'interès,E-mail,info@bacderodasport.com,True,,432645.977,4585068.872,41.414350023455754,2.194069526567754,"<table class=""timetable-table""><tr class=""timetable-header""><th class=""weekdays"">Dies</th><th class=""hours"">Hores</th></tr><tr><td class=""timetable-day"" rowspan=1><div>De dilluns a divendres</div></td><td class=""timetable-hour"" rowspan=1><div>de 06:30 h a 23:30 h</div></td></tr><tr><td class=""timetable-day"" rowspan=1><div>dissabtes</div></td><td class=""timetable-hour"" rowspan=1><div>de 08:00 h a 21:00 h</div></td></tr><tr><td class=""timetable-day"" rowspan=1><div>diumenges i festius</div></td><td class=""timetable-hour"" rowspan=1><div>de 09:00 h a 20:00 h</div></td></tr></table>"
﻿98110133629,Piscina Descoberta,95124082948,Centre Esportiu Municipal de Sant Sebastià,1998-04-20T00:00:00+02:00,2026-05-29T11:59:22.829799+02:00,,,700911,Plaça del Mar,1,,03,la Barceloneta,01,Ciutat Vella,08003,Barcelona,True,,200831,20001,Telèfons,Tel.,932210506,True,,432253.3517315788,4580755.282194903,41.3754657408768,2.1898545572534602,"<table class=""timetable-table""><tr class=""timetable-header""><th class=""weekdays"">Dies</th><th class=""hours"">Hores</th><th class=""prices"">Preus</th><th class=""description"">Observacions</th></tr><tr><td class=""timetable-day"" rowspan=1><div>De dilluns a divendres</div></td><td class=""timetable-hour"" rowspan=1><div>de 06.30&nbsp;h a 22.30&nbsp;h</div></td><td class=""timetable-price"" rowspan=3><div>Entrada general: 16.49 € <ul><li>de 0 a 3 anys: 4,69 €</li><li>de 4 a 10 anys: 8.85 €</li><li>d'’11 a 17 anys:16.49 €</li><li>de 18 a 64 anys: 16.49 €</li><li>Més grans de 65 anys i targeta rosa: 11.33 €</li><li>Assegurança d’accidents obligatòria: 0,35 €</li></ul></div></td><td class=""timetable-description"" rowspan=3><div><p style=""margin:0"">La venda d’entrades està subjecta a l’aforament</p><p style=""margin:0"">de la instal·lació-</p><p style=""margin:0"">Els menors de 18 anys han d’anar acompanyats</p><p style=""margin:0""> d’un adult.</p></div></td></tr><tr><td class=""timetable-day"" rowspan=1><div>Dissabte</div></td><td class=""timetable-hour"" rowspan=1><div>de 07.00&nbsp;h a 22.30&nbsp;h</div></td></tr><tr><td class=""timetable-day"" rowspan=1><div><p style=""margin:0"">Diumenge i festius</p><p style=""margin:0"">del 3 de maig al 30 de setembre</p></div></td><td class=""timetable-hour"" rowspan=1><div>de 08.00&nbsp;h a 20.00&nbsp;h</div></td></tr></table>"
﻿92168175394,Centre Esportiu Municipal Trinitat Vella,,,1989-10-26T00:00:00+01:00,2026-07-29T08:51:31.029469+02:00,,,034400,Via de Bàrcino,84,86,57,la Trinitat Vella,09,Sant Andreu,08033,Barcelona,True,,43869,100002,Informació d'interès,E-mail,cemtrinitatvella@asme.cat,True,,432604.00800000003,4589188.63,41.45145178550841,2.193108007408489,"<table class=""timetable-table""><tr class=""timetable-header""><th class=""weekdays"">Dies</th><th class=""hours"">Hores</th></tr><tr><td class=""timetable-day"" rowspan=1><div>De dilluns a divendres</div></td><td class=""timetable-hour"" rowspan=1><div>de 07.00&nbsp;h a 23.00&nbsp;h</div></td></tr><tr><td class=""timetable-day"" rowspan=1><div>Dissabte</div></td><td class=""timetable-hour"" rowspan=1><div>de 08.00&nbsp;h a 20.00&nbsp;h</div></td></tr><tr><td class=""timetable-day"" rowspan=1><div>Diumenge i  festius</div></td><td class=""timetable-hour"" rowspan=1><div>de 08.00&nbsp;h a 14.30&nbsp;h</div></td></tr></table>"
﻿99400766068,La Botiga de la Pepi,,,2025-10-27T10:20:19.285134+01:00,2026-09-17T13:18:23.193786+02:00,,,208806,Carrer del Mercat,4,4,60,Sant Andreu,09,Sant Andreu,08030,Barcelona,True,,,,,,,,,432264.612,4587335.432,41.434732127279254,2.1892528038552714,"<table class=""timetable-table""><tr class=""timetable-header""><th class=""weekdays"">Dies</th><th class=""hours"">Hores</th></tr><tr><td class=""timetable-day"" rowspan=1><div>De dilluns a divendres</div></td><td class=""timetable-hour"" rowspan=1><div>de 10.00&nbsp;h a 13.30&nbsp;h i <br>de 17.00&nbsp;h a 20.30&nbsp;h</div></td></tr><tr><td class=""timetable-day"" rowspan=1><div>Dissabte</div></td><td class=""timetable-hour"" rowspan=1><div>de 10.00&nbsp;h a 13.30&nbsp;h</div></td></tr></table>"
﻿99400766074,La Boutique del Peluquero,,,2025-10-27T10:33:49.713253+01:00,2026-08-31T10:27:55.936290+02:00,,,296202,Carrer Gran de Sant Andreu,237,239,60,Sant Andreu,09,Sant Andreu,08030,Barcelona,True,,693580,20001,Telèfons,Tel.,932 74 40 88,False,,432285.065,4587350.719,41.43487153684361,2.189495876195537,"<table class=""timetable-table""><tr class=""timetable-header""><th class=""weekdays"">Dies</th><th class=""hours"">Hores</th></tr><tr><td class=""timetable-day"" rowspan=1><div>De dilluns a divendres</div></td><td class=""timetable-hour"" rowspan=1><div>de 09.00&nbsp;h a 14.00&nbsp;h i <br>de 16.30&nbsp;h a 20.30&nbsp;h</div></td></tr><tr><td class=""timetable-day"" rowspan=1><div>Dissabte</div></td><td class=""timetable-hour"" rowspan=1><div>de 10.00&nbsp;h a 14.00&nbsp;h</div></td></tr></table>"
﻿99400765478,Espai Veïnal Olzinelles,,,2025-10-13T12:48:38.484564+02:00,2026-09-01T10:45:51.811301+02:00,,,235208,Carrer d'Olzinelles,30,30,18,Sants,03,Sants-Montjuïc,08014,Barcelona,True,,693504,100002,Informació d'interès,E-mail,dte03_espaiveinalolzinelles@bcn.cat,False,,427791.146,4580506.639,41.3728382875641,2.136528708977845,"<table class=""timetable-table""><tr class=""timetable-header""><th class=""period"">Període</th><th class=""weekdays"">Dies</th><th class=""hours"">Hores</th></tr><tr><td class=""timetable-period"" rowspan=1><div><p style=""margin:0"">De setembre a juliol</p></div></td><td class=""timetable-day"" rowspan=1><div>De dilluns a divendres</div></td><td class=""timetable-hour"" rowspan=1><div>de 09.00&nbsp;h a 20.45&nbsp;h</div></td></tr><tr><td class=""timetable-period"" rowspan=1><div><p style=""margin:0"">Agost</p></div></td><td class=""timetable-day"" rowspan=1><div><p style=""margin:0"">Tots els dies&nbsp;</p></div></td><td class=""timetable-hour"" rowspan=1><div><p style=""margin:0"">Tancat</p></div></td></tr></table>"
﻿99400110414,Centre d'Atenció Primària Vallcarca-Sant Gervasi,,,2005-05-10T11:57:39+02:00,2026-05-08T14:12:10.715194+02:00,,,158107,Avinguda de Vallcarca,169,203,28,Vallcarca i els Penitents,06,Gràcia,08023,Barcelona,True,,50375,100002,Informació d'interès,E-mail,contactar@aprimariavsg.com,True,,428285.58,4585270.767,41.41579113273486,2.1418763256666042,"<table class=""timetable-table""><tr class=""timetable-header""><th class=""weekdays"">Dies</th><th class=""hours"">Hores</th><th class=""description"">Observacions</th></tr><tr><td class=""timetable-day"" rowspan=1><div>De dilluns a divendres</div></td><td class=""timetable-hour"" rowspan=1><div>de 08:00 h a 20:00 h</div></td><td class=""timetable-description"" rowspan=2><div><br>Fora d'aquest horari truqueu al 061<br>o CUAP Horta.</div></td></tr><tr><td class=""timetable-day"" rowspan=1><div>Dissabte</div></td><td class=""timetable-hour"" rowspan=1><div>de 09:00 h a 17:00 h</div></td></tr></table>"
﻿99400188956,Biblioteca Sant Antoni - Joan Oliver,,,2007-08-13T12:33:24+02:00,2026-08-31T14:30:32.968353+02:00,,,087009,Carrer del Comte Borrell,44,,10,Sant Antoni,02,Eixample,08015,Barcelona,True,,52601,100002,Informació d'interès,E-mail,b.barcelona.jo@diba.cat,True,,429992.7056655804,4580993.329410549,41.37741627114468,2.1627959464021846,"<table class=""timetable-table""><tr class=""timetable-header""><th class=""period"">Període</th><th class=""weekdays"">Dies</th><th class=""hours"">Hores</th></tr><tr><td class=""timetable-period current"" rowspan=5><div><p style=""margin:0"">Horari habitual </p><p style=""margin:0"">al llarg de l'any</p></div></td><td class=""timetable-day"" rowspan=1><div>Dilluns i divendres</div></td><td class=""timetable-hour"" rowspan=1><div>de 15.30&nbsp;h a 20.00&nbsp;h</div></td></tr><tr><td class=""timetable-day"" rowspan=1><div><p style=""margin:0"">Dimarts i dijous </p><p style=""margin:0"">excepte 23 de juny</p></div></td><td class=""timetable-hour"" rowspan=1><div>de 09.30&nbsp;h a 13.30&nbsp;h i <br>de 15.30&nbsp;h a 20.00&nbsp;h</div></td></tr><tr><td class=""timetable-day"" rowspan=1><div><p style=""margin:0"">Dimarts 23 de juny</p></div></td><td class=""timetable-hour"" rowspan=1><div>de 09.30&nbsp;h a 13.30&nbsp;h</div></td></tr><tr><td class=""timetable-day"" rowspan=1><div>Dimecres</div></td><td class=""timetable-hour"" rowspan=1><div>de 09.30&nbsp;h a 20.00&nbsp;h</div></td></tr><tr><td class=""timetable-day"" rowspan=1><div>Dissabte</div></td><td class=""timetable-hour"" rowspan=1><div>de 10.00&nbsp;h a 14.00&nbsp;h</div></td></tr><tr><td class=""timetable-period"" rowspan=3><div><p style=""margin:0"">Estiu 2026</p><p style=""margin:0"">Del 24 juny al 31 juliol</p></div></td><td class=""timetable-day"" rowspan=1><div>Dilluns i divendres</div></td><td class=""timetable-hour"" rowspan=1><div>de 15.30&nbsp;h a 20.00&nbsp;h</div></td></tr><tr><td class=""timetable-day"" rowspan=1><div>Dimarts i dijous</div></td><td class=""timetable-hour"" rowspan=1><div>de 09.30&nbsp;h a 13.30&nbsp;h i <br>de 15.30&nbsp;h a 20.00&nbsp;h</div></td></tr><tr><td class=""timetable-day"" rowspan=1><div>Dimecres</div></td><td class=""timetable-hour"" rowspan=1><div>de 09.30&nbsp;h a 20.00&nbsp;h</div></td></tr><tr><td class=""timetable-period"" rowspan=1><div>De l'1 agost al 31 agost</div></td><td class=""timetable-day"" rowspan=1><div><p style=""margin:0"">Tots el dies</p></div></td><td class=""timetable-hour"" rowspan=1><div><p style=""margin:0"">Tancada</p></div></td></tr><tr><td class=""timetable-period"" rowspan=3><div>De l'1 setembre al 24 setembre</div></td><td class=""timetable-day"" rowspan=1><div>Dilluns i divendres</div></td><td class=""timetable-hour"" rowspan=1><div>de 15.30&nbsp;h a 20.00&nbsp;h</div></td></tr><tr><td class=""timetable-day"" rowspan=1><div>Dimarts i dijous</div></td><td class=""timetable-hour"" rowspan=1><div>de 09.30&nbsp;h a 13.30&nbsp;h i <br>de 15.30&nbsp;h a 20.00&nbsp;h</div></td></tr><tr><td class=""timetable-day"" rowspan=1><div>Dimecres</div></td><td class=""timetable-hour"" rowspan=1><div>de 09.30&nbsp;h a 20.00&nbsp;h</div></td></tr></table>"
﻿95124132926,Centre Cívic Can Basté,,,1995-05-04T00:00:00+02:00,2026-09-01T07:49:13.393906+02:00,,,119003,Passeig de Fabra i Puig,274,276,46,el Turó de la Peira,08,Nou Barris,08031,Barcelona,True,,45110,100002,Informació d'interès,E-mail,info@canbaste.com,True,,430919.904,4586873.267,41.43045503743151,2.173211965156838,"<table class=""timetable-table""><tr class=""timetable-header""><th class=""period"">Període</th><th class=""weekdays"">Dies</th><th class=""hours"">Hores</th></tr><tr><td class=""timetable-period current"" rowspan=3><div>De l'1 setembre al 31 juliol</div></td><td class=""timetable-day"" rowspan=1><div>Dilluns</div></td><td class=""timetable-hour"" rowspan=1><div>de 16.00&nbsp;h a 21.30&nbsp;h</div></td></tr><tr><td class=""timetable-day"" rowspan=1><div>Dimarts, dimecres, dijous i divendres</div></td><td class=""timetable-hour"" rowspan=1><div>de 09.30&nbsp;h a 14.00&nbsp;h i <br>de 16.00&nbsp;h a 21.30&nbsp;h</div></td></tr><tr><td class=""timetable-day"" rowspan=1><div>Dissabte</div></td><td class=""timetable-hour"" rowspan=1><div>de 10.30&nbsp;h a 14.00&nbsp;h i <br>de 16.30&nbsp;h a 20.00&nbsp;h</div></td></tr><tr><td class=""timetable-period"" rowspan=1><div>De l'1 agost al 31 agost</div></td><td class=""timetable-day"" rowspan=1><div>Tots els dies tancat</div></td><td class=""timetable-hour"" rowspan=1><div><p style=""margin:0"">Tancat</p></div></td></tr></table>"
﻿99400737866,Refugi climàtic,92086003505,Parròquia de Sant Josep Oriol - Basílica,2024-06-12T10:04:33.142152+02:00,2026-01-15T10:35:47.414337+01:00,,,100800,Carrer de la Diputació,141,149,08,l'Antiga Esquerra de l'Eixample,02,Eixample,08011,Barcelona,True,,610319,100003,Informació d'interès,Web,http://www.santjoseporiol.org,True,,429584.116,4581685.885,41.38361823791784,2.157829732352537,"<table class=""timetable-table""><tr class=""timetable-header""><th class=""period"">Període</th><th class=""weekdays"">Dies</th><th class=""hours"">Hores</th></tr><tr><td class=""timetable-period"" rowspan=2><div>De l'1 juny al 30 setembre</div></td><td class=""timetable-day"" rowspan=1><div>De dilluns a dissabte</div></td><td class=""timetable-hour"" rowspan=1><div>de 17.00&nbsp;h a 20.45&nbsp;h</div></td></tr><tr><td class=""timetable-day"" rowspan=1><div>Diumenge</div></td><td class=""timetable-hour"" rowspan=1><div>de 17.30&nbsp;h a 20.45&nbsp;h</div></td></tr></table>"
﻿99400737873,Refugi climàtic,92086004213,Parròquia de la Puríssima Concepció - Basílica,2024-06-12T10:32:14.317293+02:00,2026-01-15T10:33:07.375086+01:00,,,018505,Carrer d'Aragó,299,299,07,la Dreta de l'Eixample,02,Eixample,08009,Barcelona,True,,610343,100003,Informació d'interès,Web,http://www.santjoseporiol.org,True,,430426.567,4582890.751,41.39454337165935,2.167765990759626,"<table class=""timetable-table""><tr class=""timetable-header""><th class=""period"">Període</th><th class=""weekdays"">Dies</th><th class=""hours"">Hores</th></tr><tr><td class=""timetable-period"" rowspan=1><div>De l'1 juny al 30 setembre</div></td><td class=""timetable-day"" rowspan=1><div>Cada dia</div></td><td class=""timetable-hour"" rowspan=1><div>de 07.30&nbsp;h a 13.00&nbsp;h i <br>de 17.30&nbsp;h a 20.30&nbsp;h</div></td></tr></table>"
﻿99400737891,Refugi Climàtic Pati d'Escola Bressol,93113145648,Escola Bressol Municipal Canigó,2024-06-12T11:26:18.012029+02:00,2026-05-13T11:59:33.449352+02:00,,,016408,Carrer dels Àngels,7,,01,el Raval,01,Ciutat Vella,08001,Barcelona,True,,610394,100002,Informació d'interès,E-mail,ebmcanigo@bcn.cat,True,,430416.0554302089,4581567.901889886,41.382627987600735,2.167792220097284,"<table class=""timetable-table""><tr class=""timetable-header""><th class=""period"">Període</th><th class=""weekdays"">Dies</th><th class=""hours"">Hores</th><th class=""prices"">Preus</th></tr><tr><td class=""timetable-period"" rowspan=1><div>De l'1 juny al 12 setembre</div></td><td class=""timetable-day"" rowspan=1><div>Dissabte</div></td><td class=""timetable-hour"" rowspan=1><div>de 10.30&nbsp;h a 13.00&nbsp;h</div></td><td class=""timetable-price"" rowspan=1><div>Entrada Gratuïta</div></td></tr></table>"
﻿99085102712,Parc de Diagonal Mar,,,1999-03-26T00:00:00+01:00,2026-08-25T14:48:07.093408+02:00,,,186703,Carrer de Llull,356,360,69,Diagonal Mar i el Front Marítim del Poblenou,10,Sant Martí,08019,Barcelona,True,,80468,100003,Informació d'interès,Web,https://link.bcn.cat/cPdDM,True,,434157.96080684004,4584404.36848959,41.40849031137141,2.212231951523546,"<table class=""timetable-table""><tr class=""timetable-header""><th class=""period"">Període</th><th class=""weekdays"">Dies</th><th class=""hours"">Hores</th></tr><tr><td class=""timetable-period"" rowspan=1><div><p style=""margin:0"">Horari d’hivern: </p><p style=""margin:0"">de l'1 de novembre al 31 de març</p></div></td><td class=""timetable-day"" rowspan=2><div>Cada dia</div></td><td class=""timetable-hour"" rowspan=1><div>de 09.30&nbsp;h a 19.00&nbsp;h</div></td></tr><tr><td class=""timetable-period current"" rowspan=1><div><p style=""margin:0"">Horari d’estiu: </p><p style=""margin:0"">de l'1 d'abril al 31 d'octubre</p></div></td><td class=""timetable-hour"" rowspan=1><div>de 09.30&nbsp;h a 21.00&nbsp;h</div></td></tr></table>"
﻿99400079710,Casal de Gent Gran d'Horta *Feliu i Codina,,,2004-04-16T13:36:58+02:00,2026-07-28T12:34:08.813798+02:00,,,122303,Carrer de Feliu i Codina,43,43,43,Horta,07,Horta-Guinardó,08031,Barcelona,True,,49832,100002,Informació d'interès,E-mail,cgghorta@bcn.cat,True,,429961.647,4587326.882,41.434457575812424,2.1616916331559097,"<table class=""timetable-table""><tr class=""timetable-header""><th class=""period"">Període</th><th class=""weekdays"">Dies</th><th class=""hours"">Hores</th></tr><tr><td class=""timetable-period current"" rowspan=2><div><p style=""margin:0"">De setembre a juliol</p></div></td><td class=""timetable-day"" rowspan=1><div>De dilluns a divendres</div></td><td class=""timetable-hour"" rowspan=1><div>de 09.00&nbsp;h a 13.30&nbsp;h i <br>de 16.00&nbsp;h a 20.00&nbsp;h</div></td></tr><tr><td class=""timetable-day"" rowspan=1><div>Dissabte</div></td><td class=""timetable-hour"" rowspan=1><div>de 16.00&nbsp;h a 20.00&nbsp;h</div></td></tr><tr><td class=""timetable-period"" rowspan=1><div><p style=""margin:0"">Agost</p></div></td><td class=""timetable-day"" rowspan=1><div>De dilluns a dissabte</div></td><td class=""timetable-hour"" rowspan=1><div>de 16.00&nbsp;h a 20.00&nbsp;h</div></td></tr></table>"
﻿99147085139,Piscines Cobertes,97178123551,Centre Esportiu Municipal Sardenya,1999-05-27T00:00:00+02:00,2026-07-27T12:49:01.976320+02:00,,,076807,Carrer de Sardenya,549,553,32,el Camp d'en Grassot i Gràcia Nova,06,Gràcia,08024,Barcelona,True,,47249,100002,Informació d'interès,E-mail,infosardenya@forus.es,True,,429982.781,4584853.968,41.41218684797987,2.1622308992048866,"<table class=""timetable-table""><tr class=""timetable-header""><th class=""weekdays"">Dies</th><th class=""hours"">Hores</th></tr><tr><td class=""timetable-day"" rowspan=1><div>De dilluns a divendres</div></td><td class=""timetable-hour"" rowspan=1><div>de 07.00&nbsp;h a 23.00&nbsp;h</div></td></tr><tr><td class=""timetable-day"" rowspan=1><div>Dissabte</div></td><td class=""timetable-hour"" rowspan=1><div>de 08.00&nbsp;h a 20.00&nbsp;h</div></td></tr><tr><td class=""timetable-day"" rowspan=1><div>Diumenge</div></td><td class=""timetable-hour"" rowspan=1><div>de 09.00&nbsp;h a 20.00&nbsp;h</div></td></tr><tr><td class=""timetable-day"" rowspan=1><div><p style=""margin:0"">Festius</p></div></td><td class=""timetable-hour"" rowspan=1><div>de 09.00&nbsp;h a 15.00&nbsp;h</div></td></tr></table>"
﻿99106095835,Jardins de Massana,,,1999-04-16T00:00:00+02:00,2026-02-20T08:04:48.934207+01:00,,,121402,Felip II,216,,62,el Congrés i els Indians,09,Sant Andreu,08027,BARCELONA,True,,669656,100097,Variables,Text per a la web de Refugis Climàtics - detalls,<p>Durant episodis d'altes temperatures els espais exteriors poden no oferir el confort tèrmic necessari</p>,False,,431360.3282461378,4586490.116080333,41.42704189433846,2.1785261828350926,
﻿99400180624,Centre Cívic la Marina – Pepita Casanellas,,,2007-04-11T18:12:28+02:00,2026-09-18T09:31:00.155145+02:00,,,701960,Plaça de l'Orgull,1,1,13,la Marina de Port,03,Sants-Montjuïc,08038,Barcelona,False,,712602,100002,Informació d'interès,E-mail,ccpepitacasanellas@cclamarina.cat,False,,427895.61,4579170.721,41.36081551879032,2.137936590838529,"<table class=""timetable-table""><tr class=""timetable-header""><th class=""period"">Període</th><th class=""weekdays"">Dies</th><th class=""hours"">Hores</th></tr><tr><td class=""timetable-period"" rowspan=3><div>De l'1 setembre al 31 juliol</div></td><td class=""timetable-day"" rowspan=1><div><p style=""margin:0"">De dilluns a divendres </p><p style=""margin:0"">excepte dijous 2 d'abril</p></div></td><td class=""timetable-hour"" rowspan=1><div>de 09.30&nbsp;h a 14.00&nbsp;h i <br>de 16.00&nbsp;h a 21.00&nbsp;h</div></td></tr><tr><td class=""timetable-day"" rowspan=1><div><p style=""margin:0"">Dijous 2 d'abril</p></div></td><td class=""timetable-hour"" rowspan=1><div>de 09.30&nbsp;h a 14.00&nbsp;h</div></td></tr><tr><td class=""timetable-day"" rowspan=1><div><p style=""margin:0"">Dissabte </p><p style=""margin:0"">Tancat 4 d'abril</p></div></td><td class=""timetable-hour"" rowspan=1><div>de 09.30&nbsp;h a 14.00&nbsp;h</div></td></tr><tr><td class=""timetable-period"" rowspan=1><div>De l'1 agost al 31 agost</div></td><td class=""timetable-day"" rowspan=1><div>Tots els dies</div></td><td class=""timetable-hour"" rowspan=1><div>Tancat</div></td></tr></table>"
﻿99400036999,Piscines Cobertes,92346132704,Centre Esportiu Municipal Maresme,2003-03-26T13:37:00+01:00,2026-07-27T12:38:44.890821+02:00,,,242906,Carrer de Pallars,484,484,70,el Besòs i el Maresme,10,Sant Martí,08019,Barcelona,True,,205859,20006,Telèfons,Informació,933083553,True,,434308.726,4584926.891,41.41320887379512,2.2139788925517574,"<table class=""timetable-table""><tr class=""timetable-header""><th class=""weekdays"">Dies</th><th class=""hours"">Hores</th><th class=""description"">Observacions</th></tr><tr><td class=""timetable-day"" rowspan=1><div>De dilluns a divendres</div></td><td class=""timetable-hour"" rowspan=1><div>de 07:00 h a 23:00 h</div></td><td class=""timetable-description"" rowspan=3><div><br>Tancat el 25 de desembre i l'1 de gener</div></td></tr><tr><td class=""timetable-day"" rowspan=1><div>dissabtes</div></td><td class=""timetable-hour"" rowspan=1><div>de 09:00 h a 20:00 h</div></td></tr><tr><td class=""timetable-day"" rowspan=1><div>diumenges i festius</div></td><td class=""timetable-hour"" rowspan=1><div>de 09:00 h a 15:00 h</div></td></tr></table>"
﻿97331093926,Piscina Municipal Descoberta de La Clota,92170123435,Centre Esportiu Municipal Olímpics Vall Hebron,1997-11-27T00:00:00+01:00,2026-05-29T11:59:28.377532+02:00,,,700921,Plaça de la Clota,1,4,41,la Vall d'Hebron,07,Horta-Guinardó,08035,Barcelona,True,,46491,100002,Informació d'interès,E-mail,olimpics@egora.cat,True,,428928.372,4586408.37,41.42609415569649,2.149433370399696,"<table class=""timetable-table""><tr class=""timetable-header""><th class=""period"">Període</th><th class=""weekdays"">Dies</th><th class=""hours"">Hores</th><th class=""prices"">Preus</th></tr><tr><td class=""timetable-period"" rowspan=2><div><p style=""margin:0"">Estiu 2026:</p><p style=""margin:0"">Del 20 juny al 30 agost</p></div></td><td class=""timetable-day"" rowspan=1><div>De dilluns a divendres</div></td><td class=""timetable-hour"" rowspan=1><div>d'11.00&nbsp;h a 19.00&nbsp;h</div></td><td class=""timetable-price"" rowspan=2><div>Entrada general: 8.29 € <p style=""margin:0""><span style=""color: inherit;"">Adult (15 a 64 anys) 8.29 €</span></p><p style=""margin:0""><span style=""color: inherit;"">Reduïda (5 -14 anys, + 65 anys i assimilat + 33%) 6.31 €</span></p><p style=""margin:0""><span style=""color: inherit;"">Infants (0 - 4 anys) : entrada gratuïta</span></p></div></td></tr><tr><td class=""timetable-day"" rowspan=1><div>Dissabte i diumenge</div></td><td class=""timetable-hour"" rowspan=1><div>de 10.30&nbsp;h a 19.30&nbsp;h</div></td></tr></table>"
﻿99400147294,El Centre de la Platja,,,2005-11-14T14:48:53+01:00,2026-09-08T10:14:39.598504+02:00,,,197903,Passeig Marítim de la Barceloneta - Oriol Bohigas,25,,03,la Barceloneta,01,Ciutat Vella,08003,Barcelona,True,,51244,100002,Informació d'interès,E-mail,centreplatja@bcn.cat,True,,432698.26666666666,4581562.166668701,41.382770482481085,2.1950849442696727,"<table class=""timetable-table""><tr class=""timetable-header""><th class=""period"">Període</th><th class=""weekdays"">Dies</th><th class=""hours"">Hores</th></tr><tr><td class=""timetable-period"" rowspan=1><div>Del 7 abril al 31 juliol</div></td><td class=""timetable-day"" rowspan=1><div>Dimarts, dimecres, dijous, divendres, dissabte i diumenge</div></td><td class=""timetable-hour"" rowspan=1><div>de 10.00&nbsp;h a 14.00&nbsp;h</div></td></tr><tr><td class=""timetable-period"" rowspan=1><div>De l'1 agost al 31 agost</div></td><td class=""timetable-day"" rowspan=1><div><p style=""margin:0"">Tancat</p></div></td><td class=""timetable-hour"" rowspan=1><div><p style=""margin:0"">Amb activitats puntuals</p></div></td></tr><tr><td class=""timetable-period current"" rowspan=1><div>De l'1 setembre al 31 octubre</div></td><td class=""timetable-day"" rowspan=1><div>Dimarts, dimecres, dijous, divendres, dissabte i diumenge</div></td><td class=""timetable-hour"" rowspan=1><div>de 10.00&nbsp;h a 14.00&nbsp;h</div></td></tr><tr><td class=""timetable-period"" rowspan=1><div>De l'1 novembre al 31 març</div></td><td class=""timetable-day"" rowspan=1><div>Dissabte i diumenge</div></td><td class=""timetable-hour"" rowspan=1><div>de 10.00&nbsp;h a 14.00&nbsp;h</div></td></tr></table>"
﻿98132142540,Copisteria Digicopy Verdaguer,,,1998-05-12T00:00:00+02:00,2026-05-11T13:41:37.319363+02:00,,,145003,Carrer de Girona,119,119,07,la Dreta de l'Eixample,02,Eixample,08009,Barcelona,True,,693902,100002,Informació d'interès,E-mail,digicopysl@gmail.com,False,,430444.268,4583173.071,41.397087664809995,2.1679452790929963,
﻿99400147599,Casa Padellàs.  Museu d'Història de Barcelona,,,2005-11-17T17:29:00+01:00,2026-02-24T12:22:47.775772+01:00,,,355108,Carrer del Veguer,2,,02,el Barri Gòtic,01,Ciutat Vella,08002,Barcelona,True,,50881,100002,Informació d'interès,E-mail,informaciomuseuhistoria@bcn.cat,True,,431256.4172325043,4581703.4087393405,41.38392070170968,2.1778263792249843,"<table class=""timetable-table""><tr class=""timetable-header""><th class=""weekdays"">Dies</th><th class=""hours"">Hores</th></tr><tr><td class=""timetable-day"" rowspan=1><div>Dimarts, dimecres, dijous, divendres i dissabte</div></td><td class=""timetable-hour"" rowspan=1><div>de 10.00&nbsp;h a 19.00&nbsp;h</div></td></tr><tr><td class=""timetable-day"" rowspan=1><div>Diumenge excepte 1 gener, 1 maig, 24 juny i 25 desembre</div></td><td class=""timetable-hour"" rowspan=1><div>de 10.00&nbsp;h a 20.00&nbsp;h</div></td></tr></table>"
﻿99400164786,Piscina Coberta,92086038230,Centre Esportiu Municipal Can Ricart,2006-07-12T13:22:00+02:00,2026-07-27T12:22:41.623385+02:00,,,308301,Carrer de Sant Oleguer,10,,04,"Sant Pere, Santa Caterina i la Ribera",01,Ciutat Vella,08001,Barcelona,True,,51672,100002,Informació d'interès,E-mail,infocanricart@lleuresport.cat,True,,430646.4063194292,4580943.642030315,41.377025357932496,2.170618325416911,"<table class=""timetable-table""><tr class=""timetable-header""><th class=""weekdays"">Dies</th><th class=""hours"">Hores</th></tr><tr><td class=""timetable-day"" rowspan=1><div>De dilluns a divendres</div></td><td class=""timetable-hour"" rowspan=1><div>de 07.00&nbsp;h a 22.00&nbsp;h</div></td></tr><tr><td class=""timetable-day"" rowspan=1><div>Dissabte</div></td><td class=""timetable-hour"" rowspan=1><div>de 09:00 h a 20:00 h</div></td></tr><tr><td class=""timetable-day"" rowspan=1><div>Diumenge i  festius</div></td><td class=""timetable-hour"" rowspan=1><div>de 09.00&nbsp;h a 14.30&nbsp;h</div></td></tr></table>"
﻿97161084732,Casal de Gent Gran Mediterrània,,,1997-06-10T00:00:00+02:00,2026-05-29T14:12:48.915245+02:00,,,088908,Carrer de la Conreria,1,9,03,la Barceloneta,01,Ciutat Vella,08003,Barcelona,True,,46309,100002,Informació d'interès,E-mail,mediterrania@esport3.org,True,,432461.81799999997,4581286.54,41.38026816937647,2.192288054869178,"<table class=""timetable-table""><tr class=""timetable-header""><th class=""period"">Període</th><th class=""weekdays"">Dies</th><th class=""hours"">Hores</th></tr><tr><td class=""timetable-period"" rowspan=2><div><p style=""margin:0"">De setembre a juliol</p></div></td><td class=""timetable-day"" rowspan=1><div>De dilluns a divendres</div></td><td class=""timetable-hour"" rowspan=1><div>de 09.00&nbsp;h a 21.30&nbsp;h</div></td></tr><tr><td class=""timetable-day"" rowspan=1><div>Dissabte</div></td><td class=""timetable-hour"" rowspan=1><div>de 09.30&nbsp;h a 14.30&nbsp;h i <br>de 16.00&nbsp;h a 20.00&nbsp;h</div></td></tr><tr><td class=""timetable-period"" rowspan=1><div><p style=""margin:0"">Agost</p></div></td><td class=""timetable-day"" rowspan=1><div>De dilluns a dissabte</div></td><td class=""timetable-hour"" rowspan=1><div>de 10.00&nbsp;h a 13.00&nbsp;h i <br>de 15.00&nbsp;h a 19.00&nbsp;h</div></td></tr></table>"
﻿98286141841,Centre Cívic Convent de Sant Agustí,,,1998-10-13T00:00:00+02:00,2026-09-01T08:42:06.921797+02:00,,,085400,Carrer del Comerç,36,,04,"Sant Pere, Santa Caterina i la Ribera",01,Ciutat Vella,08003,Barcelona,True,,46593,100002,Informació d'interès,E-mail,informacio@conventagusti.com,True,,431586.1399487076,4582088.723046084,41.38741922402338,2.181725967522791,"<table class=""timetable-table""><tr class=""timetable-header""><th class=""period"">Període</th><th class=""weekdays"">Dies</th><th class=""hours"">Hores</th></tr><tr><td class=""timetable-period"" rowspan=2><div>De l'1 setembre al 31 juliol</div></td><td class=""timetable-day"" rowspan=1><div>De dilluns a divendres</div></td><td class=""timetable-hour"" rowspan=1><div>de 09.00&nbsp;h a 21.00&nbsp;h</div></td></tr><tr><td class=""timetable-day"" rowspan=1><div>Dissabte</div></td><td class=""timetable-hour"" rowspan=1><div>de 09.30&nbsp;h a 14.30&nbsp;h i <br>de 16.00&nbsp;h a 20.00&nbsp;h</div></td></tr><tr><td class=""timetable-period"" rowspan=1><div><p style=""margin:0"">Estiu 2026:</p><p style=""margin:0"">De l'1 agost al 31 agost</p></div></td><td class=""timetable-day"" rowspan=1><div><p style=""margin:0"">Tots els dies</p></div></td><td class=""timetable-hour"" rowspan=1><div><p style=""margin:0"">Tancat</p></div></td></tr></table>"
﻿99400144312,Casal Cívic i Comunitari Barcelona - La Pau,,,2005-10-03T18:45:11+02:00,2026-09-01T10:02:34.661054+02:00,,,700957,Carrer de Pere Vergés,1,1,73,la Verneda i la Pau,10,Sant Martí,08020,Barcelona,False,,51339,100002,Informació d'interès,E-mail,cc.barcelonalapau@gencat.cat,True,,433898.894,4585991.694,41.42276565594044,2.2089591791351286,"<table class=""timetable-table""><tr class=""timetable-header""><th class=""period"">Període</th><th class=""weekdays"">Dies</th><th class=""hours"">Hores</th></tr><tr><td class=""timetable-period"" rowspan=1><div><p style=""margin:0"">De setembre a juliol</p></div></td><td class=""timetable-day"" rowspan=1><div>De dilluns a divendres</div></td><td class=""timetable-hour"" rowspan=1><div>de 09:00 h a 14:00 h i<BR>de 15:00 h a 21:00 h</div></td></tr><tr><td class=""timetable-period"" rowspan=1><div><p style=""margin:0"">Agost</p></div></td><td class=""timetable-day"" rowspan=1><div><p style=""margin:0"">Tancat</p></div></td><td class=""timetable-hour"" rowspan=1><div><p style=""margin:0"">Tancat</p></div></td></tr></table>"
﻿96269141552,Parc de la Barceloneta,,,1996-09-25T00:00:00+02:00,2026-09-18T10:23:11.198910+02:00,,,197903,Passeig Marítim de la Barceloneta - Oriol Bohigas,15,21,03,la Barceloneta,01,Ciutat Vella,08003,Barcelona,True,,79160,100003,Informació d'interès,Web,https://link.bcn.cat/cPdlB,True,,432593.3004536,4581483.70569651,41.38205501687279,2.193838416918405,
﻿95062124013,Casal de Gent Gran Carlit,,,1995-03-03T00:00:00+01:00,2026-09-08T13:46:58.811740+02:00,,,286504,C Roger de Flor,162,,07,la Dreta de l'Eixample,02,Eixample,08013,BARCELONA,True,,45035,100002,Informació d'interès,E-mail,carlit@gentgraneixample.cat,True,,431011.45830649,4583202.787060101,41.39740416859099,2.174726182535123,"<table class=""timetable-table""><tr class=""timetable-header""><th class=""period"">Període</th><th class=""weekdays"">Dies</th><th class=""hours"">Hores</th></tr><tr><td class=""timetable-period"" rowspan=1><div><p style=""margin:0"">De setembre a juliol</p></div></td><td class=""timetable-day"" rowspan=1><div>De dilluns a divendres</div></td><td class=""timetable-hour"" rowspan=1><div>de 09.15&nbsp;h a 13.30&nbsp;h i <br>de 16.30&nbsp;h a 19.30&nbsp;h</div></td></tr><tr><td class=""timetable-period"" rowspan=1><div><p style=""margin:0"">Agost</p></div></td><td class=""timetable-day"" rowspan=1><div>De dilluns a divendres</div></td><td class=""timetable-hour"" rowspan=1><div>de 16.30&nbsp;h a 20.00&nbsp;h</div></td></tr></table>"
﻿99400019598,Biblioteca Ignasi Iglésias - Can Fabra,,,2002-09-26T13:17:26+02:00,2026-07-16T14:56:39.644637+02:00,,,322007,Carrer del Segre,24,,60,Sant Andreu,09,Sant Andreu,08030,Barcelona,True,,394722,100008,Informació d'interès,Instagram,https://www.instagram.com/bibcanfabra,False,,432401.0409789354,4587309.766303442,41.43451246069436,2.190888481599359,"<table class=""timetable-table""><tr class=""timetable-header""><th class=""weekdays"">Dies</th><th class=""hours"">Hores</th></tr><tr><td class=""timetable-day"" rowspan=1><div><p style=""margin:0"">Dilluns, dimecres, dijous i divendres</p><p style=""margin:0""><br></p></div></td><td class=""timetable-hour"" rowspan=1><div>de 09.30&nbsp;h a 20.30&nbsp;h</div></td></tr><tr><td class=""timetable-day"" rowspan=1><div>Dimarts excepte 23 juny</div></td><td class=""timetable-hour"" rowspan=1><div>de 09.30&nbsp;h a 13.30&nbsp;h i <br>de 15.30&nbsp;h a 20.30&nbsp;h</div></td></tr><tr><td class=""timetable-day"" rowspan=1><div><p style=""margin:0"">Dimarts 23 de juny</p></div></td><td class=""timetable-hour"" rowspan=1><div>de 09.30&nbsp;h a 13.30&nbsp;h</div></td></tr><tr><td class=""timetable-day"" rowspan=1><div>Dissabte</div></td><td class=""timetable-hour"" rowspan=1><div>de 10.00&nbsp;h a 14.00&nbsp;h i <br>de 16.00&nbsp;h a 20.00&nbsp;h</div></td></tr><tr><td class=""timetable-day"" rowspan=1><div>Diumenge</div></td><td class=""timetable-hour"" rowspan=1><div>de 10.00&nbsp;h a 14.00&nbsp;h</div></td></tr></table>"
﻿98314113344,Botiga FNAC *La Rambla,,,1998-11-10T00:00:00+01:00,2026-06-11T10:09:51.652361+02:00,,,034308,Carrer la Rambla,131,131,01,el Raval,01,Ciutat Vella,08002,Barcelona,True,,80406,100003,Informació d'interès,Web,https://www.fnac.es/,True,,430600.639,4581844.55,41.38513561455117,2.1699678873633848,"<table class=""timetable-table""><tr class=""timetable-header""><th class=""weekdays"">Dies</th><th class=""hours"">Hores</th><th class=""description"">Observacions</th></tr><tr><td class=""timetable-day"" rowspan=1><div>De dilluns a dissabte</div></td><td class=""timetable-hour"" rowspan=1><div>de 09.30&nbsp;h a 22.00&nbsp;h</div></td><td class=""timetable-description"" rowspan=1><div><p style=""margin:0"">Obert diumenges i festius, de 12 a 20 hores</p><p style=""margin:0""> entre el 15 de maig i el 15 de setembre</p></div></td></tr></table>"
﻿92086034049,Casal de Barri Comunitari Congrés-Indians,,,1991-02-12T00:00:00+01:00,2026-09-29T12:12:04.727340+02:00,,,191907,C Manigua,25,,62,el Congrés i els Indians,09,Sant Andreu,08027,BARCELONA,True,,42966,100002,Informació d'interès,E-mail,infocongresindians@bcn.cat,True,,431433.31260623236,4586153.329377242,41.42401480894652,2.179437759725011,"<table class=""timetable-table""><tr class=""timetable-header""><th class=""period"">Període</th><th class=""weekdays"">Dies</th><th class=""hours"">Hores</th></tr><tr><td class=""timetable-period"" rowspan=1><div>De l'1 setembre al 31 juliol</div></td><td class=""timetable-day"" rowspan=1><div>De dilluns a dissabte</div></td><td class=""timetable-hour"" rowspan=1><div>de 09.30&nbsp;h a 13.30&nbsp;h i <br>de 16.00&nbsp;h a 21.00&nbsp;h</div></td></tr><tr><td class=""timetable-period"" rowspan=1><div>De l'1 agost al 31 agost</div></td><td class=""timetable-day"" rowspan=1><div>De dilluns a divendres</div></td><td class=""timetable-hour"" rowspan=1><div>de 16.00&nbsp;h a 20.00&nbsp;h</div></td></tr></table>"
﻿95125123838,Parc de la Font Florida,,,1995-05-05T00:00:00+02:00,2026-05-05T13:53:28.264507+02:00,,,135101,Carrer de la Font Florida,102,112,14,la Font de la Guatlla,03,Sants-Montjuïc,08004,Barcelona,False,,78471,100003,Informació d'interès,Web,https://link.bcn.cat/cPdlFF,True,,428211.55700000003,4579790.916,41.36642963373265,2.1416401665733376,
﻿99400184358,Casal de Barri Comunitari Can Baró - El Pirineu,,,2007-05-30T13:12:36+02:00,2026-09-29T11:35:53.953458+02:00,,,188902,Carrer de Josep Serrano,59,71,34,Can Baró,07,Horta-Guinardó,08024,Barcelona,True,,52647,100002,Informació d'interès,E-mail,info@canbaro.net,True,,430003.0,4585410.388,41.41720007480037,2.1624084184845085,"<table class=""timetable-table""><tr class=""timetable-header""><th class=""period"">Període</th><th class=""weekdays"">Dies</th><th class=""hours"">Hores</th></tr><tr><td class=""timetable-period"" rowspan=2><div>De l'1 setembre al 31 juliol</div></td><td class=""timetable-day"" rowspan=1><div>De dilluns a divendres</div></td><td class=""timetable-hour"" rowspan=1><div>de 16:30 h a 22:30 h</div></td></tr><tr><td class=""timetable-day"" rowspan=1><div>Dissabte</div></td><td class=""timetable-hour"" rowspan=1><div>de 09:00 h a 14:00 h</div></td></tr><tr><td class=""timetable-period"" rowspan=1><div>De l'1 agost al 31 agost</div></td><td class=""timetable-day"" rowspan=1><div>Tots els dies</div></td><td class=""timetable-hour"" rowspan=1><div>Tancat</div></td></tr></table>"
﻿99400582519,Casal de Barri Comunitari de Trinitat Nova,,,2018-04-09T13:55:57+02:00,2026-09-29T12:12:34.976934+02:00,,,139907,C Garbí,3,,53,la Trinitat Nova,08,Nou Barris,08033,BARCELONA,True,,60368,100002,Informació d'interès,E-mail,cbtrinitatnova@bcn.cat,True,,432137.0621340659,4589328.714587219,41.452674128445565,2.1875023372106566,"<table class=""timetable-table""><tr class=""timetable-header""><th class=""period"">Període</th><th class=""weekdays"">Dies</th><th class=""hours"">Hores</th></tr><tr><td class=""timetable-period"" rowspan=1><div>De l'1 setembre al 31 juliol</div></td><td class=""timetable-day"" rowspan=1><div>De dilluns a divendres</div></td><td class=""timetable-hour"" rowspan=1><div>de 09.00&nbsp;h a 14.00&nbsp;h i <br>de 16.00&nbsp;h a 21.30&nbsp;h</div></td></tr><tr><td class=""timetable-period"" rowspan=1><div>De l'1 agost al 31 agost</div></td><td class=""timetable-day"" rowspan=1><div>Cada dia</div></td><td class=""timetable-hour"" rowspan=1><div>de 10.30&nbsp;h a 14.30&nbsp;h</div></td></tr></table>"
﻿99400006116,Casal de Barri Comunitari Cardener,,,2002-06-12T13:49:41+02:00,2026-09-29T12:29:55.780701+02:00,,,066100,Carrer del Cardener,45,,30,la Salut,06,Gràcia,08024,Barcelona,True,,47638,100002,Informació d'interès,E-mail,info@cardener.cat,True,,429546.2572456499,4584628.288855789,41.41011609494813,2.157034629500613,"<table class=""timetable-table""><tr class=""timetable-header""><th class=""period"">Període</th><th class=""weekdays"">Dies</th><th class=""hours"">Hores</th></tr><tr><td class=""timetable-period current"" rowspan=1><div>de l'1 de setembre<br>al 31 de juliol</div></td><td class=""timetable-day"" rowspan=1><div>De dilluns a divendres</div></td><td class=""timetable-hour"" rowspan=1><div>de 10:00 h a 13:00 h i<BR>de 16:00 h a 20:00 h</div></td></tr><tr><td class=""timetable-period"" rowspan=1><div>de l'1 d'agost<br>al 31 d'agost</div></td><td class=""timetable-day"" rowspan=1><div>Tots els dies</div></td><td class=""timetable-hour"" rowspan=1><div>Tancat</div></td></tr></table>"
﻿97202125642,Jardins Pedro Muñoz Seca,,,1997-07-21T00:00:00+02:00,2026-02-20T08:04:39.462860+01:00,,,025500,Arquitectura,1,,40,Montbau,07,Horta-Guinardó,08035,BARCELONA,True,,669341,100097,Variables,Text per a la web de Refugis Climàtics - detalls,<p> Durant episodis d'altes temperatures els espais exteriors poden no oferir el confort tèrmic necessari</p>,False,,428204.3088599446,4586596.965384154,41.427728364374765,2.140746507324218,
﻿99165122406,Piscina Coberta,93050115049,Centre Esportiu Municipal Vintró - Joan Alentorn,1999-06-14T00:00:00+02:00,2026-07-27T12:51:03.866730+02:00,,,089004,Carrer del Consell de Cent,623,629,65,el Clot,10,Sant Martí,08026,Barcelona,True,,47171,100002,Informació d'interès,E-mail,vintro@asme.cat,True,,431986.521,4584220.93,41.406657337510914,2.186274818237481,"<table class=""timetable-table""><tr class=""timetable-header""><th class=""weekdays"">Dies</th><th class=""hours"">Hores</th><th class=""description"">Observacions</th></tr><tr><td class=""timetable-day"" rowspan=1><div>De dilluns a divendres</div></td><td class=""timetable-hour"" rowspan=1><div>de 07:00 h a 23:00 h</div></td><td class=""timetable-description"" rowspan=3><div><p style=""margin:0"">Els espais esportius tanquen 30 minuts</p><p style=""margin:0"">abans de l’hora de tancament de la instal·lació</p></div></td></tr><tr><td class=""timetable-day"" rowspan=1><div>Dissabte</div></td><td class=""timetable-hour"" rowspan=1><div>de 08:00 h a 20:00 h</div></td></tr><tr><td class=""timetable-day"" rowspan=1><div>Diumenge i  festius</div></td><td class=""timetable-hour"" rowspan=1><div>de 09:00 h a 15:00 h</div></td></tr></table>"
﻿99400037765,Biblioteca El Fort Pienc – Ana María Moix,,,2003-04-11T13:14:01+02:00,2026-08-31T14:04:08.896153+02:00,,,701420,Plaça de Fort Pienc,4,,05,el Fort Pienc,02,Eixample,08007,Barcelona,True,,48413,100002,Informació d'interès,E-mail,b.barcelona.fp@diba.cat,True,,431656.4890808327,4582994.868219327,41.395586587207276,2.182465058010549,"<table class=""timetable-table""><tr class=""timetable-header""><th class=""period"">Període</th><th class=""weekdays"">Dies</th><th class=""hours"">Hores</th></tr><tr><td class=""timetable-period current"" rowspan=5><div><p style=""margin:0"">Horari habitual</p><p style=""margin:0"">al llarg de l'any</p></div></td><td class=""timetable-day"" rowspan=1><div><p style=""margin:0"">Dilluns i Dimecres</p><p style=""margin:0""><br></p></div></td><td class=""timetable-hour"" rowspan=1><div>de 15.30&nbsp;h a 20.00&nbsp;h</div></td></tr><tr><td class=""timetable-day"" rowspan=1><div><p style=""margin:0"">Dimarts i dijous</p><p style=""margin:0"">excepte dimarts 23 juny</p></div></td><td class=""timetable-hour"" rowspan=1><div>de 09.30&nbsp;h a 13.30&nbsp;h i <br>de 15.30&nbsp;h a 20.00&nbsp;h</div></td></tr><tr><td class=""timetable-day"" rowspan=1><div><p style=""margin:0"">Dimarts 23 de juny</p></div></td><td class=""timetable-hour"" rowspan=1><div>de 09.30&nbsp;h a 13.30&nbsp;h</div></td></tr><tr><td class=""timetable-day"" rowspan=1><div>Divendres</div></td><td class=""timetable-hour"" rowspan=1><div>de 09.30&nbsp;h a 20.00&nbsp;h</div></td></tr><tr><td class=""timetable-day"" rowspan=1><div>Dissabte</div></td><td class=""timetable-hour"" rowspan=1><div>de 10.00&nbsp;h a 14.00&nbsp;h</div></td></tr><tr><td class=""timetable-period"" rowspan=3><div><p style=""margin:0"">Estiu 2026</p><p style=""margin:0"">Del 24 juny al 31 juliol</p></div></td><td class=""timetable-day"" rowspan=1><div><p style=""margin:0"">Dilluns i Dimecres</p><p style=""margin:0""><br></p></div></td><td class=""timetable-hour"" rowspan=1><div>de 15.30&nbsp;h a 20.00&nbsp;h</div></td></tr><tr><td class=""timetable-day"" rowspan=1><div>Dimarts i dijous</div></td><td class=""timetable-hour"" rowspan=1><div>de 09.30&nbsp;h a 13.30&nbsp;h i <br>de 15.30&nbsp;h a 20.00&nbsp;h</div></td></tr><tr><td class=""timetable-day"" rowspan=1><div>Divendres</div></td><td class=""timetable-hour"" rowspan=1><div>de 09.30&nbsp;h a 20.00&nbsp;h</div></td></tr><tr><td class=""timetable-period"" rowspan=1><div>De l'1 agost al 31 agost</div></td><td class=""timetable-day"" rowspan=1><div><p style=""margin:0"">Tots els dies</p></div></td><td class=""timetable-hour"" rowspan=1><div><p style=""margin:0"">Tancada</p></div></td></tr><tr><td class=""timetable-period"" rowspan=3><div>De l'1 setembre al 24 setembre</div></td><td class=""timetable-day"" rowspan=1><div><p style=""margin:0"">Dilluns i Dimecres</p><p style=""margin:0""><br></p></div></td><td class=""timetable-hour"" rowspan=1><div>de 15.30&nbsp;h a 20.00&nbsp;h</div></td></tr><tr><td class=""timetable-day"" rowspan=1><div>Dimarts i dijous</div></td><td class=""timetable-hour"" rowspan=1><div>de 09.30&nbsp;h a 13.30&nbsp;h i <br>de 15.30&nbsp;h a 20.00&nbsp;h</div></td></tr><tr><td class=""timetable-day"" rowspan=1><div>Divendres</div></td><td class=""timetable-hour"" rowspan=1><div>de 09.30&nbsp;h a 20.00&nbsp;h</div></td></tr></table>"
﻿99400038461,Casal Cívic i Comunitari Barcelona - Prosperitat,,,2003-04-29T11:30:26+02:00,2026-09-01T09:58:54.536927+02:00,,,351708,Carrer de Pablo Iglesias,8,8,52,la Prosperitat,08,Nou Barris,08016,Barcelona,True,,48577,100002,Informació d'interès,E-mail,barcelonaprosperitat.casal@gencat.cat,True,,431569.692,4588188.129,41.44235313861846,2.1808393206118284,"<table class=""timetable-table""><tr class=""timetable-header""><th class=""period"">Període</th><th class=""weekdays"">Dies</th><th class=""hours"">Hores</th></tr><tr><td class=""timetable-period current"" rowspan=3><div>De l'1 setembre al 31 juliol</div></td><td class=""timetable-day"" rowspan=1><div>De dilluns a divendres</div></td><td class=""timetable-hour"" rowspan=1><div>de 09.00&nbsp;h a 21.00&nbsp;h</div></td></tr><tr><td class=""timetable-day"" rowspan=1><div>Dissabte</div></td><td class=""timetable-hour"" rowspan=1><div>de 10.00&nbsp;h a 15.00&nbsp;h</div></td></tr><tr><td class=""timetable-day"" rowspan=1><div>Diumenge</div></td><td class=""timetable-hour"" rowspan=1><div>de 15.00&nbsp;h a 21.00&nbsp;h</div></td></tr><tr><td class=""timetable-period"" rowspan=1><div>De l'1 agost al 31 agost</div></td><td class=""timetable-day"" rowspan=1><div>Tots els dies tancat</div></td><td class=""timetable-hour"" rowspan=1><div><p style=""margin:0"">Tancat</p></div></td></tr></table>"
﻿95020142037,Centre Cívic  Teixonera,,,1995-01-20T00:00:00+01:00,2026-09-01T08:21:08.794902+02:00,,,022400,Carrer d'Arenys,75,,38,la Teixonera,07,Horta-Guinardó,08035,Barcelona,True,,44953,100002,Informació d'interès,E-mail,ccteixonera@qsl.cat,True,,428518.21093291335,4586031.698959307,41.422665250088244,2.1445697223611813,"<table class=""timetable-table""><tr class=""timetable-header""><th class=""period"">Període</th><th class=""weekdays"">Dies</th><th class=""hours"">Hores</th></tr><tr><td class=""timetable-period current"" rowspan=3><div>De l'1 setembre al 31 juliol</div></td><td class=""timetable-day"" rowspan=1><div>Dilluns, dimecres, dijous i divendres</div></td><td class=""timetable-hour"" rowspan=1><div>de 09.00&nbsp;h a 21.00&nbsp;h</div></td></tr><tr><td class=""timetable-day"" rowspan=1><div>Dimarts</div></td><td class=""timetable-hour"" rowspan=1><div>de 09.00&nbsp;h a 14.00&nbsp;h i <br>de 16.00&nbsp;h a 21.00&nbsp;h</div></td></tr><tr><td class=""timetable-day"" rowspan=1><div><p style=""margin:0"">Dissabte</p><p style=""margin:0"">Tancat 18 i 25 juliol</p><p style=""margin:0""><span class=""ql-cursor"">﻿</span> 5  i 12 setembre</p></div></td><td class=""timetable-hour"" rowspan=1><div>de 10.00&nbsp;h a 14.00&nbsp;h i <br>de 17.00&nbsp;h a 20.00&nbsp;h</div></td></tr><tr><td class=""timetable-period"" rowspan=1><div><p style=""margin:0"">Estiu 2026</p><p style=""margin:0"">De l'1 d'agost al 31 d'agost</p></div></td><td class=""timetable-day"" rowspan=1><div>Tots els dies</div></td><td class=""timetable-hour"" rowspan=1><div>Tancat</div></td></tr></table>"
﻿97302140150,Piscina Esportiva Coberta,95124082948,Centre Esportiu Municipal de Sant Sebastià,1997-10-29T00:00:00+01:00,2026-07-27T13:01:31.195247+02:00,,,700911,Plaça del Mar,1,,03,la Barceloneta,01,Ciutat Vella,08003,Barcelona,True,,734474,100003,Informació d'interès,Web,https://www.cnab.cat/,False,,432253.3517315788,4580755.282194903,41.3754657408768,2.1898545572534602,"<table class=""timetable-table""><tr class=""timetable-header""><th class=""period"">Període</th><th class=""weekdays"">Dies</th><th class=""hours"">Hores</th></tr><tr><td class=""timetable-period"" rowspan=3><div>De l'1 octubre al 30 abril</div></td><td class=""timetable-day"" rowspan=1><div>De dilluns a divendres</div></td><td class=""timetable-hour"" rowspan=1><div>de 06.30&nbsp;h a 23.00&nbsp;h</div></td></tr><tr><td class=""timetable-day"" rowspan=1><div>Dissabte</div></td><td class=""timetable-hour"" rowspan=1><div>de 07.00&nbsp;h a 23.00&nbsp;h</div></td></tr><tr><td class=""timetable-day"" rowspan=1><div>Diumenge i  festius</div></td><td class=""timetable-hour"" rowspan=1><div>de 08.00&nbsp;h a 17.00&nbsp;h</div></td></tr><tr><td class=""timetable-period current"" rowspan=3><div>De l'1 maig al 30 setembre</div></td><td class=""timetable-day"" rowspan=1><div>De dilluns a divendres</div></td><td class=""timetable-hour"" rowspan=1><div>de 06.30&nbsp;h a 23.00&nbsp;h</div></td></tr><tr><td class=""timetable-day"" rowspan=1><div>Dissabte</div></td><td class=""timetable-hour"" rowspan=1><div>de 07.00&nbsp;h a 23.00&nbsp;h</div></td></tr><tr><td class=""timetable-day"" rowspan=1><div>Diumenge i  festius</div></td><td class=""timetable-hour"" rowspan=1><div>de 08.00&nbsp;h a 20.00&nbsp;h</div></td></tr></table>"
﻿94322130925,Centre Cívic Font de la Guatlla,,,1994-11-18T00:00:00+01:00,2026-09-01T08:56:25.020704+02:00,,,273309,Carrer del Rabí Rubèn,22,,14,la Font de la Guatlla,03,Sants-Montjuïc,08004,Barcelona,True,,594050,100002,Informació d'interès,E-mail,admin@fontdelaguatlla.org,False,,428708.30231272907,4580247.651421676,41.370587440986846,2.147525318360155,"<table class=""timetable-table""><tr class=""timetable-header""><th class=""period"">Període</th><th class=""weekdays"">Dies</th><th class=""hours"">Hores</th></tr><tr><td class=""timetable-period"" rowspan=1><div>De l'1 setembre al 31 juliol</div></td><td class=""timetable-day"" rowspan=1><div>De dilluns a divendres</div></td><td class=""timetable-hour"" rowspan=1><div>de 09.00&nbsp;h a 14.00&nbsp;h i <br>de 16.00&nbsp;h a 21.00&nbsp;h</div></td></tr><tr><td class=""timetable-period"" rowspan=1><div>De l'1 agost al 31 agost</div></td><td class=""timetable-day"" rowspan=1><div><p style=""margin:0"">Tots els dies</p></div></td><td class=""timetable-hour"" rowspan=1><div><p style=""margin:0"">Tancat</p></div></td></tr></table>"
﻿99400313145,Centre Cívic Can Verdaguer,,,2013-03-14T14:58:16+01:00,2026-07-29T08:52:13.525303+02:00,,,255500,Carrer de Piferrer,94,,45,Porta,08,Nou Barris,08016,Barcelona,True,,55610,100002,Informació d'interès,E-mail,info@canverdaguer.com,True,,431424.47246389056,4587273.674458581,41.43410459884157,2.1792048887112854,"<table class=""timetable-table""><tr class=""timetable-header""><th class=""period"">Període</th><th class=""weekdays"">Dies</th><th class=""hours"">Hores</th></tr><tr><td class=""timetable-period current"" rowspan=3><div>De l'1 setembre al 31 juliol</div></td><td class=""timetable-day"" rowspan=1><div><p style=""margin:0"">De dilluns a divendres</p><p style=""margin:0"">excepte dimarts 23 de juny</p></div></td><td class=""timetable-hour"" rowspan=1><div>de 09.30&nbsp;h a 14.00&nbsp;h i <br>de 16.00&nbsp;h a 21.30&nbsp;h</div></td></tr><tr><td class=""timetable-day"" rowspan=1><div><p style=""margin:0"">Dimarts 23 de juny</p></div></td><td class=""timetable-hour"" rowspan=1><div>de 09.30&nbsp;h a 14.00&nbsp;h</div></td></tr><tr><td class=""timetable-day"" rowspan=1><div>Dissabte</div></td><td class=""timetable-hour"" rowspan=1><div>de 10.00&nbsp;h a 14.00&nbsp;h i <br>de 16.30&nbsp;h a 21.30&nbsp;h</div></td></tr><tr><td class=""timetable-period"" rowspan=1><div><p style=""margin:0"">Estiu 2026:</p><p style=""margin:0"">De l'1 agost al 31 agost</p></div></td><td class=""timetable-day"" rowspan=1><div>Tots els dies tancat</div></td><td class=""timetable-hour"" rowspan=1><div><p style=""margin:0""><span style=""color: inherit;"">Obert dimarts i dijous de 16 a 21.30 h com</span></p><p style=""margin:0""><span style=""color: inherit;"">Refugi climàtic i programació de concerts al jardí.</span></p></div></td></tr></table>"
﻿95081125600,Jardins de Can Sentmenat,,,1995-03-22T00:00:00+01:00,2026-09-17T13:10:29.329132+02:00,,,058601,C Can Caralleu,6,,23,Sarrià,05,Sarrià-Sant Gervasi,08017,BARCELONA,True,,78438,100003,Informació d'interès,Web,https://link.bcn.cat/cEjdCS,True,,426033.0815436047,4583831.067879802,41.40262028359711,2.115102292721839,
﻿99329085212,Jardins Laribal,,,1999-11-25T00:00:00+01:00,2026-05-26T09:27:52.464606+02:00,,,316809,Pg Santa Madrona,2,,11,el Poble-sec,03,Sants-Montjuïc,08038,BARCELONA,True,,81276,100003,Informació d'interès,Web,https://link.bcn.cat/cEjdL,True,,429622.02648506215,4579965.193371069,41.36812384413011,2.158482875531215,"<table class=""timetable-table""><tr class=""timetable-header""><th class=""period"">Període</th><th class=""weekdays"">Dies</th><th class=""hours"">Hores</th><th class=""description"">Observacions</th></tr><tr><td class=""timetable-period"" rowspan=1><div><p style=""margin:0"">Horari d'hivern</p><p style=""margin:0"">de l'1 de novembre al 31 de març</p></div></td><td class=""timetable-day"" rowspan=2><div>Cada dia</div></td><td class=""timetable-hour"" rowspan=1><div>de 08.00&nbsp;h a 19.00&nbsp;h</div></td><td class=""timetable-description"" rowspan=2><div>Hora de tancament<br>aproximada,en funció de<br> l'horari solar (tanquen<br> quan es fa fosc, al capvespre)</div></td></tr><tr><td class=""timetable-period current"" rowspan=1><div><p style=""margin:0"">Horari d'estiu</p><p style=""margin:0"">de l'1 d'abril al 31 d'octubre</p></div></td><td class=""timetable-hour"" rowspan=1><div>de 08.00&nbsp;h a 21.00&nbsp;h</div></td></tr></table>"
﻿98188181031,Piscina Descoberta,92168175468,Centre Esportiu Municipal Bon Pastor,1998-07-07T00:00:00+02:00,2026-06-11T12:52:30.494914+02:00,,,092971,Carrer de la Costa Daurada,12,,59,el Bon Pastor,09,Sant Andreu,08030,Barcelona,True,,46731,100002,Informació d'interès,E-mail,info@aebonpastor.org,True,,433310.442,4587708.933,41.43818366042073,2.2017282935278715,"<table class=""timetable-table""><tr class=""timetable-header""><th class=""period"">Període</th><th class=""weekdays"">Dies</th><th class=""hours"">Hores</th><th class=""prices"">Preus</th></tr><tr><td class=""timetable-period"" rowspan=2><div><p style=""margin:0"">Estiu 2026</p><p style=""margin:0"">Del 27 juny al 31 juliol</p></div></td><td class=""timetable-day"" rowspan=1><div>De dilluns a divendres</div></td><td class=""timetable-hour"" rowspan=1><div>de 06.30&nbsp;h a 22.00&nbsp;h</div></td><td class=""timetable-price"" rowspan=4><div>Entrada general: 11.05 € <p style=""margin:0"">Entrada adult 11,05€</p><p style=""margin:0"">Entrada infantil  fins a 15 anys o Targeta Rosa 5,88€</p></div></td></tr><tr><td class=""timetable-day"" rowspan=1><div>Dissabte i diumenge i  festius</div></td><td class=""timetable-hour"" rowspan=1><div>de 10.00&nbsp;h a 18.00&nbsp;h</div></td></tr><tr><td class=""timetable-period"" rowspan=2><div>De l'1 agost al 30 agost</div></td><td class=""timetable-day"" rowspan=1><div>De dilluns a divendres</div></td><td class=""timetable-hour"" rowspan=1><div>de 09.00&nbsp;h a 21.00&nbsp;h</div></td></tr><tr><td class=""timetable-day"" rowspan=1><div>Dissabte, diumenge i festius</div></td><td class=""timetable-hour"" rowspan=1><div>de 10.00&nbsp;h a 18.00&nbsp;h</div></td></tr></table>"
﻿97248100532,Parc de Josep Maria Serra Martí,,,1997-09-05T00:00:00+02:00,2026-02-20T08:04:39.088886+01:00,,,700815,C Miguel Hernández,16,,49,Canyelles,08,Nou Barris,08042,BARCELONA,True,,79636,100003,Informació d'interès,Web,https://link.bcn.cat/cEpdJMSM,True,,430326.867910607,4588267.555552975,41.44296160942353,2.1659541496737007,
﻿98293140237,Casal de Gent Gran del Baix Guinardó,,,1998-10-20T00:00:00+02:00,2026-07-29T08:52:23.932758+02:00,,,197302,C Marina,380,,33,el Baix Guinardó,07,Horta-Guinardó,08025,BARCELONA,True,,46718,100002,Informació d'interès,E-mail,cggbaixguinardo@bcn.cat,True,,430424.57471991004,4584602.82928584,41.409963298329394,2.1675453838467686,"<table class=""timetable-table""><tr class=""timetable-header""><th class=""period"">Període</th><th class=""weekdays"">Dies</th><th class=""hours"">Hores</th></tr><tr><td class=""timetable-period current"" rowspan=2><div><p style=""margin:0"">De setembre a juliol</p></div></td><td class=""timetable-day"" rowspan=1><div>De dilluns a divendres</div></td><td class=""timetable-hour"" rowspan=1><div>de 09.30&nbsp;h a 14.00&nbsp;h i <br>de 16.00&nbsp;h a 20.00&nbsp;h</div></td></tr><tr><td class=""timetable-day"" rowspan=1><div>Dissabte</div></td><td class=""timetable-hour"" rowspan=1><div>de 16.30&nbsp;h a 20.30&nbsp;h</div></td></tr><tr><td class=""timetable-period"" rowspan=1><div><p style=""margin:0"">Agost</p></div></td><td class=""timetable-day"" rowspan=1><div>De dilluns a dissabte</div></td><td class=""timetable-hour"" rowspan=1><div>de 16.00&nbsp;h a 20.00&nbsp;h</div></td></tr></table>"
﻿98294161742,Parc Esportiu de Can Dragó,,,1998-10-21T00:00:00+02:00,2026-02-20T08:04:25.318326+01:00,,,289852,C Rosselló i Porcel,7,,45,Porta,08,Nou Barris,08016,BARCELONA,True,,80001,100003,Informació d'interès,Web,https://link.bcn.cat/cPdCD,True,,431757.272178684,4587546.819864842,41.436593069404815,2.183157005742885,"<table class=""timetable-table""><tr class=""timetable-header""><th class=""weekdays"">Dies</th><th class=""hours"">Hores</th></tr><tr><td class=""timetable-day"" rowspan=1><div>Cada dia</div></td><td class=""timetable-hour"" rowspan=1><div>Obert 24 hores</div></td></tr></table>"
﻿99400265137,Casal  Mas Guinardó,,,2011-02-23T14:25:20+01:00,2026-09-29T11:34:53.126843+02:00,,,294808,Plaça de Salvador Riera,2,,35,el Guinardó,07,Horta-Guinardó,08041,Barcelona,True,,55233,100002,Informació d'interès,E-mail,cemasguinardo@qsl.cat,True,,431006.826878907,4585508.345577088,41.418169158350054,2.1744079393214104,"<table class=""timetable-table""><tr class=""timetable-header""><th class=""period"">Període</th><th class=""weekdays"">Dies</th><th class=""hours"">Hores</th></tr><tr><td class=""timetable-period"" rowspan=2><div>De l'1 setembre al 31 juliol</div></td><td class=""timetable-day"" rowspan=1><div>De dilluns a divendres excepte 30 juliol i 31 juliol</div></td><td class=""timetable-hour"" rowspan=1><div>de 09.30&nbsp;h a 21.30&nbsp;h</div></td></tr><tr><td class=""timetable-day"" rowspan=1><div>Dissabte excepte 11 juliol, 18 juliol i 25 juliol</div></td><td class=""timetable-hour"" rowspan=1><div>de 10.00&nbsp;h a 15.00&nbsp;h</div></td></tr><tr><td class=""timetable-period"" rowspan=1><div>De l'1 agost al 31 agost</div></td><td class=""timetable-day"" rowspan=1><div>Tots els dies tancat</div></td><td class=""timetable-hour"" rowspan=1><div><p style=""margin:0"">Tancat</p></div></td></tr></table>"
﻿99400143980,Casal de Barri Comunitari Can Portabella,,,2005-09-30T11:52:52+02:00,2026-09-29T12:05:44.317140+02:00,,,366104,C Virgili,18,,60,Sant Andreu,09,Sant Andreu,08030,BARCELONA,True,,51360,100002,Informació d'interès,E-mail,informacio@canportabella.cat,True,,432650.15068128804,4586709.9311975185,41.4291308751184,2.1939367005254655,"<table class=""timetable-table""><tr class=""timetable-header""><th class=""period"">Període</th><th class=""weekdays"">Dies</th><th class=""hours"">Hores</th><th class=""description"">Observacions</th></tr><tr><td class=""timetable-period"" rowspan=1><div>De l'1 setembre al 31 juliol</div></td><td class=""timetable-day"" rowspan=1><div>De dilluns a divendres</div></td><td class=""timetable-hour"" rowspan=1><div>de 09:00 h a 14:00 h i<BR>de 16:00 h a 21:00 h</div></td><td class=""timetable-description"" rowspan=2><div>Dissabtes segons<br> programació específica</div></td></tr><tr><td class=""timetable-period"" rowspan=1><div>De l'1 agost al 31 agost</div></td><td class=""timetable-day"" rowspan=1><div>Tots els dies tancat</div></td><td class=""timetable-hour"" rowspan=1><div><p style=""margin:0"">Tancat</p></div></td></tr></table>"
﻿99400010089,Biblioteca Collserola - Josep Miracle,,,2002-06-27T14:02:44+02:00,2026-08-31T14:02:12.159948+02:00,,,280803,Carrer d'Elisa Moragas i Badia,16,,22,"Vallvidrera, el Tibidabo i les Planes",05,Sarrià-Sant Gervasi,08017,Barcelona,True,,47368,100002,Informació d'interès,E-mail,b.barcelona.co@diba.cat,True,,424998.27227854927,4585259.518723818,41.41538974314011,2.102546833751382,"<table class=""timetable-table""><tr class=""timetable-header""><th class=""period"">Període</th><th class=""weekdays"">Dies</th><th class=""hours"">Hores</th></tr><tr><td class=""timetable-period current"" rowspan=4><div><p style=""margin:0"">Horari habitual</p><p style=""margin:0"">al llarg de l'any</p></div></td><td class=""timetable-day"" rowspan=1><div><p style=""margin:0"">Dilluns, dimecres, dijous i divendres</p></div></td><td class=""timetable-hour"" rowspan=1><div>de 15.00&nbsp;h a 20.00&nbsp;h</div></td></tr><tr><td class=""timetable-day"" rowspan=1><div>Dimarts excepte 23 juny</div></td><td class=""timetable-hour"" rowspan=1><div>de 09.30&nbsp;h a 13.30&nbsp;h i <br>de 15.00&nbsp;h a 20.00&nbsp;h</div></td></tr><tr><td class=""timetable-day"" rowspan=1><div><p style=""margin:0"">Dimarts 23 de juny</p></div></td><td class=""timetable-hour"" rowspan=1><div>de 09.30&nbsp;h a 13.30&nbsp;h</div></td></tr><tr><td class=""timetable-day"" rowspan=1><div>Dissabte</div></td><td class=""timetable-hour"" rowspan=1><div>de 10.00&nbsp;h a 14.00&nbsp;h</div></td></tr><tr><td class=""timetable-period"" rowspan=2><div><p style=""margin:0"">Estiu 2026</p><p style=""margin:0"">Del 24 juny al 31 juliol</p></div></td><td class=""timetable-day"" rowspan=1><div><p style=""margin:0"">Dilluns, dimecres, dijous i divendres</p></div></td><td class=""timetable-hour"" rowspan=1><div>de 15.00&nbsp;h a 20.00&nbsp;h</div></td></tr><tr><td class=""timetable-day"" rowspan=1><div>Dimarts</div></td><td class=""timetable-hour"" rowspan=1><div>de 09.30&nbsp;h a 13.30&nbsp;h i <br>de 15.00&nbsp;h a 20.00&nbsp;h</div></td></tr><tr><td class=""timetable-period"" rowspan=1><div>De l'1 agost al 31 agost</div></td><td class=""timetable-day"" rowspan=1><div><p style=""margin:0"">Tots els dies</p></div></td><td class=""timetable-hour"" rowspan=1><div><p style=""margin:0"">Tancada</p></div></td></tr><tr><td class=""timetable-period"" rowspan=2><div>De l'1 setembre al 24 setembre</div></td><td class=""timetable-day"" rowspan=1><div><p style=""margin:0"">Dilluns, dimecres, dijous i divendres</p></div></td><td class=""timetable-hour"" rowspan=1><div>de 15.00&nbsp;h a 20.00&nbsp;h</div></td></tr><tr><td class=""timetable-day"" rowspan=1><div>Dimarts</div></td><td class=""timetable-hour"" rowspan=1><div>de 09.30&nbsp;h a 13.30&nbsp;h i <br>de 15.00&nbsp;h a 20.00&nbsp;h</div></td></tr></table>"
﻿99026102727,Casal de Barri Comunitari de Vallbona,,,1999-01-26T00:00:00+01:00,2026-09-29T12:12:41.521865+02:00,,,236506,Carrer d'Oristà,8,10,56,Vallbona,08,Nou Barris,08033,Barcelona,True,,47041,100002,Informació d'interès,E-mail,vallbona@cczonanord.net,True,,431961.826,4590562.883,41.46377496235346,2.1852653960105997,"<table class=""timetable-table""><tr class=""timetable-header""><th class=""period"">Període</th><th class=""weekdays"">Dies</th><th class=""hours"">Hores</th></tr><tr><td class=""timetable-period"" rowspan=3><div>De l'1 setembre al 31 juliol</div></td><td class=""timetable-day"" rowspan=1><div>Dilluns, dimecres i divendres</div></td><td class=""timetable-hour"" rowspan=1><div>de 16.30&nbsp;h a 20.30&nbsp;h</div></td></tr><tr><td class=""timetable-day"" rowspan=1><div>Dimarts i dijous</div></td><td class=""timetable-hour"" rowspan=1><div>de 10.30&nbsp;h a 14.00&nbsp;h i <br>de 16.30&nbsp;h a 20.30&nbsp;h</div></td></tr><tr><td class=""timetable-day"" rowspan=1><div>Dissabte</div></td><td class=""timetable-hour"" rowspan=1><div>de 10.30&nbsp;h a 14.00&nbsp;h</div></td></tr><tr><td class=""timetable-period"" rowspan=1><div>De l'1 agost al 31 agost</div></td><td class=""timetable-day"" rowspan=1><div>Cada dia</div></td><td class=""timetable-hour"" rowspan=1><div>de 16.30&nbsp;h a 20.30&nbsp;h</div></td></tr></table>"
﻿99400143973,Centre Ton i Guida,,,2005-09-30T11:46:29+02:00,2026-09-29T12:18:34.368823+02:00,,,287507,C Romaní,6,,50,les Roquetes,08,Nou Barris,08042,BARCELONA,True,,51269,100002,Informació d'interès,E-mail,hola@toniguida.org,True,,431096.60536491196,4588646.9600155465,41.44644518692781,2.1751243525917228,"<table class=""timetable-table""><tr class=""timetable-header""><th class=""period"">Període</th><th class=""weekdays"">Dies</th><th class=""hours"">Hores</th></tr><tr><td class=""timetable-period"" rowspan=1><div><p style=""margin:0"">De l'1 setembre al 31 juliol</p></div></td><td class=""timetable-day"" rowspan=1><div>de dilluns a divendres</div></td><td class=""timetable-hour"" rowspan=1><div>de 10.00&nbsp;h a 13.00&nbsp;h i <br>de 16.00&nbsp;h a 21.00&nbsp;h</div></td></tr><tr><td class=""timetable-period"" rowspan=1><div>de l'1 d'agost<br>al 31 d'agost</div></td><td class=""timetable-day"" rowspan=1><div>Tots els dies</div></td><td class=""timetable-hour"" rowspan=1><div>Tancat</div></td></tr></table>"
﻿99400647227,Casal de Barri Comunitari Can Carol,,,2020-01-28T19:32:37+01:00,2026-09-29T11:36:01.691517+02:00,,,056402,Carrer de Cambrils,28,28,28,Vallcarca i els Penitents,06,Gràcia,08023,Barcelona,True,,407085,100002,Informació d'interès,E-mail,info@cancarol.cat,False,,428607.482,4584887.074,41.41236403095899,2.1457730218797497,"<table class=""timetable-table""><tr class=""timetable-header""><th class=""period"">Període</th><th class=""weekdays"">Dies</th><th class=""hours"">Hores</th><th class=""description"">Observacions</th></tr><tr><td class=""timetable-period"" rowspan=3><div>De l'1 setembre al 31 juliol</div></td><td class=""timetable-day"" rowspan=1><div>Dilluns</div></td><td class=""timetable-hour"" rowspan=1><div>de 16.00&nbsp;h a 21.00&nbsp;h</div></td><td class=""timetable-description"" rowspan=4><div><p style=""margin:0"">Divendres i dissabtes romandrà obert fins les 22h</p><p style=""margin:0"">si l’activitat cultural ho requereix, en cas contrari es</p><p style=""margin:0"">realitzarà el tancament ordinari a les 21h</p></div></td></tr><tr><td class=""timetable-day"" rowspan=1><div>Dimarts, dimecres, dijous i divendres</div></td><td class=""timetable-hour"" rowspan=1><div>de 10.00&nbsp;h a 13.00&nbsp;h i <br>de 16.00&nbsp;h a 21.00&nbsp;h</div></td></tr><tr><td class=""timetable-day"" rowspan=1><div><p style=""margin:0"">Dissabtes</p></div></td><td class=""timetable-hour"" rowspan=1><div>d'11.00&nbsp;h a 14.00&nbsp;h i <br>de 16.00&nbsp;h a 21.00&nbsp;h</div></td></tr><tr><td class=""timetable-period"" rowspan=1><div>De l'1 agost al 31 agost</div></td><td class=""timetable-day"" rowspan=1><div>Tots els dies tancat</div></td><td class=""timetable-hour"" rowspan=1><div><p style=""margin:0"">Tancat</p></div></td></tr></table>"
﻿99400477380,La Lleialtat Santsenca,,,2017-02-07T17:18:32+01:00,2026-09-29T12:16:01.522534+02:00,,,235208,Carrer d'Olzinelles,31,,18,Sants,03,Sants-Montjuïc,08014,Barcelona,True,,58997,100002,Informació d'interès,E-mail,info@lleialtat.cat,True,,427805.40603670315,4580515.308616876,41.37291765088582,2.1366981790746196,"<table class=""timetable-table""><tr class=""timetable-header""><th class=""period"">Període</th><th class=""weekdays"">Dies</th><th class=""hours"">Hores</th></tr><tr><td class=""timetable-period"" rowspan=2><div>De l'1 setembre al 31 juliol</div></td><td class=""timetable-day"" rowspan=1><div>De dilluns a divendres excepte  festius</div></td><td class=""timetable-hour"" rowspan=1><div>de 10.00&nbsp;h a 21.00&nbsp;h</div></td></tr><tr><td class=""timetable-day"" rowspan=1><div>Dissabte excepte  festius</div></td><td class=""timetable-hour"" rowspan=1><div>de 10.00&nbsp;h a 14.00&nbsp;h i <br>de 16.00&nbsp;h a 21.00&nbsp;h</div></td></tr><tr><td class=""timetable-period"" rowspan=1><div><p style=""margin:0"">Estiu 2026:</p><p style=""margin:0"">De l'1 d'agost al 23 d'agost</p></div></td><td class=""timetable-day"" rowspan=1><div>Tots els dies tancat</div></td><td class=""timetable-hour"" rowspan=1><div><p style=""margin:0"">Tancat</p></div></td></tr></table>"
﻿99400715842,Casal de Barri Comunitari El Maresme,,,2023-06-23T10:13:47.599413+02:00,2026-09-29T12:13:30.313420+02:00,,,270107,Carrer de Puigcerdà,100,102,70,el Besòs i el Maresme,10,Sant Martí,08019,Barcelona,True,,543149,100002,Informació d'interès,E-mail,cbelmaresme@bcn.cat,False,,434104.235,4585008.226,41.41392469582459,2.2115234429679,"<table class=""timetable-table""><tr class=""timetable-header""><th class=""period"">Període</th><th class=""weekdays"">Dies</th><th class=""hours"">Hores</th></tr><tr><td class=""timetable-period"" rowspan=1><div>De l'1 setembre al 31 juliol</div></td><td class=""timetable-day"" rowspan=2><div>De dilluns a divendres</div></td><td class=""timetable-hour"" rowspan=1><div>de 08.00&nbsp;h a 15.00&nbsp;h i <br>de 16.30&nbsp;h a 20.00&nbsp;h</div></td></tr><tr><td class=""timetable-period"" rowspan=1><div>De l'1 agost al 31 agost</div></td><td class=""timetable-hour"" rowspan=1><div>de 14.00&nbsp;h a 19.00&nbsp;h</div></td></tr></table>"
﻿99400271344,Casal de Barri Comunitari del Raval,,,2011-05-25T15:05:02+02:00,2026-09-29T12:12:47.890813+02:00,,,277809,Carrer de la Reina Amàlia,31,,01,el Raval,01,Ciutat Vella,08001,Barcelona,True,,55229,100002,Informació d'interès,E-mail,info@casaldelraval.cat,True,,430363.6660694855,4580940.1240065275,41.376969254254014,2.1672378540759167,"<table class=""timetable-table""><tr class=""timetable-header""><th class=""period"">Període</th><th class=""weekdays"">Dies</th><th class=""hours"">Hores</th></tr><tr><td class=""timetable-period"" rowspan=2><div>De l'1 setembre al 31 juliol</div></td><td class=""timetable-day"" rowspan=1><div>De dilluns a divendres</div></td><td class=""timetable-hour"" rowspan=1><div>de 09.00&nbsp;h a 21.30&nbsp;h</div></td></tr><tr><td class=""timetable-day"" rowspan=1><div>Dissabte</div></td><td class=""timetable-hour"" rowspan=1><div>de 09.30&nbsp;h a 14.00&nbsp;h i <br>de 16.00&nbsp;h a 20.00&nbsp;h</div></td></tr><tr><td class=""timetable-period"" rowspan=1><div>De l'1 agost al 31 agost</div></td><td class=""timetable-day"" rowspan=1><div>Tots els dies tancat</div></td><td class=""timetable-hour"" rowspan=1><div><p style=""margin:0"">Tancat</p></div></td></tr></table>"
﻿99400023006,Casal de Barri Comunitari El Besòs,,,2002-10-18T13:16:00+02:00,2026-09-29T12:13:22.856970+02:00,,,094300,Carrer de Cristóbal de Moura,232,232,70,el Besòs i el Maresme,10,Sant Martí,08019,Barcelona,True,,47746,100002,Informació d'interès,E-mail,cbelbesos@bcn.cat,True,,434368.97,4585343.627,41.416967228497995,2.2146544583271313,"<table class=""timetable-table""><tr class=""timetable-header""><th class=""period"">Període</th><th class=""weekdays"">Dies</th><th class=""hours"">Hores</th></tr><tr><td class=""timetable-period"" rowspan=1><div>De l'1 setembre al 31 juliol</div></td><td class=""timetable-day"" rowspan=1><div>De dilluns a divendres</div></td><td class=""timetable-hour"" rowspan=1><div>de 09.00&nbsp;h a 14.00&nbsp;h i <br>de 16.00&nbsp;h a 20.00&nbsp;h</div></td></tr><tr><td class=""timetable-period"" rowspan=1><div>De l'1 agost al 31 agost</div></td><td class=""timetable-day"" rowspan=1><div>De dilluns a divendres</div></td><td class=""timetable-hour"" rowspan=1><div>de 09.30&nbsp;h a 13.30&nbsp;h</div></td></tr></table>"
﻿99400143974,Casal de Barri Comunitari Torre Baró,,,2005-09-30T11:48:04+02:00,2026-09-29T12:22:33.434438+02:00,,,111908,Avinguda d'Escolapi Càncer,5,,54,Torre Baró,08,Nou Barris,08033,Barcelona,True,,51290,100002,Informació d'interès,E-mail,torrebaro@cczonanord.net,True,,431630.86688088503,4590130.79167699,41.459855155436244,2.1813516060924187,"<table class=""timetable-table""><tr class=""timetable-header""><th class=""period"">Període</th><th class=""weekdays"">Dies</th><th class=""hours"">Hores</th></tr><tr><td class=""timetable-period"" rowspan=1><div>De l'1 setembre al 31 juliol</div></td><td class=""timetable-day"" rowspan=1><div>De dilluns a divendres</div></td><td class=""timetable-hour"" rowspan=1><div>de 09.00&nbsp;h a 14.00&nbsp;h i <br>de 16.00&nbsp;h a 21.00&nbsp;h</div></td></tr><tr><td class=""timetable-period"" rowspan=1><div>De l'1 agost al 31 agost</div></td><td class=""timetable-day"" rowspan=1><div>Tots els dies tancat</div></td><td class=""timetable-hour"" rowspan=1><div><p style=""margin:0"">Tancat</p></div></td></tr></table>"
﻿99400301905,Sala Polivalent de Montbau,,,2012-10-01T12:15:10+02:00,2026-09-29T12:15:31.786502+02:00,,,104458,Carrer de Domènech i Montaner,3,,40,Montbau,07,Horta-Guinardó,08035,Barcelona,True,,55796,100002,Informació d'interès,E-mail,salapolivalent@bcn.cat,True,,428353.9393636479,4586802.9934083065,41.42959732707338,2.142512680988442,"<table class=""timetable-table""><tr class=""timetable-header""><th class=""period"">Període</th><th class=""weekdays"">Dies</th><th class=""hours"">Hores</th></tr><tr><td class=""timetable-period current"" rowspan=2><div><p style=""margin:0"">De setembre a juliol</p></div></td><td class=""timetable-day"" rowspan=1><div>Dilluns, dimecres, dijous i divendres</div></td><td class=""timetable-hour"" rowspan=1><div>de 16.00&nbsp;h a 20.00&nbsp;h</div></td></tr><tr><td class=""timetable-day"" rowspan=1><div>Dimarts</div></td><td class=""timetable-hour"" rowspan=1><div>de 10.00&nbsp;h a 14.00&nbsp;h i <br>de 16.00&nbsp;h a 20.00&nbsp;h</div></td></tr><tr><td class=""timetable-period"" rowspan=1><div><p style=""margin:0"">Agost</p></div></td><td class=""timetable-day"" rowspan=1><div>De dilluns a divendres</div></td><td class=""timetable-hour"" rowspan=1><div>de 16.30&nbsp;h a 20.30&nbsp;h</div></td></tr></table>"
﻿99400370434,Ateneu L'Harmonia,,,2015-02-11T08:05:12+01:00,2026-09-29T11:34:22.584340+02:00,,,295709,Carrer de Sant Adrià,20,,60,Sant Andreu,09,Sant Andreu,08030,Barcelona,True,,56751,100002,Informació d'interès,E-mail,informacio@ateneuharmonia.cat,True,,432395.62904746283,4587230.04407906,41.433793974354174,2.1908326284827284,"<table class=""timetable-table""><tr class=""timetable-header""><th class=""weekdays"">Dies</th><th class=""hours"">Hores</th></tr><tr><td class=""timetable-day"" rowspan=1><div>De dilluns a dissabtes</div></td><td class=""timetable-hour"" rowspan=1><div>de 10.00&nbsp;h a 14.00&nbsp;h i <br>de 16.00&nbsp;h a 21.00&nbsp;h</div></td></tr></table>"
﻿99400143979,Casal de Barri Comunitari La Cosa Nostra,,,2005-09-30T11:51:35+02:00,2026-09-29T12:26:38.376706+02:00,,,367005,C Biure,1,,47,Can Peguera,08,Nou Barris,08031,BARCELONA,True,,51287,100002,Informació d'interès,E-mail,cblacosanostra@gmail.com,True,,430492.20751830377,4587241.156585184,41.43373157668339,2.168051272300547,"<table class=""timetable-table""><tr class=""timetable-header""><th class=""period"">Període</th><th class=""weekdays"">Dies</th><th class=""hours"">Hores</th></tr><tr><td class=""timetable-period"" rowspan=2><div>De l'1 setembre al 31 juliol</div></td><td class=""timetable-day"" rowspan=1><div>Dilluns, dimarts i dijous</div></td><td class=""timetable-hour"" rowspan=1><div>de 16:30 h a 21:00 h</div></td></tr><tr><td class=""timetable-day"" rowspan=1><div>Dimecres i divendres</div></td><td class=""timetable-hour"" rowspan=1><div>de 10:00 h a 13:00 h i<BR>de 16:30 h a 21:00 h</div></td></tr><tr><td class=""timetable-period"" rowspan=1><div>De l'1 agost al 31 agost</div></td><td class=""timetable-day"" rowspan=1><div>Tots els dies tancat</div></td><td class=""timetable-hour"" rowspan=1><div><p style=""margin:0"">Tancat</p></div></td></tr></table>"
﻿99400578431,Ateneu el Poblet,,,2018-02-28T15:45:34+01:00,2026-09-29T11:33:51.793564+02:00,,,225500,Carrer de Nàpols,268,270,06,la Sagrada Família,02,Eixample,08025,Barcelona,True,,60047,100002,Informació d'interès,E-mail,info@ateneuelpoblet.cat,True,,430653.175,4583756.053,41.40235643162047,2.170377283745495,"<table class=""timetable-table""><tr class=""timetable-header""><th class=""period"">Període</th><th class=""weekdays"">Dies</th><th class=""hours"">Hores</th><th class=""description"">Observacions</th></tr><tr><td class=""timetable-period"" rowspan=1><div><p style=""margin:0"">De setembre a juliol</p></div></td><td class=""timetable-day"" rowspan=1><div>De dilluns a divendres</div></td><td class=""timetable-hour"" rowspan=1><div>de 10.00&nbsp;h a 14.00&nbsp;h i <br>de 17.00&nbsp;h a 21.30&nbsp;h</div></td><td class=""timetable-description"" rowspan=1><div><p style=""margin:0"">Dissabtes amb activitat:</p><p style=""margin:0"">horaris variables segons l’activitat</p></div></td></tr><tr><td class=""timetable-period"" rowspan=1><div><p style=""margin:0"">Agost</p></div></td><td class=""timetable-day"" rowspan=1><div>Tots els dies tancat</div></td><td  rowspan=1><div></div></td><td  rowspan=1><div></div></td></tr></table>"
﻿99400246329,Casal de Barri Comunitari Verdun,,,2010-05-04T12:12:33+02:00,2026-09-29T12:20:47.579124+02:00,,,701157,Carrer de Luz Casanova,4,6,51,Verdun,08,Nou Barris,08042,Barcelona,True,,54886,100002,Informació d'interès,E-mail,casaldebarriverdun@casaldebarriverdun.cat,True,,431081.76756789454,4588358.410822659,41.44384506469325,2.174979662227258,"<table class=""timetable-table""><tr class=""timetable-header""><th class=""period"">Període</th><th class=""weekdays"">Dies</th><th class=""hours"">Hores</th></tr><tr><td class=""timetable-period"" rowspan=1><div>De l'1 setembre al 31 juliol</div></td><td class=""timetable-day"" rowspan=1><div>De dilluns a divendres</div></td><td class=""timetable-hour"" rowspan=1><div>de 09.00&nbsp;h a 14.00&nbsp;h i <br>de 16.00&nbsp;h a 21.00&nbsp;h</div></td></tr><tr><td class=""timetable-period"" rowspan=1><div>De l'1 agost al 31 agost</div></td><td class=""timetable-day"" rowspan=1><div>De dilluns a divendres</div></td><td class=""timetable-hour"" rowspan=1><div>de 09.30&nbsp;h a 14.00&nbsp;h</div></td></tr></table>"
﻿99400637478,Casal de Barri ComunitariTransformadors,,,2019-09-23T14:07:17+02:00,2026-09-29T12:21:23.076096+02:00,,,028305,Carrer d'Ausiàs Marc,60,,05,el Fort Pienc,02,Eixample,08010,Barcelona,True,,62471,100002,Informació d'interès,E-mail,casaltransformadors@gmail.com,True,,431331.53628616966,4582762.059424705,41.39346206793516,2.178604706991611,"<table class=""timetable-table""><tr class=""timetable-header""><th class=""period"">Període</th><th class=""weekdays"">Dies</th><th class=""hours"">Hores</th></tr><tr><td class=""timetable-period"" rowspan=1><div>De l'1 setembre al 31 juliol</div></td><td class=""timetable-day"" rowspan=1><div>De dilluns a divendres</div></td><td class=""timetable-hour"" rowspan=1><div>de 16.30&nbsp;h a 21.00&nbsp;h</div></td></tr><tr><td class=""timetable-period"" rowspan=1><div><p style=""margin:0"">Estiu 2025</p><p style=""margin:0"">De l'1 agost al 31 agost</p></div></td><td class=""timetable-day"" rowspan=1><div>Tots els dies tancat</div></td><td class=""timetable-hour"" rowspan=1><div><p style=""margin:0"">Tancat</p></div></td></tr></table>"
﻿99400618157,Casal de Barri Comunitari La Barraca del Carmel,,,2019-01-11T14:10:33+01:00,2026-09-29T12:27:04.965167+02:00,,,185700,Carrer del Llobregós,107,113,37,el Carmel,07,Horta-Guinardó,08032,Barcelona,True,,411565,100002,Informació d'interès,E-mail,info@casalcarmel.cat,False,,429589.571,4586264.062,41.424852657837064,2.157362406279243,"<table class=""timetable-table""><tr class=""timetable-header""><th class=""period"">Període</th><th class=""weekdays"">Dies</th><th class=""hours"">Hores</th></tr><tr><td class=""timetable-period"" rowspan=1><div><p style=""margin:0"">De&nbsp;setembre&nbsp;a&nbsp;juliol</p></div></td><td class=""timetable-day"" rowspan=1><div>De dilluns a divendres</div></td><td class=""timetable-hour"" rowspan=1><div>de 09.00&nbsp;h a 14.00&nbsp;h i <br>de 15.00&nbsp;h a 21.30&nbsp;h</div></td></tr><tr><td class=""timetable-period"" rowspan=1><div><p style=""margin:0"">Agost</p></div></td><td class=""timetable-day"" rowspan=1><div>De dilluns a divendres</div></td><td class=""timetable-hour"" rowspan=1><div>de 17.00&nbsp;h a 21.00&nbsp;h</div></td></tr></table>"
﻿99400579089,Casal de Barri Comunitari La Llacuna,,,2018-03-08T08:47:05+01:00,2026-09-29T12:26:09.700391+02:00,,,044403,Carrer de Bolívia,49,49,66,el Parc i la Llacuna del Poblenou,10,Sant Martí,08018,Barcelona,True,,59967,100002,Informació d'interès,E-mail,cblallacuna@bcn.cat,True,,432349.452,4583794.518,41.40284739623899,2.190664231327776,"<table class=""timetable-table""><tr class=""timetable-header""><th class=""period"">Període</th><th class=""weekdays"">Dies</th><th class=""hours"">Hores</th></tr><tr><td class=""timetable-period"" rowspan=1><div>De l'1 setembre al 31 juliol</div></td><td class=""timetable-day"" rowspan=1><div>De dilluns a divendres</div></td><td class=""timetable-hour"" rowspan=1><div>de 10.00&nbsp;h a 14.00&nbsp;h i <br>de 16.00&nbsp;h a 20.00&nbsp;h</div></td></tr><tr><td class=""timetable-period"" rowspan=1><div>De l'1 agost al 31 agost</div></td><td class=""timetable-day"" rowspan=1><div>Tots els dies tancat</div></td><td class=""timetable-hour"" rowspan=1><div><p style=""margin:0"">Tancat</p></div></td></tr></table>"
﻿99400234295,Casal de Barri Comunitari Can Travi de la Vall d'Hebron,,,2009-10-22T14:30:50+02:00,2026-09-29T12:29:31.790256+02:00,,,700827,Av Cardenal Vidal Barraquer,45,,41,la Vall d'Hebron,07,Horta-Guinardó,08000,BARCELONA,True,,54498,100002,Informació d'interès,E-mail,info@casalcantravi.cat,True,,429107.770970892,4587162.956059859,41.43290624371183,2.1514916527557846,"<table class=""timetable-table""><tr class=""timetable-header""><th class=""period"">Període</th><th class=""weekdays"">Dies</th><th class=""hours"">Hores</th></tr><tr><td class=""timetable-period current"" rowspan=1><div><p style=""margin:0"">De setembre a juliol</p></div></td><td class=""timetable-day"" rowspan=1><div>De dilluns a divendres</div></td><td class=""timetable-hour"" rowspan=1><div>de 10.00&nbsp;h a 14.00&nbsp;h i <br>de 16.00&nbsp;h a 21.00&nbsp;h</div></td></tr><tr><td class=""timetable-period"" rowspan=1><div><p style=""margin:0"">Agost</p></div></td><td class=""timetable-day"" rowspan=1><div><p style=""margin:0"">Tots els dies</p></div></td><td class=""timetable-hour"" rowspan=1><div><p style=""margin:0"">Tancat</p></div></td></tr></table>"
﻿99400201447,Casal de Barri Comunitari Espai Antoni Miró Peris,,,2008-03-03T13:30:02+01:00,2026-09-29T12:14:02.173191+02:00,,,701506,Plaça de Carme Montoriol,10,10,64,el Camp de l'Arpa del Clot,10,Sant Martí,08026,Barcelona,True,,53274,100002,Informació d'interès,E-mail,cbeamp@bcn.cat,True,,431847.499,4584910.161,41.41285324745109,2.184534069989409,"<table class=""timetable-table""><tr class=""timetable-header""><th class=""period"">Període</th><th class=""weekdays"">Dies</th><th class=""hours"">Hores</th></tr><tr><td class=""timetable-period"" rowspan=1><div><p style=""margin:0"">De setembre al juliol </p></div></td><td class=""timetable-day"" rowspan=1><div>De dilluns a divendres</div></td><td class=""timetable-hour"" rowspan=1><div>de 10.00&nbsp;h a 13.30&nbsp;h i <br>de 16.00&nbsp;h a 20.00&nbsp;h</div></td></tr><tr><td class=""timetable-period"" rowspan=1><div><p style=""margin:0"">Agost</p></div></td><td class=""timetable-day"" rowspan=1><div><p style=""margin:0"">Tancat</p></div></td><td class=""timetable-hour"" rowspan=1><div><p style=""margin:0"">.</p></div></td></tr></table>"
﻿92086025446,Casal de Barri Comunitari de Prosperitat,,,1988-02-08T00:00:00+01:00,2026-09-29T12:12:27.988088+02:00,,,016350,Pl Àngel Pestaña,1,,52,la Prosperitat,08,Nou Barris,08016,BARCELONA,True,,41509,100002,Informació d'interès,E-mail,info@casalprospe.org,True,,431492.78962916165,4588117.760249956,41.44171279566282,2.179926813319305,"<table class=""timetable-table""><tr class=""timetable-header""><th class=""period"">Període</th><th class=""weekdays"">Dies</th><th class=""hours"">Hores</th></tr><tr><td class=""timetable-period"" rowspan=2><div>De l'1 setembre al 31 juliol</div></td><td class=""timetable-day"" rowspan=1><div>De dilluns a dijous</div></td><td class=""timetable-hour"" rowspan=1><div>de 09:00 h a 14:00 h i<BR>de 17:00 h a 22:00 h</div></td></tr><tr><td class=""timetable-day"" rowspan=1><div>Divendres i dissabte</div></td><td class=""timetable-hour"" rowspan=1><div>de 09.00&nbsp;h a 14.00&nbsp;h i <br>de 17.00&nbsp;h a 00.00&nbsp;h</div></td></tr><tr><td class=""timetable-period"" rowspan=1><div><p style=""margin:0"">Estiu 2025</p><p style=""margin:0"">De l'1 agost al 31 agost</p></div></td><td class=""timetable-day"" rowspan=1><div>Tots els dies tancat</div></td><td class=""timetable-hour"" rowspan=1><div><p style=""margin:0"">Tancat</p></div></td></tr></table>"
﻿92086003483,Casal de Barri Comunitari Font d'en Fargues,,,1991-05-03T00:00:00+02:00,2026-09-29T12:27:33.205621+02:00,,,248800,Carrer de Pedrell,67,69,36,la Font d'en Fargues,07,Horta-Guinardó,08032,Barcelona,True,,40015,100002,Informació d'interès,E-mail,info@casalfontdenfargues.cat,True,,430245.269,4586196.759,41.42430368720732,2.165216440288791,"<table class=""timetable-table""><tr class=""timetable-header""><th class=""period"">Període</th><th class=""weekdays"">Dies</th><th class=""hours"">Hores</th><th class=""description"">Observacions</th></tr><tr><td class=""timetable-period"" rowspan=1><div>De l'1 setembre al 19 juliol</div></td><td class=""timetable-day"" rowspan=2><div>De dilluns a divendres</div></td><td class=""timetable-hour"" rowspan=1><div>de 09.00&nbsp;h a 20.00&nbsp;h</div></td><td class=""timetable-description"" rowspan=3><div>Dissabtes obert en funció<br>de la programació cultural</div></td></tr><tr><td class=""timetable-period"" rowspan=1><div>Del 20 juliol al 26 juliol</div></td><td class=""timetable-hour"" rowspan=1><div>de 09.00&nbsp;h a 14.00&nbsp;h</div></td></tr><tr><td class=""timetable-period"" rowspan=1><div>Del 27 juliol al 31 agost</div></td><td class=""timetable-day"" rowspan=1><div><p style=""margin:0"">Tots els dies</p></div></td><td class=""timetable-hour"" rowspan=1><div>Tancat</div></td></tr></table>"
﻿99400549439,Casal de Barri Comunitari Torre de la Sagrera,,,2017-10-24T09:37:12+02:00,2026-09-29T12:22:02.812246+02:00,,,039709,Carrer de Berenguer de Palou,64,66,61,la Sagrera,09,Sant Andreu,08027,Barcelona,True,,59815,100002,Informació d'interès,E-mail,info@torrelasagrera.cat,True,,432477.021,4586109.302,41.42370666953315,2.1919319086681814,"<table class=""timetable-table""><tr class=""timetable-header""><th class=""period"">Període</th><th class=""weekdays"">Dies</th><th class=""hours"">Hores</th></tr><tr><td class=""timetable-period"" rowspan=1><div>Del 25 setembre al 23 juny</div></td><td class=""timetable-day"" rowspan=1><div>De dilluns a dissabtes</div></td><td class=""timetable-hour"" rowspan=1><div>de 09.30&nbsp;h a 14.00&nbsp;h i <br>de 16.00&nbsp;h a 21.00&nbsp;h</div></td></tr><tr><td class=""timetable-period"" rowspan=1><div>Del 24 juny al 31 juliol</div></td><td class=""timetable-day"" rowspan=1><div>De dilluns a divendres</div></td><td class=""timetable-hour"" rowspan=1><div>de 16.30&nbsp;h a 21.00&nbsp;h</div></td></tr><tr><td class=""timetable-period"" rowspan=1><div>De l'1 agost al 31 agost</div></td><td class=""timetable-day"" rowspan=1><div>Tots els dies tancat</div></td><td class=""timetable-hour"" rowspan=1><div><p style=""margin:0"">Tancat</p></div></td></tr><tr><td class=""timetable-period"" rowspan=1><div>De l'1 setembre al 24 setembre</div></td><td class=""timetable-day"" rowspan=1><div>De dilluns a divendres</div></td><td class=""timetable-hour"" rowspan=1><div>de 09.30&nbsp;h a 14.00&nbsp;h i <br>de 16.00&nbsp;h a 21.00&nbsp;h</div></td></tr></table>"
﻿1242142943,Biblioteca El Poble-sec – Francesc Boix,,,2001-08-30T00:00:00+02:00,2026-09-29T13:15:11.210502+02:00,,,043400,Carrer de Blai,34,,11,el Poble-sec,03,Sants-Montjuïc,08004,Barcelona,True,,33798,100002,Informació d'interès,E-mail,b.barcelona.ps@diba.cat,True,,430093.26976782805,4580607.877194091,41.37395336575018,2.1640429039491607,"<table class=""timetable-table""><tr class=""timetable-header""><th class=""period"">Període</th><th class=""weekdays"">Dies</th><th class=""hours"">Hores</th></tr><tr><td class=""timetable-period current"" rowspan=5><div><p style=""margin:0"">Horari habitual</p><p style=""margin:0"">al llarg de l'any</p></div></td><td class=""timetable-day"" rowspan=1><div>Dilluns i divendres</div></td><td class=""timetable-hour"" rowspan=1><div>de 15.00&nbsp;h a 20.00&nbsp;h</div></td></tr><tr><td class=""timetable-day"" rowspan=1><div><p style=""margin:0"">Dimarts i dijous </p><p style=""margin:0"">excepte dimarts 23 juny</p></div></td><td class=""timetable-hour"" rowspan=1><div>de 09.30&nbsp;h a 13.30&nbsp;h i <br>de 15.00&nbsp;h a 20.00&nbsp;h</div></td></tr><tr><td class=""timetable-day"" rowspan=1><div><p style=""margin:0"">Dimarts 23 de juny</p></div></td><td class=""timetable-hour"" rowspan=1><div>de 09.30&nbsp;h a 13.30&nbsp;h</div></td></tr><tr><td class=""timetable-day"" rowspan=1><div>Dimecres</div></td><td class=""timetable-hour"" rowspan=1><div>de 09.30&nbsp;h a 20.00&nbsp;h</div></td></tr><tr><td class=""timetable-day"" rowspan=1><div>Dissabte</div></td><td class=""timetable-hour"" rowspan=1><div>de 10.00&nbsp;h a 14.00&nbsp;h</div></td></tr><tr><td class=""timetable-period"" rowspan=3><div><p style=""margin:0"">Estiu 2026</p><p style=""margin:0"">Del 24 juny al 31 juliol</p></div></td><td class=""timetable-day"" rowspan=1><div>Dilluns i divendres</div></td><td class=""timetable-hour"" rowspan=1><div>de 15.00&nbsp;h a 20.00&nbsp;h</div></td></tr><tr><td class=""timetable-day"" rowspan=1><div>Dimarts i dijous</div></td><td class=""timetable-hour"" rowspan=1><div>de 09.30&nbsp;h a 13.30&nbsp;h i <br>de 15.00&nbsp;h a 20.00&nbsp;h</div></td></tr><tr><td class=""timetable-day"" rowspan=1><div>Dimecres</div></td><td class=""timetable-hour"" rowspan=1><div>de 09.30&nbsp;h a 20.00&nbsp;h</div></td></tr><tr><td class=""timetable-period"" rowspan=1><div>De l'1 agost al 31 agost</div></td><td class=""timetable-day"" rowspan=1><div><p style=""margin:0"">Tancada</p></div></td><td  rowspan=1><div></div></td></tr><tr><td class=""timetable-period"" rowspan=3><div>De l'1 setembre al 24 setembre</div></td><td class=""timetable-day"" rowspan=1><div>Dilluns i divendres</div></td><td class=""timetable-hour"" rowspan=1><div>de 15.00&nbsp;h a 20.00&nbsp;h</div></td></tr><tr><td class=""timetable-day"" rowspan=1><div>Dimarts i dijous</div></td><td class=""timetable-hour"" rowspan=1><div>de 09.30&nbsp;h a 13.30&nbsp;h i <br>de 15.00&nbsp;h a 20.00&nbsp;h</div></td></tr><tr><td class=""timetable-day"" rowspan=1><div>Dimecres</div></td><td class=""timetable-hour"" rowspan=1><div>de 09.30&nbsp;h a 20.00&nbsp;h</div></td></tr></table>"
